name,address
СИЗО-1 Кресты Колпино,"Санкт-Петербург и ЛО, г. Колпино ул. Колпинская д. 9 Сизо-1"
СИЗО-6 Москва Печатники,"г. Москва, ул. Шоссейная д. 92"
СИЗО-7 Капотня,"г. Москва, ул. Верхние Поля д. 57"
СИЗО-4 Медведь,"г. Москва, ул. Вилюйская д. 4"
СИЗО-1 Матросская тишина,"г. Москва, ул. Матросская Тишина д. 18, СИЗО-1"
СИЗО-2 Бутырка,"г. Москва, ул. Новослободская д. 45"
СИЗО-1 Тверь,"г. Тверь, ул. Вагжанова д. 141"
СИЗО-5 Водник,"г. Москва, ул. Выборгская д. 20 СИЗО-5"
СИЗО-2 Новокузнецк,"г. Новокузнецк, ул. Полосухина д. 3"
СИЗО-6 Горелово,"Санкт-Петербург и ЛО, Ломоносовский р-н поселение, ул. Заречная д. 22 СИЗО-6"
СИЗО-1 Екатеринбург,"г. Екатеринбург, ул. Репина д. 4, СИЗО-1"
СИЗО-1 Красноярск,"г. Красноярск, ул. Республики д. 72 СИЗО-1"
СИЗО-1 Новосибирск,"г. Новосибирск, ул. Караваева д. 1"
СИЗО-6 Коломна,"г. Коломна, ул. Гражданская д. 112"
СИЗО-5 Арсеналка,"г. Санкт- Петербург, ул. Арсенальная д. 11 СИЗО-5"
СИЗО-11 Ногинск,"г. Ногинск, ул. Ревсобраний д.17"
СИЗО-2 Лефортово ФСИН России,"г. Москва, Лефортовский вал д. 5"
СИЗО-3 Пресня,"г. Москва, 1-й Силикатный проезд д. 11, к. 1"
СИЗО-1  Курск,"г. Курск, ул. Пирогова д. 1"
СИЗО-1 Омск,"г. Омск, ул. Орджоникидзе д. 86 СИЗО-1"
СИЗО-12 Зеленоград,"г. Зеленоград, ул. Панфилова д. 21"
ИК-6 Коломна,"г. Коломна,  мкр. Колычево, Колычевский проезд д. 6"
СИЗО-2 Волоколамск,"г. Волоколамск, ул. Горвал д. 6"
СИЗО-1 Тюмень,"г. Тюмень, ул. Ялуторовская д. 42"
СИЗО-1 Краснодар,"г. Краснодар, ул. Воронежская д. 42"
ИК-4 Форносово,"Ленинградская область, Тосненский р-н, Форносово пгт, ул.Дальняя, д.3"
СИЗО-1 Ярославль,"г. Ярославль, ул. Портовая набережная д.10 СИЗО-1"
ИК-5  Кирово- Чепецк,"г. Кирово- Чепецк, ул. Овражная д. 16"
ИК-7 Яблоневка,"Санкт-Петербург и ЛО, г. Санкт- Петербург ул. Латышских Стрелков д. 22, ИК-7"
ИК-5 Металлострой,"Санкт- Петербург, пос. Металлострой, ул. Северный проезд д. 1 ИК-5"
СИЗО-1 Уфа,"г. Уфа, ул. Достоевского, д. 39"
КП-13 Тагара,"Кежемский р- н, пос. Тагара"
СИЗО-1 Томск,"г. Томск, ул. Пушкина д. 48"
ИК-1 Новое Гришино,"Дмитровский р- н, п. Новое Гришино"
СИЗО-1 Саратов,"г. Саратов, ул. Кутякова д.105"
СИЗО-6 Сосновоборск,"г. Сосновоборск, Производственная зона корпус № 1 СИЗО-6"
ИК-12 Каменск-Шахтинский,"г. Каменск- Шахтинский, ул. Морская д. 94"
СИЗО-1 Иваново,"г. Иваново, ул. Болотная д. 2"
СИЗО-1 Нижний Новгород,"г. Нижний Новгород, проспект Гагарина д. 26"
СИЗО-4 Белая гора,"г. Архангельск, ул. Силикатчиков, д. 20"
СИЗО-3 Серпухов,"г. Серпухов, ул. Калужская д. 50/7"
СИЗО-3 Новочеркасск,"г. Новочеркасск, ул. Украинскаяд. д 1"
ИК-3 Форносово,"Санкт-Петербург и ЛО, Ленинградская область район, пос. Форносоо, ул. Дальная, д.1 ИК-3"
ИК-5 Можайск,"Можайский р-н, пос. имени Дзержинского д.1"
ИК-18 Полярная Сова,"Приуральский р- н, п. Харп"
СИЗО-10 Можайск,"г. Можайск, пос. имени Дзержинского"
ИК-6 Обухово,"Санкт-Петербург, ул. Грузовой проезд д. 7 ИК-6"
КТБ-1 Красноярск,"г. Красноярск, ул. Маерчака д. 48"
ИК-1 Тверь,"г. Тверь, пос. Большие Перемерки д. 18"
ИК-13 Красная утка,"г. Нижний Тагил, ул. Кулибина д. 61"
СИЗО-2 Пятигорск,"г. Пятигорск, ул. Теплосерная д. 123"
ИК-6 Черный дельфин,"г. Соль- Илецк, ул. Советская д. 6"
ИК-2 Ульяновка,"Санкт-Петербург и ЛО, Тосненcкий район, пос. Ульяновка, ул. Ульяновское шоссе д. 76 ИК-2"
ИК-42 Октябрьский,"Богучанский р- н, пос. Октябрьский, ул. Победы д. 34"
СИЗО-4 Тольятти,"г. Тольятти- 23, ул. Хрящевское шоссе д. 3"
СИЗО-1 Воронеж,"г. Воронеж, ул. Желябова д. 56"
СИЗО-1 Нижневартовск,"г. Нижневартовск, пер. Клубный д. 145"
СИЗО-3 Выборг,"Санкт-Петербург и ЛО, Ленинградская область г. Выборг ул. Резервная д. 2 А СИ-3"
СИЗО-3 Белгород,"г. Белгород, ул. Константина Заслонова д.169 А"
СИЗО-1 Симферополь,"г. Симферополь, ул. Бульвар Ленина д. 4"
СИЗО-3 Кольчугино,"г. Кольчугино, п. Труда д.1"
СИЗО-1 Ногинск,"г. Ногинск, ул. Толстовская д. 5"
СИЗО-3 Новороссийск,"г. Новороссийск, ул. Пархоменко д. 33"
СИЗО-1 Ставрополь,"г. Ставрополь, пл. Воровского д. 6"
СИЗО-7 Егорьевск,"г. Егорьевск, ул. Октябрьская д. 20"
СИЗО-1 Владивосток,"г. Владивосток, Партизанский пр- кт д. 28 Б"
СИЗО-3 Челябинск,"г. Челябинск, ул. Артиллерийская д. 66 А"
СИЗО-1 Самара,"г. Самара, ул. Садовый проезд д. 22"
СИЗО-1 Ижевск,"г. Ижевск, ул. Базисная д. 13"
ИК-3 Харп,"п. Харп, ул. Гагарина д. 1 A"
ИК-6 Мелехово,"Ковровский р- н, пос. Мелехово, ул. Первомайская, д. 261-А"
ИК-44 Белово,"г. Белово, ул. Аэродромная д. 2 Б"
СИЗО-1 Астрахань,"г. Астрахань, ул. Бурова, Буровский переулок д. 2/2"
СИЗО-3 Нижний Тагил,"г. Нижний Тагил, ст. Сан-Донато"
ИК-9 Соликамск,"г. Соликамск, ул. Лесной поселок д.12-а"
СИЗО-1 Орел,"г. Орел, ул. Красноармейская д. 10"
СИЗО-1 Липецк,"г. Липецк, район Цементного завода"
СИЗО-1 Волгоград,"г. Волгоград, ул. Голубинская, д. 3"
СИЗО-2 Сызранский Централ,"г. Сызрань, ул. Хлебцевича д. 1"
СИЗО-1 Кемерово,"г. Кемерово, Кузнецкий пр- кт д. 174"
ИК-11 Бор,"г. Бор, 2- й микрорайон д. 2"
СИЗО-1 Брянск,"г. Брянск, ул. Советская д. 2"
СИЗО-8 Сергиев Посад,"г. Сергиев Посад, пр. Красной Армии 58"
ИК-5 Кохма,"г. Кохма, ул. Кочетовой д. 59 А"
СИЗО-5 Ленинск,"г. Ленинск, ул. Промышленная д. 12"
ИК-4 Армавир,"г.  Армавир, ул. Володарского д. 1-а"
СИЗО-5 Чистополь,"г. Чистополь, ул. Карла Либкнехта д. 1"
СИЗО-5 Дюртюли,"Дюртюлинский р- н, с. Иванеево, ул. Промзона"
СИЗО-1 Хабаровск,"г. Хабаровск, ул. Знаменьщиков д. 6"
ИК-9 Новосибирск,"г. Новосибирск, ул. Гусинобродское шоссе д.114"
СИЗО-1 Киров,"г. Киров, ул. Мопра д. 1"
ИК-4 Торжок,"г. Торжок, ул. Старицкая д. 79"
СИЗО-1 Иркутск,"г. Иркутск, ул. Баррикад д. 63 СИЗО-1"
ИК-12 Волжский,"г. Волжский, ул. Александрова д. 86"
ИК-19 Суровикино,"г. Суровикино, ул. Орджоникидзе, д. 99"
СИЗО-2 Казань,"г. Казань, ул. Большая д. 98"
СИЗО-2 Дружный,"Кстовский р- н, поселок Дружный"
СИЗО-1 Калуга,"г. Калуга, ул. Николо- Козинская д. 110 А"
СИЗО-2 Армавир,"г. Армавир, ул. Пугачева д. 32"
СИЗО-6 Ангарск,"г. Ангарск, 1-й промышленный массив, квартал 10, строение 3 - СИЗО-6"
СИЗО-6 Кировград,"г. Кировград, ул. Дзержинского д. 26."
СИЗО-2 Вологодский Централ,"г. Вологда, ул. Трудовая д. 2"
ИК-16 Салават- 6,"г. Салават- 6,"
ИК-24 Камышин,"г. Камышин, п. Мичуринский"
КП-8 Садки,"Веселовский район, п. Садки, ул. Центральная д. 19"
СИЗО-1 Пермь,"г. Пермь, ул. Клименко д. 24"
ИК-15 Ангарск,"г. Ангарск, 2- й промышленный массив, квартал 40, строение 2"
СИЗО-1 Челябинск,"г. Челябинск, ул. Российская д. 53"
ИК-7 Зеленокумск,"г. Зеленокумск, ул. Почтовая д.78"
ИК-31 Красноярск,"г. Красноярск, ул. Кразовская д.10"
ИК-4 Александрийская,"Ставропольский край, ст. Александрийская, ул. Грейдерная д.4"
ИК-3 Скопин (Октябрьский),"пос. Октябрьский, Скопинский район"
ИК-10 Тверь,"Калининский р- н, п/о Михайловское, п. Металлистов"
СИЗО-1 Мурманск,"г. Мурманск, ул. Радищева д. 32"
ИК-9 Хадыженск,"г. Хадыженск, ул. Грибоедова д. 42"
ИК-12 Шексна,"п. Шексна, ул. Шоссейная д. 12"
ИК-17 Красноярск,"г. Красноярск, п. Индустриальный, ул. Кразовская д. 12"
ИК-2 Рыбинск,"г. Рыбинск, ул. Целинная д. 50"
ИК-41 Юрга,"г. Юрга, ул. Окрайная д. 1"
ИК-2 Тюмень,"г. Тюмень, пос. Строителей"
СИЗО-2 Сосногорск,"г. Сосногорск, пст. Лыаёль, 13"
ИК-53 Верхотурье,"Верхотурский район, п. Привокзальный, ул. Свободы д. 22"
ИК-6 Липецк,"г. Липецк, район Цементного завода"
ИК-29 Пермь,"г. Пермь, ул. Соликамская д. 246"
КП-8 Санкт-Петербург,"г. Санкт-Петербург, 195009, г. Санкт-Петербург, ул. Академика Лебедева, д. 39"
ИК-1 Вологда,"г. Вологда, ул. Левичева д.1-а"
СИЗО-1 Тула,"г. Тула, ул. Мориса Тореза д. 11 Б"
СИЗО-1 Сыктывкар,"г. Сыктывкар, п. Верхний Чов д. 99"
ИК-5 Нижний Новгород,"г. Нижний Новгород, ул. Ракетная д. 2 Г"
СИЗО-1 Оренбург,"г. Оренбург, ул. Набережная д. 7"
ИК-1 Копейск,"г. Копейск, пос. Октябрьский, ул. Городок- 1"
ИК-6 Дыдымкин,"Курский район, х. Дыдымкин,  ул. Тивилева д. 2"
ИК-6 Красноярск,"г. Красноярск, ул. Парашютная д. 3"
СИЗО-2 Людиново,"г. Людиново, ул. Индустриальная д.12"
ИК-40 Кемерово,"г. Кемерово, ул. Волгоградская д. 60 А"
ИК-2 Рязань,"г. Рязань, ул. 1-ая Красная д. 20"
СИЗО-2 Киров,"г. Киров, ул. Нагорная д. 22"
СИЗО-1 Махачкала,"г. Махачкала, ул. Левина д. 45"
ИК-7 Ржев,"г. Ржев, Крестьянский переулок д. 38"
ИК-1 Головино,"Судогодский р- н, ул. Советская д. 50-А"
ИК-11 Ставрополь,"г. Ставрополь- 44,"
ИК-3 Углич,"г. Углич, ул. Камышевское шоссе д. 2"
ИК-9 Дзержинск,"г. Дзержинск, Автозаводское шоссе д. 95 Б"
ИК-1 Кострома,"г. Кострома, ул. Петра Щербины д. 21"
СИЗО-5 Екатеринбург,"г. Екатеринбург, ул. Елизаветинское шоссе д.19"
ИК-33 Елшанка,"г. Саратов, Песчано-Уметский тракт, п. Елшанка"
ИК-6 Стенькино,"Рязанский  район, пос. Стенькино"
СИЗО-3 Череповец,"г. Череповец, Северное шоссе д. 67 В"
ИК-5 Вологодский Пятак,"Белозерский р-н, остров Огненный"
ИК-10 Менделеевск,"г. Менделеевск,"
ИК-2 Екатеринбург,"г. Екатеринбург, ул. Малышева д. 2 Б"
ИК-14 Краснодар,"г. Краснодар, ул. Калинина д. 58"
СИЗО-1 Владимир,"г. Владимир, ул. 9 января, д. 5-А"
СИЗО-1 Казань,"г. Казань, ул. Япеева д.16"
ИК-6 Нижний Тагил,"г. Нижний Тагил, ул. Западная д. 3 А"
ИК-14 Ангарск,"г. Ангарск, 1-й промышленный массив, квартал 9, строение 10/1"
ИК-1 Донской,"г. Донской, микрорайон Комсомольский, проезд Димитрова д.1"
СИЗО-1 Рязань,"г. Рязань, ул. Первомайский проспект д. 27"
ИК-18 Потьма,"Зубово- Полянский р- н, пос. Потьма, ул. Красноармейская д. 10"
ИК-5 Вышний Волочек,"г. Вышний Волочек, Ржевский тракт д. 7"
ИК-2 Липецк,"г. Липецк, ул. Ковалева, строение 130 Б"
СИЗО-3 Воркута,"г. Воркута, ул. Проминдустрии д. 8"
СИЗО-1 Благовещенск,"г. Благовещенск, Серышевский переулок д. 55"
ИК-2 Белый лебедь,"г. Соликамск, ул. Карналитовая д. 98"
ИК-5 Апшеронск,"г. Апшеронск, ул. Советская д. 175"
ИК-5 Клекотки,"Скопинский  район, пос. Клекотки"
ИК-9 Косиново,"г. Курск, пос. Косиново"
СИЗО-1 Архангельск,"г. Архангельск, ул. Попова д. 22"
ИК-2 Энгельс,"г. Энгельс, ул. Функциональный проезд д.14"
ИК-1 Кочубеевское,"Ставропольский край, с. Кочубеевское"
СИЗО-5 Кашира,"г. Кашира, ул. Советская д. 2"
ИК-3 Куета,"г. Барнаул, ул. Куета д. 29"
ИК-5 Козловка,"г. Козловка, ул. Шоссейная д. 10"
СИЗО-1 Барнаул,"г. Барнаул, ул. Канатный проезд д.81"
СИЗО-3 Зелёный Гай,"Мичуринский район, п. Зеленый Гай, ул. Автозаводская д. 6"
КП-19 Красноярск,"г. Красноярск, ул. 60 лет Октября д. 111 А"
ИК-3 Краснотурьинск,"г. Краснотурьинск, п. Малая Лимка, ул. Железнодорожная д. 178"
СИЗО-1 Чита,"г. Чита, ул. Ингодинская д. 1"
ИК-26 Спиридоновка,"Волжский район, с. Спиридоновка, ул.Советская уч.1 «Д»"
ИК-1 Тамбов,"г. Тамбов, ул. Мичуринская д. 57"
ИК-25 Златоуст,"г. Златоуст, ул. Панфилова д. 6"
ИК-4 Томск,"г. Томск, ул. Нахимова д. 3/1"
СИЗО-2 Рыбинск,"г. Рыбинск, Шоссейный пер-к д. 5"
ИК-28 Березники,"г. Березники, пр- кт Ленина д. 81"
СИЗО-4 Златоуст,"г. Златоуст, ул. Аносова д. 273"
ИК-8 Ярославль,"г. Ярославль, ул. Колышкина д.1 А"
ИК-3 Прибрежный,"Костромской р-н, пос. Прибрежный, ул. Мира д. 1"
КП-1 Княжево,"Санкт-Петербург и ЛО, Ленинградская область, Волосовский р- н, п/о Зимитицы, дер. Княжево, КП-1"
СИЗО-2 Заводоуковск,"г. Заводоуковск, ул. Братьев Перевозкиных д. 29-г"
ИК-4 Алексеевка,"г. Алексеевка, ул. Привокзальная д. 2-А"
ИК-5 Вольск,"г. Вольск, пос. Видим д. 12"
ИК-6 Новомосковск,"г. Новомосковск, ул. Центральная д. 27"
ИК-3 Кинешма,"г. Кинешма, ул. Шуйская д. 1"
ИК-19 Тавда,"г. Тавда, п. Белый Яр, ул. Строителей  д.1"
ИК-8 Лабытнанги,"г. Лабытнанги, ул. Северная д. 33"
ИК-9 Петрозаводск,"г. Петрозаводск, пос. Птицефабрика а/я 1443"
ИК-4 Медынь,"г. Медынь, ул. Луначарского д. 2"
ИК-3 Иркутск,"г. Иркутск, ул. Писарева д. 13"
ИК-5 Рубцовск,"г. Рубцовск, ул. Тракторная д. 23"
ИК-10 Саратов,"г. Саратов, Сокурский тракт д. 57"
ИК-6 Шахово,"п. Шахово,"
КП-66 Решеты,"г. Первоуральск, д. Решеты"
ИК-15 Норильск,"г. Норильск, ул. Ветеранов д. 24"
СИЗО-4 Можайск,"г. Можайск, ул. Комсомольская д. 7"
СИЗО-1 Ростовский централ,"г. Ростов-на-Дону, ул. Горького д. 219"
СИЗО-3 Анненковский карьер,"Вадский р- н, п. Анненковский Карьер,  ул. Центральная д. 17."
СИЗО-1 Якутск,"г. Якутск, пос. Большая Марха, ул. Якова Петерса д. 1"
ИК-29 Сорда,"п. Сорда, Верхнекамский район"
СИЗО-3 Воронеж,"г. Воронеж, ул. Антокольского д. 6"
СИЗО-1 Курган,"г. Курган, ул. 2-я Часовая д. 46"
СИЗО-1 Великий Новгород,"г. Великий Новгород, ул. Большая Санкт- Петербургская д. 25 А"
СИЗО-3 Фролово,"г. Фролово, ул. Хлеборобная д. 107/1"
СИЗО-2 Братск,"г. Братск- 10, ул. Прибрежная д. 49 СИЗО-2"
СИЗО-2 Апатиты,"г. Апатиты, ул. Трудовая д. 24 А"
ИК-3 Товарково,"Дзержинский район, пос. Товарково, ул. Дзержинского д. 2 А"
ФК ЛПУ им. Ф.П.Гааза,"г. Санкт- Петербург, ул. Хохрякова д. 1 ФК ЛПУ им.Ф.П.Гааза"
ИК-10 Димитровград,"г. Димитровград, ул. Промышленная д. 3"
ИК-5 Леплей,"Зубово-Полянский р-н, п. Леплей пер. Песочный д. 1"
ИК-2 Тула,"г. Тула, ул. Мориса Тореза д. 11"
ИК-11 Ахтарский,"пос. Ахтарский, ул. Азовская д. 4"
ИК-19 Марково,"Иркутский р- н пос. Марково, а/я 81"
ИК-1 Соликамск,"г. Соликамск, ул. Карналитовая д. 98"
ИК-11 Сургут,"г. Сургут, Северный промышленный р-н, ул. Трудовая д. 2"
ИК-11 Бозой,"Эхирит-Булагатский р-н, п. Бозой"
СИЗО-1 Улан-Удэ,"г. Улан-Удэ, ул. Пристанская д. 4-а"
ИК-8 Благовещенск,"г. Благовещенск, ул. Албазинская, 45"
ИК-26 Волгоград,"г. Волгоград, ул. Довженко д. 34"
ИК-2 Казань,"г. Казань, ул. Производственная д. 18"
ИК-8 Альметьевск,"г. Альметевск, ул. Базовая д. 26"
ИК-5 Коряжма,"г. Коряжма, Магистральное шоссе, 101"
СИЗО-3 Стерлитамак,"г. Стерлитамак, ул. Комсомольская д. 7"
ИК-4 Пугачев,"г. Пугачев, Карьер МВД"
ИК-4 Салават-6,"г. Салават- 6,"
СИЗО-2 Тихвин,"Санкт-Петербург и ЛО, Ленинградская область, г. Тихвин ул. Красноармейская д. 13 СИЗО-2"
ИК-46 Невьянск,"г. Невьянск, ул Долгих д. 81"
ИК-8 Новосибирск,"г. Новосибирск, ул. Богдана Хмельницкого д.116/2"
ИК-3 Владимир,"г. Владимир, ул. Полины Осипенко, д. 49"
ИК-1 Мариинск,"г. Мариинск, ул. Макаренко д. 5"
Т-2 Владимирский централ,"г. Владимир, ул. Большая Нижегородская д. 67"
ИК-2 Двубратский,"пос. Двубратский, ул. Мостовая д.1"
СИЗО-1 Смоленск,"г. Смоленск, пр-кт Гагарина д. 16"
ФКЛПУ ОБ-11 Омск,"г. Омск, ул.Телевизионная д.17"
ИК-42 Синдор,"пос. Синдор, Княжпогостский район, ул. Дзержинского д. 26"
ИК-12 Нижний Тагил,"г. Нижний Тагил, ст. Сан-Донато"
ИК-1 Тлюстенхабль,"Теучежский р- н, п. Тлюстенхабль, ул. Ленина д. 28"
ИК-17 Мурманск,"г. Мурманск, ул. Угольная База д. 9"
КП-2 Зеленоград,"г. Зеленоград, ул. Панфилова д. 21"
ИК-4 Плавск,"г. Плавск, поселок Белая Гора"
СИЗО-2 Нариманов,"г. Нариманов, ул. Береговая д. 7"
СИЗО-1 Ульяновск,"г. Ульяновск, ул. Куйбышева д. 2"
ИК-6 Снежинка,"Амурский район, п. Эльбан, переулок Клубный д. 7"
ИК-2 Новосибирск,"г. Новосибирск, ул.Толмачевская д. 31"
ИК-2 Явас,"Зубово- Полянский р-н, пос. Явас, ул. Чернореченская д. 1"
ИК-17 Озерный,"Зубово- Полянский р-н, пос. Озерный, ул. Лесная д. 3"
СИЗО-4 Анжеро-Судженск,"Анжеро-Судженск, ул. Чекистов д.1"
КП-22 Колывань,"рабочий поселок Колывань, ул. Гагарина д. 9"
ИК-12 Сарапул,"г. Сарапул, ул. 20 лет Победы д. 27"
ИК-5 Донской,"г. Донской, микрорайон Шахтерский, ул. Луговая д. 1 а"
ИК-8 Омск,"г. Омск, ул. Доковская д. 3"
ИК-5 Кемерово,"г. Кемерово, ул. Буденного д. 33"
СИЗО-1 Тамбов,"г. Тамбов, ул. Мичуринская д. 55"
ИК-7 Омск,"г. Омск, ул. Доковский проезд д. 6"
ИК-6 Ишим,"г. Ишим, ул. Республики д. 74"
ИК-3 Пановка,"Пестречинский р- н, с. Пановка, ул. Центральная д. 7"
ИК-6 Омск,"г. Омск, ул. 10 лет Октября д. 176"
ИК-3 Сафоново,"г. Сафоново, микрорайон Горный, пос. Шахта 3"
Тюрьма Минусинск,"г. Минусинск, ул. Горького д. 114 Тюрьма"
ИК-10 Екатеринбург,"г. Екатеринбург, ул. Монтерская д. 5"
ИК-5 Нижние Вязовые,"Зеленодольский р- н, пос. Нижние Вязовые, ул.Комсомольская д.1"
СИЗО-5 Ростов-на-Дону,"г. Ростов-на-Дону, ул. Тоннельная д. 4"
ИК-17 Пугачев,"г. Пугачев, ул. Камышинский переулок д. 9"
ИК-2 Новоульяновск,"г. Новоульяновск, пос. Северный"
ИК-5 Сухиничи,"г. Сухиничи,"
ИК-18 Новосибирск,"г. Новосибирск, ул. Ключ- Камышенское плато д. 6/3"
ИК-13 Энгельс,"г. Энгельс, ул. Функциональный проезд д. 8"
ИК-4 Тюмень,"г. Тюмень, ул. Авторемонтная д. 23"
СИЗО-2 Ирбит,"г. Ирбит, ул. Кирова д. 29 А"
СИЗО-3 Кизел,"г. Кизел, ул. Щорса д. 26"
ИК-3 Омск,"г. Омск, ул. Энтузиастов д. 14"
СИЗО-1 Кострома,"г. Кострома, ул. Советская д. 88"
ИК-15 Батайск,"г. Батайск, ул. Горького д. 358"
ИК-1 Ярославль,"г. Ярославль, ул. Хлебная д.12"
ИК-2 Салават,"г. Салават, Станция Южная"
ИК-5 Новотроицк,"г. Новотроицк, поселок Максай"
ИК-6 Рославль,"г. Рославль, ул. К. Маркса д. 14"
ФКЛПУ ОТБ-1 Саратов,"г. Саратов, Заводской р-н, ул Азина"
ИК-5 Челябинск,"г. Челябинск, ул. Сталеваров д. 10"
ИК-15 Нижневартовск,"г. Нижневартовск, пос. Северный"
ИК-2 Просвет,"Кетовский район, станция Просвет"
СИЗО-1 Пенза,"г. Пенза, ул. Каракозова д. 30"
ИК-18 Мурмаши,"Кольский р- н, пос. Мурмаши, ул. Зеленая д. 10"
ИК-7 Пакино,"Ковровский р- н, пос. Пакино, ул. Центральная д. 1-А"
ИК-3 Новосибирск,"г. Новосибирск, ул. Звездная, д. 34"
СИЗО-4 Шахты,"г. Шахты, пос. Кирпичный"
ИК-11 Кирово-Чепецк,"г. Кирово- Чепецк, деревня Утробино"
ИК-21 Североонежск,"Плесецкий р-н, п. Североонежск, 2 микрорайон, д.10"
СИЗО-2 Уссурийск,"г. Уссурийск, ул. Энгельса д. 63"
ИК-33 Абакан,"г. Абакан, Молодежный квартал д. 22"
ИК-11 Явас,"Зубово- Полянский р-н, пос. Явас, ул. Дзержинского д. 39"
ИК-2 Нижний Новгород,"г. Нижний Новгород, ул. Коломенская д. 20"
СИЗО-1 Нальчик,"г. Нальчик, ул. Вологирова д. 20"
ИК-7 Арейское,"Емельяновский р- н, с. Арейское, ул. Солнечная д. 1"
ИК-2 Кочубеевское,"Ставропольский край, с. Кочубеевское, ул. Станционная д.11"
ИК-9 Акбулак,"Акбулакский р- н, поселок Акбулак"
ИК-8 Оренбург,"г. Оренбург, гора Сулак, ул. Донгузская д. 143"
ИК-2 Челябинск,"г. Челябинск, ул. Монтажников д. 7 А"
ИК-7 Социалистический,"Щекинский р- н, поселок Социалистический"
СИЗО-1 Саранск,"г. Саранск, ул. Рабочая д. 147"
ИК-19 Ухта,"г. Ухта, ул. Промышленная д. 3"
ИК-5 Нарышкино,"п. Нарышкино, ул. Заводская д. 62"
ИК-10 Ростов-на-Дону,"г. Ростов-на-Дону, пер. Казачий д. 22"
ИК-6 Иковка,"Кетовский район, с. Иковка"
ИК-2 Ангарск,"г. Ангарск, 1-й промышленный массив, квартал 47 д. 6"
ИК-5 Нижний Тагил,"г. Нижний Тагил, ул. Шевченко д. 6"
ИК-17 Шексна,"поселок Шексна, ул. Дзержинского д. 6"
СИЗО-1 Калининград,"г. Калининград, ул. Ушакова д. 2-4"
СИЗО-3 ФСИН России,"г. Санкт- Петербург, ул. Шпалерная д. 25"
ИК-8 Стерлитамак,"г. Стерлитамак, п. Строймаш, ул. Гайдара, д. 4"
ИК-10 Горное,"Михайловский р- н, п. Горное, ул. Ленина д. 25"
СИЗО-5 Пермь,"г.  Пермь, ул. Соликамская д. 246-а"
СИЗО-3 Оренбург,"г. Оренбург, ул. Калининградская д. 192"
ИК-6 Бежецк,"г. Бежецк, ул. Новая д. 60-а"
ИК-14 Новочеркасск,"г. Новочеркасск, Новый городок, ул. Макаренко 60"
ИК-62 Ивдель,"г. Ивдель, ул. Заводская д. 1"
ИК-18 Магнитогорск,"г. Магнитогорск, пер. Танкистов д. 19 А"
ИК-6 Иркутск,"г. Иркутск, ул. Булавина д. 1"
ИК-54 Новая Ляля,"г. Новая Ляля, ул. Бажова д. 89"
ИК-9 Уфа,"г. Уфа, ул. Новоженова д. 86 А"
СИЗО-5 Канск,"г. Канск, ул. Кайтымская,д. 122 СИЗО-5"
Тюрьма Балашов,"г. Балашов, ул. Уральская д. 17"
ИК-10 Всесвятская,"Чусовской р- н, ст. Всесвятская"
ИК-6 Талицы,"Южский р- н, пос. Талицы, ул. Школьная д. 10"
ИК-5 Сарапул,"г. Сарапул, ул. Раскольникова д. 53-а"
ИК-4 Вязники,"г. Вязники, ул. Железнодорожная д. 37"
ИК-7 Калуга,"г. Калуга, ул. Грабцевское шоссе д.39 б"
ИК-2 Талицы,"пос. Талицы, ул. Ленина д.18"
ИК-9 Монино,"Нелидовский городской округ), дер. Монино"
СИЗО-1 Грозный,"г. Грозный, ул. Кунта-Хаджи Кишиева д. 2"
ИК-15 Самара,"г. Самара, ул. Утевская д. 18 А"
ИК-9 Шахты,"г. Шахты, ул. Открытая д. 10"
ИК-2 Косиново,"г. Курск, пос. Косиново д.1А"
ИК-28 Ленинск,"г. Ленинск, ул. Промышленная д. 12"
ИК-5 Самара,"г. Самара, ул. Утевская д. 1"
ИК-8 Хохряки,"Завьяловский район, поселок Хохряки"
ИК-1 Сосновка,"Зубово-Полянский р-н, поселок Сосновка, ул. Почтовая д. 8"
ЛИУ-32 Минусинск,"г. Минусинск, промплощадка ОАО ЭЛКО, ул. Энтузиастов д.6"
ИК-14 Тогучин,"Тогучинский р- н, г. Тогучин, ул. Блюхера,д.2 А"
ИК-19 Казань,"г. Казань, ул. Магистральная д. 18"
ИК-9 Водстрой,"г. Волгоград, ул. им. Костюченко д. 12"
ИК-14 Горка-Муравьевская,"Вельский р- н, д. Горка- Муравьевская, Спецгородок, д.1 А"
ИК-1 Оренбург,"г. Оренбург, пер. Крымский д. 119"
ИК-3 Двубратский,"пос. Двубратский, ул. Степная д.1"
ИК-27 Красноярск,"г. Красноярск, ул. Кразовская д. 6"
ИК-9 Рубцовск,"г. Рубцовск, ул. Тракторная д. 26"
ИК-7 Бычиха,"Костромской р- н, поселок Бычиха- 12"
ИК-16 Краснотурьинск,"г. Краснотурьинск, ул. 2-я Заречная д.  9"
СИЗО-2 Новозыбков,"г. Новозыбков, ул. Красная площадь д. 9"
ИК-29 Кемерово,"г. Кемерово, ул. Стройгородок"
ИК-6 Шипуново,"с. Шипуново, ул. Заводская д. 48 А"
ИК-5 Моршанск,"г. Моршанск, ул. Сурикова д.39"
ИК-7 Валуйки,"г. Валуйки, ул.Тимирязева д. 1 А"
ИК-2 Асино,"г. Асино, ул. Мичурина д. 7"
СИЗО-4 Винзили,"Тюменский район, поселок Винзили, ул. Вокзальная д. 3"
СИЗО-4 Волгоград,"г. Волгоград, ул. Довженко, д. 34- б"
ИК-18 Азов,"г. Азов, ул. Дружбы д. 1 «А»"
СИЗО-3 Линево,"Искитимский р- н, пос. Линево, ул. Листвянская д. 3"
ИК-13 Славяновка,"Багратионовский р- н, пос. Славяновка"
ИК-12 Куйбышев,"г. Куйбышев,"
ИК-2 Керчь,"г. Керчь, ул. Индустриальное шоссе д. 17"
ИК-16 Громадск,"Уярский р- н, п. Громадск, ул. Железнодорожная д. 2 А"
ИК-4 Октябрьский,"Кинешемский р-н, с. Октябрьское, ул. Заречная д.47"
ИК-10 Кыштым,"г. Кыштым, ул. Челюскинцев д. 76"
ИК-2 Ростов-на-Дону,"г. Ростов-на- Дону, ул. Тоннельная д. 4"
СИЗО-2 Таганрог,"г. Таганрог, ул. Ленина д. 175"
ИК-1 Симферополь,"г. Симферополь, переулок Элеваторный д. 4"
Камышинская воспитательная колония,"Камышинский р-н, Мичуринское сельское поселение ул. Справедливая, 1"
ИК-9 Ульяновск,"г. Ульяновск, 11-й  Инженерный проезд д. 36"
СИЗО-1 Южно-Сахалинск,"г. Южно-Сахалинск, пр. Мира д. 193"
ФКЛПУ Областная больница Торжок,"г. Торжок, ул. Старицкая д. 96"
ИК-22 Красноярск,"г. Красноярск, ул. Парашютная д.13"
ИК-11 Копейск,"г. Копейск, пос. Железнодорожный, ул. Электровозная"
ИК-3 Томск,"г. Томск, ул. Демьяна Бедного д.18/2"
СИЗО-3 Ачинск,"г. Ачинск, ул. Слободчикова д. 2"
ИК-3 Новокуйбышевск,"г. Новокуйбышевск, ул. 2-я Промышленная д. 8"
ИК-7 Сегежа,"г. Сегежа, ул. Лейгубская"
ИК-12 Омск,"г. Омск, м-н Осташково, ул. Ноябрьская д. 7"
ИК-4 Елец,"г. Елец, ул. Кротевича д.6 А"
ЛИУ-10 Новосибирск,"г. Новосибирск, п/о Раздольное"
СИЗО-4 Новомосковск,"г. Новомосковск, ул. Северная- Советская д. 4"
СИЗО-1 Псков,"г. Псков, ул. Некрасова д. 39"
ИК-4 Кулеватово,"Сосновский район, п. Рабочий д. 25, с. Кулеватово"
ИК-3 Льгов,"г. Льгов, ул. Примакова  23 А"
ИК-4 Нижнекамск,"г. Нижнекамск-10,"
ИК-4 Сокол,"г. Сокол, ул. Сосновая д. 7"
ИК-2 Астрахань,"г. Астрахань, ул. Садовских д. 20"
ФКЛПУ ОСБ Самара,"г. Самара, ул. Физкультурная д. 134 А"
ИК-23 Каменский,"Красноармейский р-н, пос. Каменский ул. Зеленая д. 20"
ИК-2 Вадино,"Сафоновский район, пос. Вадино"
ИК-35 Мариинск,"г. Мариинск, ул. Макаренко д. 7"
ИК-4 Плишкино,"Иркутский р- н, п. Плишкино"
ИК-5 Камышин,"г. Камышин, ул. Южный городок"
ИК-10 Рубцовск,"г. Рубцовск, ул. Тракторная д. 26 А"
ИК-6 Копейск,"г. Копейск, ул. Кемеровская д. 20"
ИК-47 Каменск-Уральский,"г. Каменск- Уральский, ул. Озерная д. 2 Б"
ФКЛПУ СПБ Рыбинск,"г. Рыбинск, ул. Целинная д. 22"
ИК-1 Ягул,"Завьяловский р-н, поселок Ягул"
ИК-7 Мелеуз,"г. Мелеуз, ул. Ленина д. 1 А"
ИК-24 Новобирюсинский,"Иркутская область, Тайшетский район, п. Новобирюсинский"
КП-3 Электросталь,"г. Электросталь, ул. Горького д. 40"
ИК-6 Клинцы,"г. Клинцы, ул. 2-я Парковая д. 2"
ИК-16 Мурмаши,"Кольский р- н, пос. Мурмаши, ул. Зеленая д.14 А"
ИК-4 Ульяновск,"г. Ульяновск, ул. Академика Павлова д.113"
СИЗО-3 Мариинск,"г. Мариинск, ул. Пальчикова д. 16"
ИК-32 Пермь,"г. Пермь, ул. Докучаева д. 27"
ИК-3 Димитровград,"г. Димитровград, ул. Осипенко д. 22"
ИК-38  Березники,"г. Березники, ул. Лиственная д. 1"
ИК-37 Яя,"Яйский район, пос. Яя, ул. Жуковского д. 1"
ИК-3 Краснокумское,"Ставропольский край, с. Краснокумское ул. Левобережная д.19"
ИК-40 Кунгур,"г. Кунгур, ул. Сибирский тракт, 3-ий км"
СИЗО-2 Краснокаменск,"г. Краснокаменск, а/я 109"
СИЗО-3 Бугульма,"г. Бугульма, ул. Казанская д. 2"
Можайская ВК,"г. Можайск, пос. имени Дзержинского"
ИК-63 Ивдель,"г. Ивдель, ул. К. Маркса д. 68 А"
ИК-16 Просек,"Лысковский р- н, пос. Просек, ул. Заводская д. 50"
ИК-1 Курган,"г. Курган, ул. 2-я Часовая д.40"
ИК-49 Печора,"Печора, п. Миша- Яг"
ИК-27 Волчанец,"Партизанский р- н, п. Волчанец, ул. Комсомольская д. 1 Б"
ИК-27 Лесной,"пос. Лесной, Верхнекамский район,  ул. Центральная д. 5"
ИК-9 Омск,"г. Омск, ул. 27-я Линия д. 47-А"
ИК-2 Воронеж,"г. Воронеж, ул. 3-го Интернационала д. 17"
ИК-1 Архангельск,"г. Архангельск, ул. Пирсовая, д. 27"
ИК-6 Восточный,"Омутнинский район, пос. Восточный"
ИК-1 Гусиноозерск,"г. Гусиноозерск, Селенгинский р- н"
СИЗО-2 Рузаевка,"г. Рузаевка, пл. Дмитрова д. 1"
ИК-20 Устюжна,"г. Устюжна, ул. Карла Маркса д. 57"
ИК-4 Пенза,"г. Пенза, ул. Молодогвардейская д. 9"
ИК-2 Новый сад,"Тахтамукайский район, х. Новый сад"
КП-11 Усть-Золиха,"Красноармейский район, с. Усть-Золиха"
ИК-25 Сыктывкар,"г. Сыктывкар, п. Верхний Чов"
ИК-2 Брянск,"г. Брянск, ул. Котовского д. 39"
ИК-8 Комсомольск-на-Амуре,"г. Комсомольск-на-Амуре, п. Старт, ул. Нижняя д. 2 корп. 2"
ИК-5 Ставрополь,"г. Ставрополь, пл. Воровского д.1"
ИК-6 Самара,"г. Самара, пос. Управленческий, ул. Зеленая д. 6"
ИК-3 Зелёный,"Рассказовский район, п. Зеленый, ул. Центральная д. 6"
ИК-7 Иваново,"г. Иваново, ул. Болотная д.12"
ИК-20 Артем,"г.Артем, п. Заводской, ул. Стрельникова д. 48"
ИК-2 Алатырь,"г. Алатырь, ул. Гагарина д. 325"
ИК-6 Елизово,"г. Елизово, ул. Карьерная д. 3"
ИК- 25 Фролово,"г. Фролово, ул. Хлеборобная, д. 107"
СИЗО-2 Великие Луки,"г. Великие Луки, ул. Горицкая д. 16-а"
ИК-9 Парфино,"Парфинский р- н, пос. Парфино"
ИК-7 Комсомольск-на-Амуре,"г. Комсомольск-на-Амуре, ул. Павловского д. 12"
СИЗО-1 Абакан,"г. Абакан, квартал Молодёжный д. 11"
ИК-12 Двадцатый километр,"г. Губаха, п. Широковский"
ЛИУ- 15 Волгоград,"г. Волгоград, ул. Ангарская, д. 190"
ИК-6 Люга,"Можгинский район, станция Люга, ул. Заводская д. 2 а"
ИК-29 Емца,"Плесецкий р- н, пос. река Емца"
ИК-7 Ангарск,"г. Ангарск, 1-й промышленный массив, квартал 10, строение 4"
ИК-12 Шерстки,"Тоншаевский р- н, поселок Шерстки, ул. Полевая,д.1 А"
СИЗО-4 Кудымкар,"г. Кудымкар, ул. Давыдова д. 2"
ИК-11 Малая Локня,"Суджанский район, пос. Малая Локня,  ул. Кубарева д. 6"
ЛИУ-1 Барнаул,"г. Барнаул, 9-й Заводской проезд д. 44"
ИК-4 Оренбург,"г. Оренбург, ул. Техническая д. 2"
ИК-17 Омутнинск,"г. Омутнинск, ул. Трудовых резервов д. 125"
ИК-31 Микунь,"г. Микунь, Усть-Вымский район, ул. Восточная д. 39"
ИК-6 Двубратский,"пос. Двубратский, ул. Степная д.1"
СИЗО-3 Ржев,"г. Ржев, Зубцовское шоссе д. 22"
ИК-15 Копейск,"г. Копейск, пос. Потанино, ул. Томская д. 4"
КП-7 Нижний Атлян,"г. Миас, пос. Нижний Атлян, ул. Городок д. 35"
ЛИУ-2 Омск,"г. Омск, м-н Береговой, ул. 3-я Осенняя д. 2/1"
СИЗО-1 ФСИН России,"г. Москва, ул. Матросская Тишина д. 18"
ИК-4 Котлас,"г. Котлас, ул. Чиркова д. 35"
ИК-14 Амурск,"г. Амурск, шоссе Машиностроителей д.10"
ИК-56 Чёрный Беркут,"г. Ивдель, п. Лозьвинский, ул. Нагорная д. 5 А/1"
ИК-3 Среднебелая,"с. Среднебелая, ул. Герки Рулева д. 2"
ИК-1 Трудовой,"г. Зверево, пос. Трудовой, ул. Центральная д. 22"
ИК-5 Белгород,"г. Белгород, ул. Волчанская, д. 286"
ИК-11 Ныроб,"п. Ныроб, ул. Уральская д. 30"
КП-24 Оленегорск,"г. Оленегорск,"
ИК-43 Кемерово,"г. Кемерово, ул. Баха д. 3 А"
ИК-1 Сыктывкар,"г. Сыктывкар, п. Верхний Чов д. 9"
ИК-1 Южно-Сахалинск,"г. Южно- Сахалинск, ул. Пограничная д. 71"
ИК-26 Тавда,"г. Тавда , ул. Пионерская д. 8"
ИК-18 Кунгур,"г. Кунгур, поселок Дальний"
ИК-3 Чита,"г. Чита, Угданский проезд д. 61"
ИК-12 Рыбинск,"г. Рыбинск, ул. Рокоссовского д.100"
СИЗО-2 Соликамск,"г.  Соликамск, ул. 20 лет Победы д. 224"
КП-1 Керчь,"г. Керчь, ул. Кирова д. 75"
ИК-7 Панковка,"поселок Панковка, ул. Индустриальная д. 26"
СИЗО-2 Старый Оскол,"г. Старый Оскол, ул. Ленина д. 7"
ИК-5 Петропавловск-Камчатский,"г. Петропавловск-Камчатский, ул. Вулканная д. 70"
ИК-10 Ударный,"Зубово- Полянский р- н, пос.Ударный, ул. Молодежная д. 1"
ИК-32,"г. Саянск, База стройиндустрии, квартал 28, № 51"
ИК-3 Уфа,"г. Уфа, ул. Советов д. 54"
ИК-22 Мозжуха,"пос. Мозжуха, ул. Трудовая д.13"
ИК-7 Ново-Тюбе,"Кумторкалинский р-н, пос. Ново- Тюбе"
ИК-4 Середка,"Псковский р- н, п. Середка, ул. Железнодорожная д. 7"
ИК-8 Улан-Удэ,"г. Улан-Удэ, Спиртзаводской тракт 4 км"
ИК-7 Сосновка,"Зубово-Полянский р-н, поселок Сосновка, ул. Центральная д. 2"
ИК-6 Мирный,"Варнавинский р- н, поселок Мирный, ул. Садовая д.13"
ИК-2 Ливны,"г. Ливны, ул. Елецкая д. 2"
ИК-8 Васильевское,"г. Кострома, пос. Васильевское"
ИК-8 Челябинск,"г. Челябинск, ул. Северная д. 2 А"
ИК-31 Чугуевка,"Чугуевский р- н, с. Чугуевка, ул. Дзержинского д. 1-А"
Тюрьма Димитровград,"г. Димитровград, ул. Калугина д. 66"
СИЗО-2 Куйбышев,"г. Куйбышев, ул. Агафонова д. 35"
СИЗО-2 Орск,"г. Орск, поселок Степной,  ул. Маршала Конева д. 2 В"
ИК-1 Сухобезводное,"Семеновский р- н, п. Сухобезводное, ул. 2-я Лесная д. 2 Б"
ИК-7 Паницкая,"Красноармейский район, ст. Паницкая, ул. Мира д. 32"
ИК-50 Юрга,"г. Юрга, ул. Шоссейная д. 2"
ИК-3 Новотроицк,"г. Новотроицк, ул. Зеленая д. 10"
СИЗО-1 Петропавловск-Камчатский,"г. Петропавловск- Камчатский, ул. Строительная д.125"
СИЗО-3 Уссурийск,"г. Уссурийск, ул. Механизаторов д. 46"
Брянская воспитательная колония,"г. Брянск, ул. Советская д. 48"
СИЗО-2 Магнитогорск,"г. Магнитогорск, ул. Танкистов д. 19"
ИК-35 Абакан,"г. Абакан, Молодежный квартал д. 11"
СИЗО-2 Сегежа,"г. Сегежа, ул. Лейгубская"
ИК-4 Колосовка,"Зеленоградский район, пос. Колосовка"
ИК- 3 Каменка,"Чегемский район, пос. Каменка, ул. Революционная д. 227"
ИК-8 Астрахань,"г. Астрахань, ул. Советской Гвардии д. 50"
ИК-1 Ванино,"Ванинский р- н, пос. Ванино, ул. Суворова д. 1"
ФКЛПУМБ-10 Межобластная больница Вологда,"г. Вологда, Советский проспект д. 73"
ИК-12 Заозерное,"Хабаровский р- н, п. Заозерное, ул. Петра Черкасова д. 31"
ИК-14 Сухобезводное,"Семеновский р- н, п. Сухобезводное, ул. 2-я Лесная"
ИК-16 Онега,"г. Онега, ул. Красноармейская д, 60"
ЛИУ-7 Цивильск,"г. Цивильск, ул. Северная д. 1"
ИК-7 Новоуглянка,"Усманский район, с. Новоуглянка, ул. Дзержинского д. 30"
ИК-9 Цивильск,"г. Цивильск, ул. Северная д. 13"
ИК-5 Антипиха,"г. Чита, пос. Антипиха, ул. Александра Липова д. 5"
СИЗО-4 Норильск,"г. Норильск, ул. Октябрьская д. 13-А СИЗО-4"
ИК-6 Торбеево,"п. Торбеево, ул. Весенняя д. 50"
ИК-13 Уфа,"г. Уфа, ул. Индустриальное шоссе д. 32"
ИК-6 Сосновый Бор,"Себежский р- н, пос. Сосновый Бор"
ИК-20 Лукоянов,"г. Лукоянов, ул. Заводская д. 6"
ИК-17 Пруды,"Краснобаковский р- н, п. Пруды, ул. Сосновая д. 6"
ИК-29 Тольятти,"г. Тольятти, ул. Хрящевское шоссе д. 5"
СИЗО-3 Вельск,"г. Вельск, ул. Конева, д.1"
СИЗО-4 Камышлов,"г. Камышлов, ул. Урицкого д. 16 Б"
СИЗО-2 Глазов,"г. Глазов, ул. Молодой Гвардии д. 24"
ИК-4 Буреполом,"Тоншаевский р- н, пос. Буреполом, ул. Гагарина д. 1 А"
ИК-7 Оловянная,"п. Оловянная, ул. Дзержинского д. 13 А"
СИЗО-2 Бийск,"г. Бийск, ул. Чехова д. 2"
ИК-16 Тольятти,"г. Тольятти, ул. Ровная д. 1"
СИЗО-2 Цивильск,"г. Цивильск, ул. Советская д. 81"
ФКЛПУ РБ-2 Медвежьегорск,"г. Медвежьегорск, ул. Пригородная д.1"
СИЗО-1 Биробиджан,"Биробиджан, ул. Карла Маркса, 4"
Т-2 Елецкая крытка,"г. Елец, ул. Пролетарская д. 1Б"
ИК-41 Уссурийск,"г. Уссурийск, ул. Раковская д. 95"
ИК-4 Исилькуль,"г. Исилькуль, ул. Луговая д. 27"
СИЗО-1 Лабытнанги,"г. Лабытнанги, ул. Северная д. 33"
ИК-13 Заозерное,"Хабаровский р- н, пос. Заозерное, ул.Петра Черкасова д. 31"
МОТБ-19 Ростов-на-Дону,"г. Ростов-на-Дону, ул. Тоннельная д. 4 А"
ИК-2 Бузулук,"г. Бузулук, поселок ВТК-4"
ИК-12 Молочница,"Зубово- Полянский р- н, пос. Молочница, ул. Новая д.2"
Тюрьма Верхнеуральск,"г. Верхнеуральск, ул. Северная д.1"
ИК-55 Ивдель,"г. Ивдель, ул. Сосновая д. 3"
КП-8 Бородинский,"Киреевский р- н, пос. Бородинский"
ИК-29 Большой Камень,"г. Большой Камень, ул. Дзержинского д. 1"
ИК-7 Азино,"Завьяловский район, станция Азино"
СИЗО-3 Инза,"г. Инза, ул.Тупиковая д. 15"
ИК-25 Вихоревка,"Братский район г. Вихоревка, ул. Заречная д. 1"
ИК-2 Возжаевка,"Белогорский р- н, ул. Центральная"
КП-2 Товарково,"Дзержинский район, пос. Товарково, ул. Дзержинского"
ИК-1 Тюмень,"г. Тюмень, ул. Ялуторовская д. 46"
ИК-50 Нижний Ингаш,"Нижнеингашский р- н, п. Нижний Ингаш, ул. Центральная д. 1"
КП-1 Центральный,"Милославский район, пос. Центральный"
КП-38 Чиньяворык,"Княжпогостский район, пст. Чиньяворык"
ИК-10 Волжский,"Красноярский район, пос. Волжский, ул. Заводская д. 46"
ИК-37 Скальный,"Чусовской район, п. Половинка"
Кировградская  воспитательная колония,"г. Кировград, ул. Мира д. 3"
ИК-9 Калининград,"г. Калининград, Советский проспект д. 109"
ЛИУ-1 Томск,"г. Томск, ул. Клюева д. 1"
ИК-3 Идрица,"Себежский р- н, поселок Идрица, ул. Лесная д. 12"
ИК-8 Калининград,"г. Калининград, Проспект Победы д. 205."
ИК-52 Восточный,"п. Восточный, ул. Комарова д. 15."
ИК-5 Пенза,"г. Пенза, ул. Пушанина д. 77"
СИЗО-5 Тулунская крытка,"г. Тулун, ул. Лыткина д. 66"
СИЗО-2 Шадринск,"г. Шадринск, ул. К. Маркса д. 51"
СИЗО-1 Кызыл,"г. Кызыл, ул. Чехова д. 2"
ИК-10 Будукан,"с. Будукан,  Облученский район, ул. Линейная д. 1 А"
ИК-2 Княгинино,"Подлесное сельское поселение, д. Княгинино д. 16"
ИК-6 Астрахань,"г. Астрахань, ул. Рождественского д. 6"
ИК-22 Волчанец,"Партизанский р- н, пос. Волчанец"
ИК-23 Ревда,"Ловозерский р- н, пос. Ревда, ул. Победы д. 46"
СИЗО-1 Йошкар-Ола,"г. Йошкар-Ола, ул. Советская д. 100"
ИК-15 Табулга,"Чистоозерный р- н, г. Табулга"
ИК-1 Чебоксары,"г. Чебоксары, Лапсарский проезд д. 17"
КП-2 Первый,"Чебулинский р-н, поселок Первый, ул. Филина д. 2"
ЛИУ-23 Урюпинск,"г. Урюпинск, ул. Гора Восточная, д. 151"
ИК-14 Парца,"Зубово- Полянский р- н, пос. Парца, ул. Лесная д. 7"
ИК-2 Яшкуль,"с. Яшкуль Яшкульского района, ул. Клыкова д. 67"
ЛИУ-3 Барашево,"Теньгушевский р- н, поселок Барашево, ул. Штабная д.1"
ИК-1 Котчиха,"пос. Котчиха, ул. Профсоюзная д. 1"
СИЗО-2 Ряжск,"г. Ряжск, ул. Красная д.1 а"
ИК-2 Улан- Удэ,"г. Улан- Удэ, ул. Богорада д. 34-а"
СИЗО-3 Тайшет,"г. Тайшет, ул. Свердлова д. 77 Сизо-3"
Томская воспитательная колония №2,"г. Томск, Кольцевой проезд д. 20"
ИК-10 Краснокаменск,"г. Краснокаменск,"
ИК-35 Скальный-2,"г. Чусовой, п. Центральный, п/о Скальный- 2"
ИК-21 Стерлитамак,"г. Стерлитамак, ул. Гайдара д. 2"
Ижевская воспитательная колония,"г. Ижевск, ул. Базисная д. 31 А"
ИК-5 Советская Гавань,"г. Советская Гавань, ул. Кишиневская д. 5"
ИК-4 Шерегеш,"Таштагольский р-н, пос. Шерегеш, ул. Весенняя д. 9"
Тюрьма-2 Енисейск,"г. Енисейск, ул. Декабристов д. 11"
ИК-1 Надвоицы,"Сегежский район, пос. Надвоицы, ул. Карельская д. 18"
ИК-13 Раисино,"Убинский р- н, село Раисино"
КП-39 Мерзляки,"п. Мерзляки, ул. Центральная  д. 2"
КП-8 Ульяновск,"г. Ульяновск, Заволжский р-н, Промзона"
ИК-8 Ухта,"г. Ухта, ул. Транспортная д. 16 Б"
СИЗО-3 Хасавюрт,"г. Хасавюрт, ул. Батаюртовское шоссе д. 4."
СИЗО-4 Мензелинск,"г. Мензелинск, пер. Мирный д. 1"
ИК-4 Магадан,"г. Магадан,  п. Уптар, ул. Центральная д. 3"
ИК-13 Спиридоновка,"Волжский район, с. Спиридоновка, ул. Набережная д. 35"
СИЗО-5 ФСИН России Краснодар,"г. Краснодар, ул. Красноармейская д. 22"
ИК-6 Валуйки,"г. Валуйки, ул. Тимирязева д. 1 А"
ИК-5 Старцево,"Емельяновский р- н, пос. Старцево, ул. Центральная д. 50"
КП-39 Улькан,"Казачинско- Ленский район, п. Улькан"
ИК-1 Семилуки,"г. Семилуки, ул. Индустриальная д. 10"
КП-12 Чашкан,"Соль- Илецкий р- н, п. Чашкан, ул. Южная д. 4"
СИЗО-1 Владикавказ,"г. Владикавказ, Пр- кт Коста д. 205"
ИК-7 Архангельск,"г. Архангельск, Лахтинское шоссе д. 105"
СИЗО-6 Гамово,"с. Гамово, ул. Свободы д. 1"
ИК-10 Ликино,"Судогодский р- н, село Ликино, ул. Лесная"
ИК-4 Челябинск,"г. Челябинск, ул. Молодежная д. 24"
ИК-7 Юргамыш,"пос. Юргамыш, ул. Труда д. 147"
КП-5 Десногорск,"г. Десногорск,"
ИК-13 Парца,"Зубово- Полянский р-н, пос. Парца, ул. Центральная д. 6 А"
СИЗО- 2 Камышин,"г. Камышин, ул. Рабочая, д. 38"
СИЗО-2 Вольск,"г. Вольск, ул. Комсомольская д. 157"
СИЗО-2 Черняховск,"г. Черняховск, ул. Пригородная д. 2 А"
ИК-7  Мильково,"с. Мильково, ул. Юбилейная д.10"
КП-3 Каркалай,"Увинский район, станция Каркалай,  ул. Станционная д. 4"
ИК-24 Азанка,"Тавдинский район, п. Азанка, ул. Ленина д. 1"
ИК-6 Толиково,"Чебоксарский р- н, д. Толиково, ул. Большая д. 50"
ЛИУ-42 Ленинск-Кузнецкий,"г. Ленинск-Кузнецкий, ул. Северная промзона д. 15"
ИК-2 Махачкала,"г. Махачкала, пос. Загородный"
ЛИУ-8 Костюшино,"Андреапольский р- н, п. Костюшино"
ИК-8 Зелёный,"Рассказовский р-он, п. Зеленый, ул. Центральная д.2"
СИЗО-1 Черкесск,"г. Черкесск, ул. Первомайская д. 1"
ИК-6 Спасск-Дальний,"г. Спасск- Дальний, ул. Планерная д. 15"
ИК-1 Каменка,"Чегемский район пос. Каменка, ул. Д. А. Мизиева д. 1"
ЛИУ-51 Нижний Тагил,"г. Нижний Тагил, ст. Сан-Донато"
ИК-24 Ухта,"г. Ухта, пос. Сирачой"
КП-7 Мценск,"г. Мценск, ул. Советская д. 98-а"
КП-10 Перелешино,"пос. Перелешино, ул. Мира д.71 А"
ИК-1 Майма,"Майминский взвоз, с. Майма"
Пермская ВК Гамово,"с. Гамово, ул. Свободы  д. 1"
КП-10 Новороссийск,"г. Новороссийск, ул. Сухумское шоссе д. 78"
ИК-7 Восход,"Варнавинский р- н, поселок Восход, ул. Центральная д. 14"
КП-6 Грязовец,"г. Грязовец, ул. Ленина д. 13"
ИК-5 Константиновск,"г. Константиновск, ул. Ермака д. 7"
СИЗО-2 Кашин,"г. Кашин, ул. Красная д. 31"
ИК-2 Шара-Горохон,"пос. Шара- Горохон,"
КП-6 Майкоп,"г. Майкоп, ул. Кожевенная д. 11"
КП-31 Пригорск,"г. Черногорск, пос. Пригорск"
ЛИУ-17 Сургут,"г. Сургут, пос. Звездный"
ИК-28 Усть-Абакан,"п.г.т. Усть-Абакан, Подгорный квартал д. 13"
ИК-1 Владикавказ,"г. Владикавказ, ул. Карабулакская д. 2"
ИК-13 Тобольск,"г. Тобольск, ул. Большая Сибирская д. 54-а"
СИЗО-2 Белорецк,"Белорецкий район, г. Белорецк, ул. Тюленина д. 34"
СИЗО-4 ФСИН России,"г. Ростов-на-Дону, ул. Большая Садовая д. 31"
КП-3 Сураж,"г. Сураж, ул. Лесная д. 3"
ЛИУ-8 Новоалтайск,"г. Новоалтайск, ул. Репина д. 2"
СИЗО-2 Дербент,"г. Дербент, ул. Приморская д. 1."
СИЗО-2 Галич,"г. Галич, ул. Долматова д. 25"
ИК-6 Мохсоголлох,"Хангаласский район, п. Мохсоголлох, Военный городок д. 8"
ИК-2 Смирных,"Смирныховский район, пгт. Смирных, ул. Полевая д. 1"
ИК-33 Старый Ключ,"Спасский р- н, ж/д станция Старый Ключ, ул. Раздольная д. 4 А"
ЛИУ-12 Кирово- Чепецк,"г. Кирово- Чепецк,"
ИК-2 Чернокозово,"Наурский р- н, с. Чернокозово, ул. Дзержинского д. 10"
СИЗО-2 Комсомольск-на-Амуре,"г. Комсомольск-на-Амуре, ул. Пионерская д. 23, кор. 2"
ИК-3 Магадан,"г. Магадан, ул. Пролетарская д. 130"
КП-8 Чернянка,"поселок Чернянка, ул. Волотовская д.4"
ИК-5 Стародуб,"г. Стародуб, ул. Семашко д. 1"
ИК-4 Ударный,"Зубово-Полянский р-н, пос. Ударный, ул. Железнодорожная д. 1"
ИК-18 Ардатов,"Ардатовский р- н, р.п. Ардатов ул. 30 лет ВЛКСМ д. 45"
КП-1 Тольятти,"г. Тольятти, ул. Комсомольская д. 129"
ИК-21 Касли,"г. Касли, ул. Первого Мая"
ИК-29 Пригорск,"г. Черногорск, пос. Пригорск"
СИЗО-2 Вязьма,"г. Вязьма, ул. Дмитрова гора д. 9"
ЛИУ-4 Ижевск,"г. Ижевск, Деповский проезд д. 11"
ИК-40 Бозой,"Эхирит-Булагатский р-н, п. Бозой"
ИК-8 Россош,"г. Россош, ул. Кирпичный завод д. 5"
ИК-33 Котельнич,"г. Котельнич, Даровской тракт"
КП-27 Ленинск,"г. Ленинск, ул. Промышленная д. 24"
СИЗО-2 Колпашево,"г. Колпашево, ул. Пушкина д. 5"
ИК-3 Медведево,"пос. Медведево, ул. Медведево д. 1"
СИЗО-1 Петрозаводск,"г. Петрозаводск, ул. Герцена д. 47"
ИК- 9 Борисоглебск,"г. Борисоглебск, ул. 40 лет Октября д. 9"
КП-5 Уфа,"г. Уфа, ул. Советов д. 16/1"
Новосибирская ВК,"г. Новосибирск, а/я 139"
ИК-7 Улан- Удэ,"г. Улан- Удэ, ул. Пристанская д.4-а"
ЛИУ-16 Абагур Лесной,"г. Новокузнецк, п. Абагур Лесной, ул. Левашова д. 42А"
СИЗО-1 Чебоксары,"г. Чебоксары, ул. К. Иванова д. 22"
СИЗО-1 Магадан,"г. Магадан, Гаражный переулок д. 6 А"
КП-12 Сосновка,"Бессоновский район, с. Сосновка, ул. Дорожная  д. 5"
СИЗО-2 Тара,"г. Тара, ул. Советская д. 41"
ИК-1 Якутск,"г. Якутск, ул. Очиченко д. 1"
КП-48 Курдояки,"Нижнеингашский р- н, п. Курдояки, ул. Лесная д.1"
ИК-3 Рудничный,"Верхнекамский район, пос. Рудничный"
КП-1 Ульяновск,"г. Ульяновск, 7-ой Инженерный проезд д. 9"
ИК-1 Нерчинск,"г. Нерчинск, ул. Шилкинская д. 1 А"
КП-9 Чудиново,"Вязниковский р-н, д. Чудиново, ул. Полевая, д. 36"
ИК-28 Рождествено,"Волжский район, пос. Северный"
ИК-8 Гари,"Гаринский район, р.п. Гари, ул. Советская д. 76"
КП-10 Бородино,"Гаврилово- Посадский район, с. Бородино д. 132"
ИК-4 Чебоксары,"г. Чебоксары, ул. Якимовская д. 90"
ИК-4 Советское,"Прохладненский район, пос. Советское, ул. Угнич д. 10"
КП-7 Суда,"Череповецкий р-н, п. Суда, ул. Заря д. 11"
ЛПУ-21 Барашево,"Теньгушевский р-н, пос. Барашево, ул. Штабная д. 1"
КП-21 Кирово- Чепецк,"Кирово- Чепецк, пр-д Западный"
КП-3 Талаги,"г. Архангельск, Приморский р- н, пос. Талаги"
КП-17 Дигитли,"Мамадышский р- н, с. Дигитли, ул. Заречная д. 4"
ЛИУ-23 Уссурийск,"г. Уссурийск, пер. Мурзинцева д. 3-а"
КП-3 Улан- Удэ,"г. Улан- Удэ, п. Загорск, ул. Магистральная д. 2-Б"
ИК-3 Хабаровск,"г. Хабаровск, ул. Целинная д. 33-а"
ИК-7 Пенза,"г. Пенза, Проспект Победы  д. 71 А"
ИК-5 Морозовка,"Омский р- н, п. Морозовка, ул. 25 Партсъезда д. 12"
ИК-13 Десятый километр,"г. Губаха, п. Широковский"
КП-51 Емва,"г. Емва, ул. Московская д. 15"
ИК-8 Кизилюрт,"г. Кизилюрт, ул. Имама Газимагомеда д. 145"
Областная больница,"г. Архангельск, ул. Онежская д. 22"
ИК-7 Табага,"г. Якутск, пос. Табага, ул. Каландрашвили д. 1"
ИК-15 Пруды,"Краснобаковский р- н, поселок Пруды, ул. Центральная д. 22"
ИК-6 Йошкар-Ола,"г. Йошкар- Ола, ул. Строителей д. 56"
ИК-4 Лесной,"пос. Лесной, ул. Лесная д. 1"
ИК-24 Озерск,"г. Озерск, ул. Промышленная д. 3"
КП-49 Владивосток,"г. Владивосток, ул. Выселковая д. 48"
КП-6 Стерлитамак,"г. Стерлитамак, ул. Гайдара д. 6"
ИК-4 Рубцовск,"г. Рубцовск, ул. Тракторная д. 23 А"
ФКЛПУ ОТБ Самара,"г. Самара, пос. Управленческий, ул. Зеленая д. 4"
ИК-3 Новочебоксарск,"г. Новочебоксарск, ул. Промышленная д. 72"
ИК-3 Великий Устюг,"г. Великий Устюг, ул. С. Дежнева д. 21"
ЛИУ-19 Лесной,"Зубово- Полянский р- н, п. Лесной,  ул. Лесная д. 11"
СИЗО-2 Чернокозово,"Наурский р- н, с. Чернокозово, ул. Дзержинского д. 10"
КП-41 Тремино,"Иркутская область, Тайшетский р- н, п. Тремино"
ЛИУ-8 Нефтекумск,"г. Нефтекумск,"
ИК-8 Пенза,"г. Пенза, поселок Лесной д.1"
ИК-1 Кызыл,"г. Кызыл, ул. Догээ- Баары д. 1"
КП-9 Лыткина,"Тобольский р- н, д. Лыткина"
ЛИУ-33 Мариинск,"г. Мариинск, ул. Дзержинского д. 9"
Канская воспитательная колония,"г. Канск, ул. Красной Армии д. 1"
ИК-21 Горный,"Тогучинский р- н, п. Горный, ул. Воинская д. 1"
Арзамасская ВК,"г. Арзамас, поселок Высокая Гора"
КП-13 Омск,"г. Омск, м-н Осташково, ул. Осташковская д. 23"
КП-2 Садовый,"Кирсановский район, п. Садовый, ул. Зеленая д. 11"
КП-20 Паницкая,"Красноармейский район, ст. Паницкая"
ИК-20 Полевой,"пос. Полевой- 2, Верхнекамский район"
КП-8 Явас,"Зубово- Полянский р-н, пос. Явас, ул. Дзержинского д. 51"
ИК-4 Курган,"г. Курган, ул. К. Мяготина д. 43"
ФКЛПУ- Больница №18,"г. Ухта, ул. Транспортная д. 29 а"
ЛИУ-3 Курган,"г. Курган, ул. 2-я Часовая д. 48 Б"
КП-37 Дзержинское,"Октябрьский р- н, с. Дзержинское, ул. Октябрьская д. 4"
КП-3 Шахово,"Кромской  район, п. Шахово, ул. Победы д. 29"
ЛИУ-3 Боровичи,"г. Боровичи, ул. Угольщиков д. 40"
КП-12 Усть-Лабинск,"г. Усть- Лабинск, ул. Южная д. 19"
ФКЛПУ СТБ-3 Челябинск,"г. Челябинск, ул. Монтажников д. 7 А"
КП-22 Тайшет,"г. Тайшет, п. 10- й Сельхоз"
ИК-18 Казань,"г. Казань, ул. Лебедева д. 1"
МОТБ Усть- Лабинск,"г. Усть- Лабинск, ул. Демьяна  Бедного д. 88"
Архангельская ВК,"Приморский р- н, пос. Талаги д. 112"
ЛИУ-19 Салават,"г. Салават, станция Южная д. 19 А"
ИК-3 Верхний Бестях,"Хангаласский район, пос. Верхний Бестях, ул. Назарова д. 35"
КП-20 Усть- Кут,"г. Усть-Кут, ул. Якуримская д. 27"
ИК-25 Лесной,"Верхнекамский район, пос. Лесной"
ИК-1 Пенза,"г. Пенза, Автоматный переулок  д. 1"
ЛИУ-7 Полевой,"Кирсановский район, п. Полевой, ул. Рабочая д. 7"
СИЗО-2 Борисоглебск,"г. Борисоглебск, ул. Советская д. 39"
ЛИУ-27 Вихоревка,"Братский район, г.Вихоревка, ул. 1-я Озерная д. 1 А"
ЛИУ-3 Михайловское,"Бологовский р- н, Валдайское сельское поселение, д. Михайловское"
КП-51 Бельняки,"Нижнеингашский р-н, п. Бельняки, ул. Молодежная д. 1 А"
КП-3 Вахтовый,"Яшкульский район, пос. Вахтовый, Вахтовый квартал"
КП-3 Химпром,"г. Волгоград, ул. Промысловая, д. 24"
СИЗО-4 Старый Ключ,"Спасский р- н, ж/д станция Старый Ключ, ул. Раздольная д.4"
ЛИУ-23 Сосьва,"п. Сосьва, Серовский р-н, ул. Дорожная д. 1 А"
КП-12 Шилекша,"Кинешемский район с. Шилекша, ул. Центральная д. 32"
КП-6 Топорок,"Окуловский р- н, пос.Топорок, ул. Дзержинского д.6 Б"
ФКЛПУ КТБ-7 Губаха,"г. Губаха, пгт. Углеуральский, ул. Садовая д. 156"
ОТБ-1 Воронеж,"г. Воронеж, ул. Пирогова д. 8 А"
КП-14 Тамтачет,"Тайшетский р- н, пос. Тамтачет, ул. Гайнулина д. 1"
ИК-8 Карымское,"пос. Карымское, ул. Красноармейская д. 10"
ИК-4 Шагонар,"г. Шагонар, Улуг- Хемский район, ул. Энергетиков д. 1"
ПБСТИН Орел,"г. Орёл, ул. Ростовская д. 11"
КП-3 Новоивановский,"Чебулинский р-н, пос. Новоивановский-1, ул. Трактовая д. 2"
Волгоградский ПБСТИН,"Камышинский р-н, с. Дворянское"
СИЗО-2 Оха,"г. Оха, ул. Строительная д. 11"
КП-13 Оренбург,"г. Оренбург, пл. 1 Мая д.3"
КП-6 Тыргетуй,"Карымский район, с. Тыргетуй"
ЛИУ-3 Балашов,"г. Балашов, ул. Саратовское шоссе д.1"
КП-45 Восточный,"Камышловский р- н, п. Восточный  ул. Комарова д.18"
СИЗО-4 Бирск,"г. Бирск, ул. Худайбердина д. 7"
КП-22 Заозерное,"Хабаровский р- н, п. Заозерное, ул. Петра Черкасова д. 32"
ЛИУ-6 Сердобск,"г. Сердобск, ул. Энергетиков ЯК 7/6 тер"
ИК-22 Леплей,"Зубово- Полянский р- н, пос. Леплей"
СИЗО-1 Северный,"г. Элиста, жилой квартал"
ФКЛПУ  Республиканская больница,"г. Уфа, ул. Достоевского д. 41"
КП-4 Приозерный,"Ивановский р- н, пос. Приозерный, ул. Ветеранов д. 1"
КП-26 Приморский,"Хасанский р- н, пгт. Приморский, ул. Молодежная д.1"
ФКЛПУ Б-2 Рязань,"г. Рязань, ул. Семашко д. 48 А"
СИЗО-6 ФСИН России (Владикавказ),"г. Владикавказ, ул. Мордовцева д. 6"
КПБСТИН,"Судиславский р-н, поселок Березовая роща"
ЛИУ-20 Шахты,"г. Шахты, ул. Открытая д.10"
ИК-18 Восточный,"пос. Восточный, Омутнинский район"
КП-3 Новый Сад,"Тахтамукайский район, х. Новый сад"
ЛИУ-9 Углич,"г. Углич, ул. Камышевское шоссе д. 2"
ЛИУ-21 Таежный,"г. Тайга, пос. Таежный, ул. Народная д. 7"
ИК-5 Ясный,"пос. Ясный, ул. Ясная д. 3"
ЛИУ-34 Пригорск,"г. Черногорск, пос. Пригорск"
ЛИУ-47 Артем,"г. Артем, ул. Стрельникова д.12"
КП-15 Ильинское,"Кувандыкский р- н, с. Ильинка, ул. Конторская д. 2"
КП-51 Плишкино,"Иркутский район, п. Плишкино"
КП-5 Курган,"г. Курган, ул. Часовая 2-я д. 48 А"
ЛИУ-3 Озерный,"г. Тула, п. Озерный"
КП-7 Верховье,"с.п. Новосельское, д. Верховье, ул. Поселковая д. 19"
ЛИУ-4 Самара,"г. Самара, ул. Заводское шоссе д. 15 А"
Ангарская воспитательная колония,"г. Ангарск, п. Юго-Восточный, квартал 11, строение 2"
КП-7 Красный Берег,"п. Красный Берег, Соликамский район"
ИК-11 Комсомольск-на-Амуре,"г. Комсомольск-на-Амуре, Северное шоссе д. 42"
ИК-4 ФКУ ОИК-11 ОУХД,"Чердынский р-он, ул. Уральская д. 33"
Краевая туберкулезная больница 12,"г. Барнаул, ул. Канатный проезд д. 83"
СИЗО-2 Кинешма,"г. Кинешма, ул. Шуйская д. 4"
КП-27 Самара,"г. Самара, ул. Измайловский пер. д. 10"
ЛИУ-9 Бакал,"г. Бакал, Саткинский р- н, ул. Холодный Ключ д. 2"
КП-12 Славинск,"Гвардейский район, пос. Славинск, ул. Центральная,  д. 39"
ИК-11 Новоалтайск,"г. Новоалтайск, ул. Дорожная д. 30"
ЛИУ-3 Пруды,"Краснобаковский р- н, поселок Пруды, ул. Центральная д. 22"
СИЗО-1 Кызыл-Озек,"Майминский р- н, пос. Кызыл- Озек, ул. Горная д.15"
КП-26 Кизел,"г. Кизел, ул. Микова д. 42"
КП-9 Кизилюрт,"г. Кизилюрт, ул. Имама Газимагомеда д. 145."
КП-8 Иванино,"пос. Иванино, ул. Кирова д. 1 А"
КП-59 Каменск-Уральский,"г. Каменск- Уральский, ул. Силикатная д. 1"
КП-5 Советское,"Прохладненский район, пос. Советское, ул. Угнич д. 5"
КП-2 Сплавная,"Хасынский район,  Магаданская область, с. Сплавная"
КП-31 Анжеро-Судженск,"г. Анжеро- Судженск, ул. Чекистов д. 1"
ЛИУ-4 Чита,"г. Чита, ул. Кабанская д. 1"
Находкинская воспитательная колония,"г. Находка, п. Врангель, ул. Крайнева д. 12"
Тюменская воспитательная колония,"Тюменский район, пос. Винзили, ул. Вокзальная д. 3"
СИЗО-3 Николаевск-на-Амуре,"г. Николаевск-на-Амуре, ул. Гоголя д. 16"
Областная больница УФСИН,"г. Тюмень, ул. Авторемонтная д. 23 В"
КП-5 Димитровград,"г. Димитровград, ул. Промышленная д. 23"
КПБСТИН Черняховск,"г. Черняховск, ул. Пригородная д. 2"
ИК-7 Светлый,"пос. Светлый, ул. Макаренко д. 8"
ВК Биробиджан,"г. Биробиджан, пер. Аремовский д. 10"
ИК-39 Чкаловское,"Спасский р- н, с. Чкаловское, ул. Пограничная д. 43"
ЛИУ-10 Омск,"г. Омск, ул. Энтузиастов д. 18 А"
КП-2 Якутск,"г. Якутск, ул. Очиченко д. 29/1"
КП-26 Заречный,"пос. Заречный, Верхнекамский район, ул. Центральная д. 5"
КП-3 Аргун,"г. Аргун, ул. Шоссейная д. 144 А"
КП-3 Ногир,"Пригородный район, с. Ногир"
КП-10 Ижевск,"г. Ижевск, ул. Базисная д. 31-Б"
ОПБ Магнитогорск,"г. Магнитогорск, ул. Танкистов д. 19"
ЛИУ-3 Южно-Сахалинск,"г. Южно-Сахалинск, п.р. Лиственничное, ул. 4-я Железнодорожная д. 27"
КП-11 Губерля,"г. Новотроицк, ст. Губерля, ул. Победы д. 1"
КП-2 Новороманово,"Калмановский р- н, с. Новороманово, ул. Взлетная д. 56"
КП-4 Биробиджан,"г. Биробиджан, ул. Карла Маркса д. 8"
ФКЛПУ КТБ-17,"Соликамский р- н, пос. Нижнее Мошево, ул. Ковалева д. 4 А"
ЛИУ-5 Озерки,"пос. Озерки, ул. Чекистов д. 1 А"
КП-10 Усть-Илимск,"Иркутская область, г. Усть-Илимск, ул. Высотная д. 47"
КП-7 Шипуново,"Шипуновский р- н, с. Шипуново, ул. Заводская д. 53 А"
КП-30 Абакан,"г. Абакан, Молодежный квартал д. 11"
КП-19 Междуреченский,"Пинежский р- н, пос. Междуреченский, ул. Центральная, д. 4"
ИК-11 Нерчинск,"г. Нерчинск, ул. Декабристов д. 42-б"
ЛИУ-4 Махачкала,"г. Махачкала, пр- кт А. Султана д. 18"
ФКУ СИЗО-1 Карабулак,"г. Карабулак, ул. Карабулакская д. 1"
ИК-9 Северный,"Опаринский район, п. Северный"
КП-11 Большой Кияик,"Завьяловский район, дер. Большой Кияик, ул. Советская д. 1"
ЛИУ-5 Балта,"Мухоршибирский р- н, улус Балта"
КП-8 Калинино,"Алатырский р- н, п. Калинино, ул. Калинина д. 1"
ЛИУ-2 Бира,"пос. Бира, ул. Набережная д. 20"
Краевая Больница Владивосток,"г. Владивосток, ул. Партизанский пр. д. 28 А"
Стерлитамакская воспитательная колония,"село Бельское, ул. Подгорная д. 2"
ЛИУ-8 Талицы,"Южский район пос. Талицы, ул. Ленина д.14"
ЛИУ-37 Сосновоборск,"г. Сосновоборск, ул. Заводская д. 5, а/я 214."
КП-15 Калачиги,"пос. Калачиги, Верхошижемский район"
Мариинская воспитательная колония,"г. Мариинск, ул. Макаренко д. 4"
ЛИУ-2 Кызыл,"г. Кызыл, ул. Ровенская д. 38"
КП-3 Кызыл,"г. Кызыл, ул. Калинина д. 140"
Кизилюртовская воспитательная колония,"г. Кизилюрт, ул. Имама Газимагомеда д. 145"
ЛИУ-19 Тобольск,"г. Тюмень, ул. Бабарынка, д. 75, стр. 3"
ЛИУ-5 Большая Марха,"г. Якутск, пос. Большая Марха, ул. Экспериментальная д. 5/1"
"ОИК-5 (ИК-29 Сорда, КП-32 Созимский)","пгт. Лесной, Верхнекамский район, ул. Ленина д. 14"
КП-19 Северный,"Опаринский район, пос. Северный"
"ОИК-4 (ИК-27 Лесной, КП-26 Заречный)","Верхнекамский район, пгт. Лесной,, ул. Центральная д. 5"
КП-4 Верхний,"Сегежский район,  п/о Каменный Бор, пос. Верхний"
УФИЦ-1 ИК-2,"Астраханская область, Приволжский район, с. Кулаковкка,ул. Лесная, д .24"
ИК-1 Новый Оскол,"г. Новый Оскол, ул. Красноармейская, 12"
Исправительный центр № 1,"Московская область, г.о. Кашира, поселок Ожерельевского плодолесопитомника,ул. Новая, д. 6 А"
Участок № 1 ИЦ-1,"Белгородская область, Яковлевский городской округ, Крапивенские дворы, территория трассы М-2"
Участок № 2 ИЦ-1,"Белгородская область, Ракитянский район, пос. Пролетарский, Борисовское шоссе, 2"
УФИЦ ИК-6,"г.Астрахань, ул.Рождественского д.6"
УФИЦ № 1 Брянская ВК,"г. Брянск, ул. Калужская, д. 1"
Исправительный центр № 1,"г. Липецк, ул. Механизаторов, д. 19а"
УФИЦ при ФКУ ИК-3,"Волхов, Ленинградская область, Мурманское шоссе, д. 10"
УФИЦ №2 КП-10,"Воронежская область, Бобровский район,  г. Бобров, ул. Карла Маркса, 45"
УФИЦ №1 ИК-3,"г. Кинешма, ул.Шуйская д.1"
УФИЦ №3 ИК-2,"г.Воронеж, ул. Чебышева, д. 13, корпус 1"
УФИЦ ИК-3,"Курская область, Курская область Железногорский район с. Линец ул. Северная д. 4"
УФИЦ №1 КП-10,"Воронежская область, Панинский район, пос. Перелешино, ул. Мира, д. 71 а"
УФИЦ ИК-5,"г. Иваново, пер. Торфяной, дом 67"
УФИЦ №1 ИК-2,"г. Воронеж, ул. Богдана Хмельницкого, д. 51а"
УФИЦ №2 ИК-3,"г. Кинешма, ул. Фрунзе, дом 23"
УФИЦ № 2 Брянская ВК,"г. Брянск, пгт. Большое Полпино, ул. Инженерная, д. 11"
УФИЦ ИК-5,"г.Сухиничи,"
УФИЦ при ФКУ ИК-5,"Санкт-Петербург и ЛО, п. Металлострой, Северный проезд 1-й, д. 1."
УФИЦ КП-2,"г. Зеленоград, ул. Панфилова, д. 21"
УФИЦ ИК-7,"г. Иваново, пр. Химический, дом 2"
Исправительный центр № 1,"г. Алексеевка, ул. П. Ющенко, 116-А"
УФИЦ ИК-7,"г.Калуга, мкр.Малинники, пер.Сельский, д.8а"
УФИЦ ИК-2,"Брянская область, Дятьковский район, г. Фокино, ул. Карла Маркса, д. 17 А"
Исправительный центр № 1,"Владимирская область, г. Кольчугино, поселок Труда, д.1 ""Д"""
Исправительный центр № 2,"Рязанская область, Рязанский район, пос. Льгово, ул. Макаренко"
УФИЦ ИК-1,"Воронежская область, Семилукский район, г. Семилуки, ул. Ленина, д. 5 «а»"
УФИЦ КП-7,"г. Мценск, ул. Советская, 98 а"
УФИЦ №2 ИК-5,"Калужская область, Людиновский район, д.Игнатовка, ул. Игнатовская, д.32 «б»"
УФИЦ ИК-2,"г.Курск, п.Косиново, д.1А"
УФИЦ №3 КП-3,"г. Орёл, пер. Маслозаводской, д. 19"
УФИЦ КП-8,"Курская область, Курская обл., Курчатовский район, пос. Иванино, ул. Кирова, 1А"
Исправительный центр № 1,"г. Скопин, мкр. Коготково, ул. Железнодорожная, д. 7"
УФИЦ ИК-3,"г. Углич, Камышевское шоссе, д. 5"
Исправительный центр № 1,"Колпино, ул. Севастьянова, 49 лит В"
УФИЦ №2 ИК-2,"г. Воронеж, ул. Дорожная, д. 13"
Исправительный центр №1,"г. Кострома, ул. Заречная, д.17"
УФИЦ-3 ИК-1,"г. Тверь, пос. Элеватор, 3-й переулок, д. 1"
Исправительный центр № 2,"г. Алексин, ул. Макаренко, здание 10"
УФИЦ-3 ИК-2,"Рязанская область, Рязанский район, с. Шумашь"
УФИЦ-2 ИК-1,"г. Тверь, пр. Победы, д. 73А"
УФИЦ ИК-2,"г. Ярцево, ул. Озерищенское лесничество, д. 8"
УФИЦ КП-3,"Брянская область, г. Сураж, ул. Лесная, д. 3"
УФИЦ-1 ИК-2,"Рязанская область, Касимовский район, с. Дмитриево,  ул. Полевая, д. 41"
УФИЦ КП-3,"Орловская область, Кромской  район, с.Шахово, ул.Победы, д.29"
Участок исправительного центра № 1,"Рязанская область, Скопинский район, с. Чулково, ул. Лихарево, д. 97,"
Исправительный центр № 1,"г. Белев, пл. Пролетарская, д. 1"
УФИЦ ИК-12,"г. Тутаев, ул. Промышленная, д. 1"
УФИЦ-1 ИК-1,"г. Тверь, пос. Большие Перемерки, д.18А"
УФИЦ ИК-2,"Орловская область, пгт. Глазуновка, ул. Полевая, д. 5 А"
Исправительный центр № 2,"г.Мурманск, ул. Транспортная, д. 6"
УФИЦ № 2 ИК-2,"г. Вологда, Окружное шоссе, 13"
Исправительный центр № 2,"г. Тамбов, Зона промышленная, д.20"
Исправительный центр №1,"г. Калининград, ул. Александра Невского, 190"
УФИЦ ИК-4,"Тверская область, Торжокский муниципальный округ, Марьинское сельское поселение, пос. Зеленый"
Исправительный центр № 1,"Тамбовская область, Рассказовский муниципальный округ, п. Зеленый, ул. Центральная, д. 9"
Исправительный центр № 1,"Смоленская область, Сафоновский район, д. Анохово"
УФИЦ ИК-6,"г. Бежецк, ул. Новая,  д. 60А"
УФИЦ ИК-2,"г. Рыбинск, ул. Целинная, д. 20"
УФИЦ ИК-17,"Вологодская область, Череповецкий район, поселок Суда, ул. Заря,11"
УФИЦ ИК-2,"Вологодская область, Вологодский район, деревня Княгинино, 16"
УФИЦ ИК-7,"Архангельская область, ул. П. Усова, д. 12"
УФИЦ № 1 ИК-1,"г. Архангельск, ул. Садовая, д. 42"
УФИЦ ИК-12,"Вологодская область, Череповецкий район, деревня Климовское, ул. Центральная д.25"
УФИЦ ИК-8,"г. Ярославль, пр-т Октября д. 90"
УФИЦ ИК-4,"г. Котлас, пер. Менжинского, д.15"
Исправительный центр № 1,"г. Оленегорск, ул. Мончегорское шоссе, д. 24/2"
УФИЦ № 2 ИК-2,"г. Северодвинск, ул. Архангельское шоссе, д. 17"
УФИЦ КП-3,"г. Архангельск, ул. Октябрьская, д.3, корп.1, ст.1"
УФИЦ ИК-21,"Архангельская область, Плесецкий муниципальный округ, пос. Североонежск, 2 мкр.,д. 10."
УФИЦ ИК-4,"г. Валдай, пр. Васильева д. 77"
УФИЦ № 2 ИК-1,"Вологодская область, Вологодский район, Сосновское территориальное управление администрации Вологодского муниципального округа, д. Новое, территория Производственная д.1"
УФИЦ ИК-7,"г. Великий Новгород, Сырковское шоссе, д. 4"
Исправительный центр № 1,"г. Сегежа, ул. Лейгубская, д.1 ""А"""
Исправительный центр № 1,"г. Великие Луки, ул. Горицкая д. 16 ""а"""
УФИЦ № 1 ИК-9,"г. Старая Русса, ул. Клубная д. 3"
УФИЦ № 2 ИК-9,"Новгородская область, п. Парфино, ул. Кирова д. 52/71"
Исправительный центр № 2,"г. Петрозаводск, ул.Жуковского, д.32 б"
УФИЦ ИК-25,"г. Сыктывкар, ул. 1-промышленная, д. 15"
УФИЦ №3 ИК-9,"Новгородская область, п. Крестцы ул. Краснова д. 2"
УФИЦ-2,"г. Петрозаводск, проезд Строителей, д.30 б"
Исправительный центр № 1,"г. Емва, ул. Калинина, д.55 а"
УФИЦ № 3 ИК-14,"Краснодарский край, Северский район,  пгт. Ильский, улица Завода Утяжелитель, 45"
УФИЦ № 1 ИК-2,"Калмыкия, Целинный район, с. Троицкое, Северная промзона"
УФИЦ № 2 ИК-2,"г. Элиста, ул. Ленина, д. 329"
Исправительный центр № 1,"г. Майкоп, ул. Кожевенная,11"
УФИЦ № 5 ИК-14,"Краснодарский край, Славянский район, пос. Вишневый, ул. Парковая д. 1"
УФИЦ ИК-6,"Краснодарский край, Выселковский район,  ст. Новомалороссийская, ул. Степная, д. 2"
УФИЦ № 1 ИК-14,"г. Славянск-на Кубани, ул. Донская 3 «а»"
Исправительный центр № 1,"г. Волгоград, ул.им. Землячки, 14"
УФИЦ № 3 ИК-2,"г.Элиста, Северная промышленная зона-2, д.172"
УФИЦ №2 ИК-4,"Краснодарский край, Успенский район, п. Мичуринский, ул. Садовая, 22"
УФИЦ №1 ИК-4,"г. Армавир, ул. Володарского 1а"
Исправительный центр № 2,"г. Волгоград, ул.им. Бахтурова, 6"
УФИЦ ИК-2,"Краснодарский край, Усть-Лабинский район, ст. Воронежская, ул. Крайняя 1"
УФИЦ №1 ИК-1,"г. Симферополь, пер. Элеваторный, 5"
УФИЦ № 2 ИК-14,"г. Краснодар, Восточная промышленная зона, ул. Тихорецкая, 20/1"
УФИЦ №4 ИК-14,"г. Краснодар, Западный обход, 2-ое отделение АФ «Солнечная», 7/4"
УФИЦ № 2 ИК-1,"Крым и Севастополь, пгт. Красногвардейское, ул. Строителей, д. 13"
СИЗО-2 Симферополь,"г. Симферополь, пер. Элеваторный, 4"
УФИЦ № 3 ИК-1,"Крым и Севастополь, Джанкойский район, с. Яркое, ул. Ленина, д. 12"
УФИЦ № 1 ИК-9,"г. Старая Русса, ул. Клубная д. 3"
УФИЦ № 2 ИК-9,"Новгородская область, п. Парфино, ул. Кирова д. 52/71"
Исправительный центр № 2,"г. Петрозаводск, ул.Жуковского, д.32 б"
УФИЦ ИК-25,"г. Сыктывкар, ул. 1-промышленная, д. 15"
УФИЦ №3 ИК-9,"Новгородская область, п. Крестцы ул. Краснова д. 2"
УФИЦ-2,"г. Петрозаводск, проезд Строителей, д.30 б"
Исправительный центр № 1,"г. Емва, ул. Калинина, д.55 а"
УФИЦ № 3 ИК-14,"Краснодарский край, Северский район,  пгт. Ильский, улица Завода Утяжелитель, 45"
УФИЦ № 1 ИК-2,"Калмыкия, Целинный район, с. Троицкое, Северная промзона"
УФИЦ № 2 ИК-2,"г. Элиста, ул. Ленина, д. 329"
Исправительный центр № 1,"г. Майкоп, ул. Кожевенная,11"
УФИЦ № 5 ИК-14,"Краснодарский край, Славянский район, пос. Вишневый, ул. Парковая д. 1"
УФИЦ ИК-6,"Краснодарский край, Выселковский район,  ст. Новомалороссийская, ул. Степная, д. 2"
УФИЦ № 1 ИК-14,"г. Славянск-на Кубани, ул. Донская 3 «а»"
Исправительный центр № 1,"г. Волгоград, ул.им. Землячки, 14"
УФИЦ № 3 ИК-2,"г.Элиста, Северная промышленная зона-2, д.172"
УФИЦ №2 ИК-4,"Краснодарский край, Успенский район, п. Мичуринский, ул. Садовая, 22"
УФИЦ №1 ИК-4,"г. Армавир, ул. Володарского 1а"
Исправительный центр № 2,"г. Волгоград, ул.им. Бахтурова, 6"
УФИЦ ИК-2,"Краснодарский край, Усть-Лабинский район, ст. Воронежская, ул. Крайняя 1"
УФИЦ №1 ИК-1,"г. Симферополь, пер. Элеваторный, 5"
УФИЦ № 2 ИК-14,"г. Краснодар, Восточная промышленная зона, ул. Тихорецкая, 20/1"
УФИЦ №4 ИК-14,"г. Краснодар, Западный обход, 2-ое отделение АФ «Солнечная», 7/4"
УФИЦ № 2 ИК-1,"Крым и Севастополь, пгт. Красногвардейское, ул. Строителей, д. 13"
СИЗО-2 Симферополь,"г. Симферополь, пер. Элеваторный, 4"
УФИЦ № 3 ИК-1,"Крым и Севастополь, Джанкойский район, с. Яркое, ул. Ленина, д. 12"
УФИЦ № 1 ИК-9,"г. Старая Русса, ул. Клубная д. 3"
УФИЦ № 2 ИК-9,"Новгородская область, п. Парфино, ул. Кирова д. 52/71"
Исправительный центр № 2,"г. Петрозаводск, ул.Жуковского, д.32 б"
УФИЦ ИК-25,"г. Сыктывкар, ул. 1-промышленная, д. 15"
УФИЦ №3 ИК-9,"Новгородская область, п. Крестцы ул. Краснова д. 2"
УФИЦ-2,"г. Петрозаводск, проезд Строителей, д.30 б"
Исправительный центр № 1,"г. Емва, ул. Калинина, д.55 а"
УФИЦ № 3 ИК-14,"Краснодарский край, Северский район,  пгт. Ильский, улица Завода Утяжелитель, 45"
УФИЦ № 1 ИК-2,"Калмыкия, Целинный район, с. Троицкое, Северная промзона"
УФИЦ № 2 ИК-2,"г. Элиста, ул. Ленина, д. 329"
Исправительный центр № 1,"г. Майкоп, ул. Кожевенная,11"
УФИЦ № 5 ИК-14,"Краснодарский край, Славянский район, пос. Вишневый, ул. Парковая д. 1"
УФИЦ ИК-6,"Краснодарский край, Выселковский район,  ст. Новомалороссийская, ул. Степная, д. 2"
УФИЦ № 1 ИК-14,"г. Славянск-на Кубани, ул. Донская 3 «а»"
Исправительный центр № 1,"г. Волгоград, ул.им. Землячки, 14"
УФИЦ № 3 ИК-2,"г.Элиста, Северная промышленная зона-2, д.172"
УФИЦ №2 ИК-4,"Краснодарский край, Успенский район, п. Мичуринский, ул. Садовая, 22"
УФИЦ №1 ИК-4,"г. Армавир, ул. Володарского 1а"
Исправительный центр № 2,"г. Волгоград, ул.им. Бахтурова, 6"
УФИЦ ИК-2,"Краснодарский край, Усть-Лабинский район, ст. Воронежская, ул. Крайняя 1"
УФИЦ №1 ИК-1,"г. Симферополь, пер. Элеваторный, 5"
УФИЦ № 2 ИК-14,"г. Краснодар, Восточная промышленная зона, ул. Тихорецкая, 20/1"
УФИЦ №4 ИК-14,"г. Краснодар, Западный обход, 2-ое отделение АФ «Солнечная», 7/4"
УФИЦ № 2 ИК-1,"Крым и Севастополь, пгт. Красногвардейское, ул. Строителей, д. 13"
СИЗО-2 Симферополь,"г. Симферополь, пер. Элеваторный, 4"
УФИЦ № 3 ИК-1,"Крым и Севастополь, Джанкойский район, с. Яркое, ул. Ленина, д. 12"
УФИЦ № 1 ИК-9,"г. Старая Русса, ул. Клубная д. 3"
УФИЦ № 2 ИК-9,"Новгородская область, п. Парфино, ул. Кирова д. 52/71"
Исправительный центр № 2,"г. Петрозаводск, ул.Жуковского, д.32 б"
УФИЦ ИК-25,"г. Сыктывкар, ул. 1-промышленная, д. 15"
УФИЦ №3 ИК-9,"Новгородская область, п. Крестцы ул. Краснова д. 2"
УФИЦ-2,"г. Петрозаводск, проезд Строителей, д.30 б"
Исправительный центр № 1,"г. Емва, ул. Калинина, д.55 а"
УФИЦ № 3 ИК-14,"Краснодарский край, Северский район,  пгт. Ильский, улица Завода Утяжелитель, 45"
УФИЦ № 1 ИК-2,"Калмыкия, Целинный район, с. Троицкое, Северная промзона"
УФИЦ № 2 ИК-2,"г. Элиста, ул. Ленина, д. 329"
Исправительный центр № 1,"г. Майкоп, ул. Кожевенная,11"
УФИЦ № 5 ИК-14,"Краснодарский край, Славянский район, пос. Вишневый, ул. Парковая д. 1"
УФИЦ ИК-6,"Краснодарский край, Выселковский район,  ст. Новомалороссийская, ул. Степная, д. 2"
УФИЦ № 1 ИК-14,"г. Славянск-на Кубани, ул. Донская 3 «а»"
Исправительный центр № 1,"г. Волгоград, ул.им. Землячки, 14"
УФИЦ № 3 ИК-2,"г.Элиста, Северная промышленная зона-2, д.172"
УФИЦ №2 ИК-4,"Краснодарский край, Успенский район, п. Мичуринский, ул. Садовая, 22"
УФИЦ №1 ИК-4,"г. Армавир, ул. Володарского 1а"
Исправительный центр № 2,"г. Волгоград, ул.им. Бахтурова, 6"
УФИЦ ИК-2,"Краснодарский край, Усть-Лабинский район, ст. Воронежская, ул. Крайняя 1"
УФИЦ №1 ИК-1,"г. Симферополь, пер. Элеваторный, 5"
УФИЦ № 2 ИК-14,"г. Краснодар, Восточная промышленная зона, ул. Тихорецкая, 20/1"
УФИЦ №4 ИК-14,"г. Краснодар, Западный обход, 2-ое отделение АФ «Солнечная», 7/4"
УФИЦ № 2 ИК-1,"Крым и Севастополь, пгт. Красногвардейское, ул. Строителей, д. 13"
СИЗО-2 Симферополь,"г. Симферополь, пер. Элеваторный, 4"
УФИЦ № 3 ИК-1,"Крым и Севастополь, Джанкойский район, с. Яркое, ул. Ленина, д. 12"
УФИЦ № 1 ИК-9,"г. Старая Русса, ул. Клубная д. 3"
УФИЦ № 2 ИК-9,"Новгородская область, п. Парфино, ул. Кирова д. 52/71"
Исправительный центр № 2,"г. Петрозаводск, ул.Жуковского, д.32 б"
УФИЦ ИК-25,"г. Сыктывкар, ул. 1-промышленная, д. 15"
УФИЦ №3 ИК-9,"Новгородская область, п. Крестцы ул. Краснова д. 2"
УФИЦ-2,"г. Петрозаводск, проезд Строителей, д.30 б"
Исправительный центр № 1,"г. Емва, ул. Калинина, д.55 а"
УФИЦ № 3 ИК-14,"Краснодарский край, Северский район,  пгт. Ильский, улица Завода Утяжелитель, 45"
УФИЦ № 1 ИК-2,"Калмыкия, Целинный район, с. Троицкое, Северная промзона"
УФИЦ № 2 ИК-2,"г. Элиста, ул. Ленина, д. 329"
Исправительный центр № 1,"г. Майкоп, ул. Кожевенная,11"
УФИЦ № 5 ИК-14,"Краснодарский край, Славянский район, пос. Вишневый, ул. Парковая д. 1"
УФИЦ ИК-6,"Краснодарский край, Выселковский район,  ст. Новомалороссийская, ул. Степная, д. 2"
УФИЦ № 1 ИК-14,"г. Славянск-на Кубани, ул. Донская 3 «а»"
Исправительный центр № 1,"г. Волгоград, ул.им. Землячки, 14"
УФИЦ № 3 ИК-2,"г.Элиста, Северная промышленная зона-2, д.172"
УФИЦ №2 ИК-4,"Краснодарский край, Успенский район, п. Мичуринский, ул. Садовая, 22"
УФИЦ №1 ИК-4,"г. Армавир, ул. Володарского 1а"
Исправительный центр № 2,"г. Волгоград, ул.им. Бахтурова, 6"
УФИЦ ИК-2,"Краснодарский край, Усть-Лабинский район, ст. Воронежская, ул. Крайняя 1"
УФИЦ №1 ИК-1,"г. Симферополь, пер. Элеваторный, 5"
УФИЦ № 2 ИК-14,"г. Краснодар, Восточная промышленная зона, ул. Тихорецкая, 20/1"
УФИЦ №4 ИК-14,"г. Краснодар, Западный обход, 2-ое отделение АФ «Солнечная», 7/4"
УФИЦ № 2 ИК-1,"Крым и Севастополь, пгт. Красногвардейское, ул. Строителей, д. 13"
СИЗО-2 Симферополь,"г. Симферополь, пер. Элеваторный, 4"
УФИЦ № 3 ИК-1,"Крым и Севастополь, Джанкойский район, с. Яркое, ул. Ленина, д. 12"
УФИЦ № 1 ИК-9,"г. Старая Русса, ул. Клубная д. 3"
УФИЦ № 2 ИК-9,"Новгородская область, п. Парфино, ул. Кирова д. 52/71"
Исправительный центр № 2,"г. Петрозаводск, ул.Жуковского, д.32 б"
УФИЦ ИК-25,"г. Сыктывкар, ул. 1-промышленная, д. 15"
УФИЦ №3 ИК-9,"Новгородская область, п. Крестцы ул. Краснова д. 2"
УФИЦ-2,"г. Петрозаводск, проезд Строителей, д.30 б"
Исправительный центр № 1,"г. Емва, ул. Калинина, д.55 а"
УФИЦ № 3 ИК-14,"Краснодарский край, Северский район,  пгт. Ильский, улица Завода Утяжелитель, 45"
УФИЦ № 1 ИК-2,"Калмыкия, Целинный район, с. Троицкое, Северная промзона"
УФИЦ № 2 ИК-2,"г. Элиста, ул. Ленина, д. 329"
Исправительный центр № 1,"г. Майкоп, ул. Кожевенная,11"
УФИЦ № 5 ИК-14,"Краснодарский край, Славянский район, пос. Вишневый, ул. Парковая д. 1"
УФИЦ ИК-6,"Краснодарский край, Выселковский район,  ст. Новомалороссийская, ул. Степная, д. 2"
УФИЦ № 1 ИК-14,"г. Славянск-на Кубани, ул. Донская 3 «а»"
Исправительный центр № 1,"г. Волгоград, ул.им. Землячки, 14"
УФИЦ № 3 ИК-2,"г.Элиста, Северная промышленная зона-2, д.172"
УФИЦ №2 ИК-4,"Краснодарский край, Успенский район, п. Мичуринский, ул. Садовая, 22"
УФИЦ №1 ИК-4,"г. Армавир, ул. Володарского 1а"
Исправительный центр № 2,"г. Волгоград, ул.им. Бахтурова, 6"
УФИЦ ИК-2,"Краснодарский край, Усть-Лабинский район, ст. Воронежская, ул. Крайняя 1"
УФИЦ №1 ИК-1,"г. Симферополь, пер. Элеваторный, 5"
УФИЦ № 2 ИК-14,"г. Краснодар, Восточная промышленная зона, ул. Тихорецкая, 20/1"
УФИЦ №4 ИК-14,"г. Краснодар, Западный обход, 2-ое отделение АФ «Солнечная», 7/4"
УФИЦ № 2 ИК-1,"Крым и Севастополь, пгт. Красногвардейское, ул. Строителей, д. 13"
СИЗО-2 Симферополь,"г. Симферополь, пер. Элеваторный, 4"
УФИЦ № 3 ИК-1,"Крым и Севастополь, Джанкойский район, с. Яркое, ул. Ленина, д. 12"
УФИЦ № 1 ИК-9,"г. Старая Русса, ул. Клубная д. 3"
УФИЦ № 2 ИК-9,"Новгородская область, п. Парфино, ул. Кирова д. 52/71"
Исправительный центр № 2,"г. Петрозаводск, ул.Жуковского, д.32 б"
УФИЦ ИК-25,"г. Сыктывкар, ул. 1-промышленная, д. 15"
УФИЦ №3 ИК-9,"Новгородская область, п. Крестцы ул. Краснова д. 2"
УФИЦ-2,"г. Петрозаводск, проезд Строителей, д.30 б"
Исправительный центр № 1,"г. Емва, ул. Калинина, д.55 а"
УФИЦ № 3 ИК-14,"Краснодарский край, Северский район,  пгт. Ильский, улица Завода Утяжелитель, 45"
УФИЦ № 1 ИК-2,"Калмыкия, Целинный район, с. Троицкое, Северная промзона"
УФИЦ № 2 ИК-2,"г. Элиста, ул. Ленина, д. 329"
Исправительный центр № 1,"г. Майкоп, ул. Кожевенная,11"
УФИЦ № 5 ИК-14,"Краснодарский край, Славянский район, пос. Вишневый, ул. Парковая д. 1"
УФИЦ ИК-6,"Краснодарский край, Выселковский район,  ст. Новомалороссийская, ул. Степная, д. 2"
УФИЦ № 1 ИК-14,"г. Славянск-на Кубани, ул. Донская 3 «а»"
Исправительный центр № 1,"г. Волгоград, ул.им. Землячки, 14"
УФИЦ № 3 ИК-2,"г.Элиста, Северная промышленная зона-2, д.172"
УФИЦ №2 ИК-4,"Краснодарский край, Успенский район, п. Мичуринский, ул. Садовая, 22"
УФИЦ №1 ИК-4,"г. Армавир, ул. Володарского 1а"
Исправительный центр № 2,"г. Волгоград, ул.им. Бахтурова, 6"
УФИЦ ИК-2,"Краснодарский край, Усть-Лабинский район, ст. Воронежская, ул. Крайняя 1"
УФИЦ №1 ИК-1,"г. Симферополь, пер. Элеваторный, 5"
УФИЦ № 2 ИК-14,"г. Краснодар, Восточная промышленная зона, ул. Тихорецкая, 20/1"
УФИЦ №4 ИК-14,"г. Краснодар, Западный обход, 2-ое отделение АФ «Солнечная», 7/4"
УФИЦ № 2 ИК-1,"Крым и Севастополь, пгт. Красногвардейское, ул. Строителей, д. 13"
СИЗО-2 Симферополь,"г. Симферополь, пер. Элеваторный, 4"
УФИЦ № 3 ИК-1,"Крым и Севастополь, Джанкойский район, с. Яркое, ул. Ленина, д. 12"
УФИЦ № 1 ИК-9,"г. Старая Русса, ул. Клубная д. 3"
УФИЦ № 2 ИК-9,"Новгородская область, п. Парфино, ул. Кирова д. 52/71"
Исправительный центр № 2,"г. Петрозаводск, ул.Жуковского, д.32 б"
УФИЦ ИК-25,"г. Сыктывкар, ул. 1-промышленная, д. 15"
УФИЦ №3 ИК-9,"Новгородская область, п. Крестцы ул. Краснова д. 2"
УФИЦ-2,"г. Петрозаводск, проезд Строителей, д.30 б"
Исправительный центр № 1,"г. Емва, ул. Калинина, д.55 а"
УФИЦ № 3 ИК-14,"Краснодарский край, Северский район,  пгт. Ильский, улица Завода Утяжелитель, 45"
УФИЦ № 1 ИК-2,"Калмыкия, Целинный район, с. Троицкое, Северная промзона"
УФИЦ № 2 ИК-2,"г. Элиста, ул. Ленина, д. 329"
Исправительный центр № 1,"г. Майкоп, ул. Кожевенная,11"
УФИЦ № 5 ИК-14,"Краснодарский край, Славянский район, пос. Вишневый, ул. Парковая д. 1"
УФИЦ ИК-6,"Краснодарский край, Выселковский район,  ст. Новомалороссийская, ул. Степная, д. 2"
УФИЦ № 1 ИК-14,"г. Славянск-на Кубани, ул. Донская 3 «а»"
Исправительный центр № 1,"г. Волгоград, ул.им. Землячки, 14"
УФИЦ № 3 ИК-2,"г.Элиста, Северная промышленная зона-2, д.172"
УФИЦ №2 ИК-4,"Краснодарский край, Успенский район, п. Мичуринский, ул. Садовая, 22"
УФИЦ №1 ИК-4,"г. Армавир, ул. Володарского 1а"
Исправительный центр № 2,"г. Волгоград, ул.им. Бахтурова, 6"
УФИЦ ИК-2,"Краснодарский край, Усть-Лабинский район, ст. Воронежская, ул. Крайняя 1"
УФИЦ №1 ИК-1,"г. Симферополь, пер. Элеваторный, 5"
УФИЦ № 2 ИК-14,"г. Краснодар, Восточная промышленная зона, ул. Тихорецкая, 20/1"
УФИЦ №4 ИК-14,"г. Краснодар, Западный обход, 2-ое отделение АФ «Солнечная», 7/4"
УФИЦ № 2 ИК-1,"Крым и Севастополь, пгт. Красногвардейское, ул. Строителей, д. 13"
СИЗО-2 Симферополь,"г. Симферополь, пер. Элеваторный, 4"
УФИЦ № 3 ИК-1,"Крым и Севастополь, Джанкойский район, с. Яркое, ул. Ленина, д. 12"
УФИЦ № 1 ИК-9,"г. Старая Русса, ул. Клубная д. 3"
УФИЦ № 2 ИК-9,"Новгородская область, п. Парфино, ул. Кирова д. 52/71"
Исправительный центр № 2,"г. Петрозаводск, ул.Жуковского, д.32 б"
УФИЦ ИК-25,"г. Сыктывкар, ул. 1-промышленная, д. 15"
УФИЦ №3 ИК-9,"Новгородская область, п. Крестцы ул. Краснова д. 2"
УФИЦ-2,"г. Петрозаводск, проезд Строителей, д.30 б"
Исправительный центр № 1,"г. Емва, ул. Калинина, д.55 а"
УФИЦ № 3 ИК-14,"Краснодарский край, Северский район,  пгт. Ильский, улица Завода Утяжелитель, 45"
УФИЦ № 1 ИК-2,"Калмыкия, Целинный район, с. Троицкое, Северная промзона"
УФИЦ № 2 ИК-2,"г. Элиста, ул. Ленина, д. 329"
Исправительный центр № 1,"г. Майкоп, ул. Кожевенная,11"
УФИЦ № 5 ИК-14,"Краснодарский край, Славянский район, пос. Вишневый, ул. Парковая д. 1"
УФИЦ ИК-6,"Краснодарский край, Выселковский район,  ст. Новомалороссийская, ул. Степная, д. 2"
УФИЦ № 1 ИК-14,"г. Славянск-на Кубани, ул. Донская 3 «а»"
Исправительный центр № 1,"г. Волгоград, ул.им. Землячки, 14"
УФИЦ № 3 ИК-2,"г.Элиста, Северная промышленная зона-2, д.172"
УФИЦ №2 ИК-4,"Краснодарский край, Успенский район, п. Мичуринский, ул. Садовая, 22"
УФИЦ №1 ИК-4,"г. Армавир, ул. Володарского 1а"
Исправительный центр № 2,"г. Волгоград, ул.им. Бахтурова, 6"
УФИЦ ИК-2,"Краснодарский край, Усть-Лабинский район, ст. Воронежская, ул. Крайняя 1"
УФИЦ №1 ИК-1,"г. Симферополь, пер. Элеваторный, 5"
УФИЦ № 2 ИК-14,"г. Краснодар, Восточная промышленная зона, ул. Тихорецкая, 20/1"
УФИЦ №4 ИК-14,"г. Краснодар, Западный обход, 2-ое отделение АФ «Солнечная», 7/4"
УФИЦ № 2 ИК-1,"Крым и Севастополь, пгт. Красногвардейское, ул. Строителей, д. 13"
СИЗО-2 Симферополь,"г. Симферополь, пер. Элеваторный, 4"
УФИЦ № 3 ИК-1,"Крым и Севастополь, Джанкойский район, с. Яркое, ул. Ленина, д. 12"
УФИЦ № 1 ИК-9,"г. Старая Русса, ул. Клубная д. 3"
УФИЦ № 2 ИК-9,"Новгородская область, п. Парфино, ул. Кирова д. 52/71"
Исправительный центр № 2,"г. Петрозаводск, ул.Жуковского, д.32 б"
УФИЦ ИК-25,"г. Сыктывкар, ул. 1-промышленная, д. 15"
УФИЦ №3 ИК-9,"Новгородская область, п. Крестцы ул. Краснова д. 2"
УФИЦ-2,"г. Петрозаводск, проезд Строителей, д.30 б"
Исправительный центр № 1,"г. Емва, ул. Калинина, д.55 а"
УФИЦ № 3 ИК-14,"Краснодарский край, Северский район,  пгт. Ильский, улица Завода Утяжелитель, 45"
УФИЦ № 1 ИК-2,"Калмыкия, Целинный район, с. Троицкое, Северная промзона"
УФИЦ № 2 ИК-2,"г. Элиста, ул. Ленина, д. 329"
Исправительный центр № 1,"г. Майкоп, ул. Кожевенная,11"
УФИЦ № 5 ИК-14,"Краснодарский край, Славянский район, пос. Вишневый, ул. Парковая д. 1"
УФИЦ ИК-6,"Краснодарский край, Выселковский район,  ст. Новомалороссийская, ул. Степная, д. 2"
УФИЦ № 1 ИК-14,"г. Славянск-на Кубани, ул. Донская 3 «а»"
Исправительный центр № 1,"г. Волгоград, ул.им. Землячки, 14"
УФИЦ № 3 ИК-2,"г.Элиста, Северная промышленная зона-2, д.172"
УФИЦ №2 ИК-4,"Краснодарский край, Успенский район, п. Мичуринский, ул. Садовая, 22"
УФИЦ №1 ИК-4,"г. Армавир, ул. Володарского 1а"
Исправительный центр № 2,"г. Волгоград, ул.им. Бахтурова, 6"
УФИЦ ИК-2,"Краснодарский край, Усть-Лабинский район, ст. Воронежская, ул. Крайняя 1"
УФИЦ №1 ИК-1,"г. Симферополь, пер. Элеваторный, 5"
УФИЦ № 2 ИК-14,"г. Краснодар, Восточная промышленная зона, ул. Тихорецкая, 20/1"
УФИЦ №4 ИК-14,"г. Краснодар, Западный обход, 2-ое отделение АФ «Солнечная», 7/4"
УФИЦ № 2 ИК-1,"Крым и Севастополь, пгт. Красногвардейское, ул. Строителей, д. 13"
СИЗО-2 Симферополь,"г. Симферополь, пер. Элеваторный, 4"
УФИЦ № 3 ИК-1,"Крым и Севастополь, Джанкойский район, с. Яркое, ул. Ленина, д. 12"
УФИЦ № 1 ИК-9,"г. Старая Русса, ул. Клубная д. 3"
УФИЦ № 2 ИК-9,"Новгородская область, п. Парфино, ул. Кирова д. 52/71"
Исправительный центр № 2,"г. Петрозаводск, ул.Жуковского, д.32 б"
УФИЦ ИК-25,"г. Сыктывкар, ул. 1-промышленная, д. 15"
УФИЦ №3 ИК-9,"Новгородская область, п. Крестцы ул. Краснова д. 2"
УФИЦ-2,"г. Петрозаводск, проезд Строителей, д.30 б"
Исправительный центр № 1,"г. Емва, ул. Калинина, д.55 а"
УФИЦ № 3 ИК-14,"Краснодарский край, Северский район,  пгт. Ильский, улица Завода Утяжелитель, 45"
УФИЦ № 1 ИК-2,"Калмыкия, Целинный район, с. Троицкое, Северная промзона"
УФИЦ № 2 ИК-2,"г. Элиста, ул. Ленина, д. 329"
Исправительный центр № 1,"г. Майкоп, ул. Кожевенная,11"
УФИЦ № 5 ИК-14,"Краснодарский край, Славянский район, пос. Вишневый, ул. Парковая д. 1"
УФИЦ ИК-6,"Краснодарский край, Выселковский район,  ст. Новомалороссийская, ул. Степная, д. 2"
УФИЦ № 1 ИК-14,"г. Славянск-на Кубани, ул. Донская 3 «а»"
Исправительный центр № 1,"г. Волгоград, ул.им. Землячки, 14"
УФИЦ № 3 ИК-2,"г.Элиста, Северная промышленная зона-2, д.172"
УФИЦ №2 ИК-4,"Краснодарский край, Успенский район, п. Мичуринский, ул. Садовая, 22"
УФИЦ №1 ИК-4,"г. Армавир, ул. Володарского 1а"
Исправительный центр № 2,"г. Волгоград, ул.им. Бахтурова, 6"
УФИЦ ИК-2,"Краснодарский край, Усть-Лабинский район, ст. Воронежская, ул. Крайняя 1"
УФИЦ №1 ИК-1,"г. Симферополь, пер. Элеваторный, 5"
УФИЦ № 2 ИК-14,"г. Краснодар, Восточная промышленная зона, ул. Тихорецкая, 20/1"
УФИЦ №4 ИК-14,"г. Краснодар, Западный обход, 2-ое отделение АФ «Солнечная», 7/4"
УФИЦ № 2 ИК-1,"Крым и Севастополь, пгт. Красногвардейское, ул. Строителей, д. 13"
СИЗО-2 Симферополь,"г. Симферополь, пер. Элеваторный, 4"
УФИЦ № 3 ИК-1,"Крым и Севастополь, Джанкойский район, с. Яркое, ул. Ленина, д. 12"
УФИЦ № 1 ИК-9,"г. Старая Русса, ул. Клубная д. 3"
УФИЦ № 2 ИК-9,"Новгородская область, п. Парфино, ул. Кирова д. 52/71"
Исправительный центр № 2,"г. Петрозаводск, ул.Жуковского, д.32 б"
УФИЦ ИК-25,"г. Сыктывкар, ул. 1-промышленная, д. 15"
УФИЦ №3 ИК-9,"Новгородская область, п. Крестцы ул. Краснова д. 2"
УФИЦ-2,"г. Петрозаводск, проезд Строителей, д.30 б"
Исправительный центр № 1,"г. Емва, ул. Калинина, д.55 а"
УФИЦ № 3 ИК-14,"Краснодарский край, Северский район,  пгт. Ильский, улица Завода Утяжелитель, 45"
УФИЦ № 1 ИК-2,"Калмыкия, Целинный район, с. Троицкое, Северная промзона"
УФИЦ № 2 ИК-2,"г. Элиста, ул. Ленина, д. 329"
Исправительный центр № 1,"г. Майкоп, ул. Кожевенная,11"
УФИЦ № 5 ИК-14,"Краснодарский край, Славянский район, пос. Вишневый, ул. Парковая д. 1"
УФИЦ ИК-6,"Краснодарский край, Выселковский район,  ст. Новомалороссийская, ул. Степная, д. 2"
УФИЦ № 1 ИК-14,"г. Славянск-на Кубани, ул. Донская 3 «а»"
Исправительный центр № 1,"г. Волгоград, ул.им. Землячки, 14"
УФИЦ № 3 ИК-2,"г.Элиста, Северная промышленная зона-2, д.172"
УФИЦ №2 ИК-4,"Краснодарский край, Успенский район, п. Мичуринский, ул. Садовая, 22"
УФИЦ №1 ИК-4,"г. Армавир, ул. Володарского 1а"
Исправительный центр № 2,"г. Волгоград, ул.им. Бахтурова, 6"
УФИЦ ИК-2,"Краснодарский край, Усть-Лабинский район, ст. Воронежская, ул. Крайняя 1"
УФИЦ №1 ИК-1,"г. Симферополь, пер. Элеваторный, 5"
УФИЦ № 2 ИК-14,"г. Краснодар, Восточная промышленная зона, ул. Тихорецкая, 20/1"
УФИЦ №4 ИК-14,"г. Краснодар, Западный обход, 2-ое отделение АФ «Солнечная», 7/4"
УФИЦ № 2 ИК-1,"Крым и Севастополь, пгт. Красногвардейское, ул. Строителей, д. 13"
СИЗО-2 Симферополь,"г. Симферополь, пер. Элеваторный, 4"
УФИЦ № 3 ИК-1,"Крым и Севастополь, Джанкойский район, с. Яркое, ул. Ленина, д. 12"
УФИЦ № 1 ИК-9,"г. Старая Русса, ул. Клубная д. 3"
УФИЦ № 2 ИК-9,"Новгородская область, п. Парфино, ул. Кирова д. 52/71"
Исправительный центр № 2,"г. Петрозаводск, ул.Жуковского, д.32 б"
УФИЦ ИК-25,"г. Сыктывкар, ул. 1-промышленная, д. 15"
УФИЦ №3 ИК-9,"Новгородская область, п. Крестцы ул. Краснова д. 2"
УФИЦ-2,"г. Петрозаводск, проезд Строителей, д.30 б"
Исправительный центр № 1,"г. Емва, ул. Калинина, д.55 а"
УФИЦ № 3 ИК-14,"Краснодарский край, Северский район,  пгт. Ильский, улица Завода Утяжелитель, 45"
УФИЦ № 1 ИК-2,"Калмыкия, Целинный район, с. Троицкое, Северная промзона"
УФИЦ № 2 ИК-2,"г. Элиста, ул. Ленина, д. 329"
Исправительный центр № 1,"г. Майкоп, ул. Кожевенная,11"
УФИЦ № 5 ИК-14,"Краснодарский край, Славянский район, пос. Вишневый, ул. Парковая д. 1"
УФИЦ ИК-6,"Краснодарский край, Выселковский район,  ст. Новомалороссийская, ул. Степная, д. 2"
УФИЦ № 1 ИК-14,"г. Славянск-на Кубани, ул. Донская 3 «а»"
Исправительный центр № 1,"г. Волгоград, ул.им. Землячки, 14"
УФИЦ № 3 ИК-2,"г.Элиста, Северная промышленная зона-2, д.172"
УФИЦ №2 ИК-4,"Краснодарский край, Успенский район, п. Мичуринский, ул. Садовая, 22"
УФИЦ №1 ИК-4,"г. Армавир, ул. Володарского 1а"
Исправительный центр № 2,"г. Волгоград, ул.им. Бахтурова, 6"
УФИЦ ИК-2,"Краснодарский край, Усть-Лабинский район, ст. Воронежская, ул. Крайняя 1"
УФИЦ №1 ИК-1,"г. Симферополь, пер. Элеваторный, 5"
УФИЦ № 2 ИК-14,"г. Краснодар, Восточная промышленная зона, ул. Тихорецкая, 20/1"
УФИЦ №4 ИК-14,"г. Краснодар, Западный обход, 2-ое отделение АФ «Солнечная», 7/4"
УФИЦ № 2 ИК-1,"Крым и Севастополь, пгт. Красногвардейское, ул. Строителей, д. 13"
СИЗО-2 Симферополь,"г. Симферополь, пер. Элеваторный, 4"
УФИЦ № 3 ИК-1,"Крым и Севастополь, Джанкойский район, с. Яркое, ул. Ленина, д. 12"
УФИЦ № 1 ИК-9,"г. Старая Русса, ул. Клубная д. 3"
УФИЦ № 2 ИК-9,"Новгородская область, п. Парфино, ул. Кирова д. 52/71"
Исправительный центр № 2,"г. Петрозаводск, ул.Жуковского, д.32 б"
УФИЦ ИК-25,"г. Сыктывкар, ул. 1-промышленная, д. 15"
УФИЦ №3 ИК-9,"Новгородская область, п. Крестцы ул. Краснова д. 2"
УФИЦ-2,"г. Петрозаводск, проезд Строителей, д.30 б"
Исправительный центр № 1,"г. Емва, ул. Калинина, д.55 а"
УФИЦ № 3 ИК-14,"Краснодарский край, Северский район,  пгт. Ильский, улица Завода Утяжелитель, 45"
УФИЦ № 1 ИК-2,"Калмыкия, Целинный район, с. Троицкое, Северная промзона"
УФИЦ № 2 ИК-2,"г. Элиста, ул. Ленина, д. 329"
Исправительный центр № 1,"г. Майкоп, ул. Кожевенная,11"
УФИЦ № 5 ИК-14,"Краснодарский край, Славянский район, пос. Вишневый, ул. Парковая д. 1"
УФИЦ ИК-6,"Краснодарский край, Выселковский район,  ст. Новомалороссийская, ул. Степная, д. 2"
УФИЦ № 1 ИК-14,"г. Славянск-на Кубани, ул. Донская 3 «а»"
Исправительный центр № 1,"г. Волгоград, ул.им. Землячки, 14"
УФИЦ № 3 ИК-2,"г.Элиста, Северная промышленная зона-2, д.172"
УФИЦ №2 ИК-4,"Краснодарский край, Успенский район, п. Мичуринский, ул. Садовая, 22"
УФИЦ №1 ИК-4,"г. Армавир, ул. Володарского 1а"
Исправительный центр № 2,"г. Волгоград, ул.им. Бахтурова, 6"
УФИЦ ИК-2,"Краснодарский край, Усть-Лабинский район, ст. Воронежская, ул. Крайняя 1"
УФИЦ №1 ИК-1,"г. Симферополь, пер. Элеваторный, 5"
УФИЦ № 2 ИК-14,"г. Краснодар, Восточная промышленная зона, ул. Тихорецкая, 20/1"
УФИЦ №4 ИК-14,"г. Краснодар, Западный обход, 2-ое отделение АФ «Солнечная», 7/4"
УФИЦ № 2 ИК-1,"Крым и Севастополь, пгт. Красногвардейское, ул. Строителей, д. 13"
СИЗО-2 Симферополь,"г. Симферополь, пер. Элеваторный, 4"
УФИЦ № 3 ИК-1,"Крым и Севастополь, Джанкойский район, с. Яркое, ул. Ленина, д. 12"
УФИЦ № 1 ИК-9,"г. Старая Русса, ул. Клубная д. 3"
УФИЦ № 2 ИК-9,"Новгородская область, п. Парфино, ул. Кирова д. 52/71"
Исправительный центр № 2,"г. Петрозаводск, ул.Жуковского, д.32 б"
УФИЦ ИК-25,"г. Сыктывкар, ул. 1-промышленная, д. 15"
УФИЦ №3 ИК-9,"Новгородская область, п. Крестцы ул. Краснова д. 2"
УФИЦ-2,"г. Петрозаводск, проезд Строителей, д.30 б"
Исправительный центр № 1,"г. Емва, ул. Калинина, д.55 а"
УФИЦ № 3 ИК-14,"Краснодарский край, Северский район,  пгт. Ильский, улица Завода Утяжелитель, 45"
УФИЦ № 1 ИК-2,"Калмыкия, Целинный район, с. Троицкое, Северная промзона"
УФИЦ № 2 ИК-2,"г. Элиста, ул. Ленина, д. 329"
Исправительный центр № 1,"г. Майкоп, ул. Кожевенная,11"
УФИЦ № 5 ИК-14,"Краснодарский край, Славянский район, пос. Вишневый, ул. Парковая д. 1"
УФИЦ ИК-6,"Краснодарский край, Выселковский район,  ст. Новомалороссийская, ул. Степная, д. 2"
УФИЦ № 1 ИК-14,"г. Славянск-на Кубани, ул. Донская 3 «а»"
Исправительный центр № 1,"г. Волгоград, ул.им. Землячки, 14"
УФИЦ № 3 ИК-2,"г.Элиста, Северная промышленная зона-2, д.172"
УФИЦ №2 ИК-4,"Краснодарский край, Успенский район, п. Мичуринский, ул. Садовая, 22"
УФИЦ №1 ИК-4,"г. Армавир, ул. Володарского 1а"
Исправительный центр № 2,"г. Волгоград, ул.им. Бахтурова, 6"
УФИЦ ИК-2,"Краснодарский край, Усть-Лабинский район, ст. Воронежская, ул. Крайняя 1"
УФИЦ №1 ИК-1,"г. Симферополь, пер. Элеваторный, 5"
УФИЦ № 2 ИК-14,"г. Краснодар, Восточная промышленная зона, ул. Тихорецкая, 20/1"
УФИЦ №4 ИК-14,"г. Краснодар, Западный обход, 2-ое отделение АФ «Солнечная», 7/4"
УФИЦ № 2 ИК-1,"Крым и Севастополь, пгт. Красногвардейское, ул. Строителей, д. 13"
СИЗО-2 Симферополь,"г. Симферополь, пер. Элеваторный, 4"
УФИЦ № 3 ИК-1,"Крым и Севастополь, Джанкойский район, с. Яркое, ул. Ленина, д. 12"
УФИЦ № 1 ИК-9,"г. Старая Русса, ул. Клубная д. 3"
УФИЦ № 2 ИК-9,"Новгородская область, п. Парфино, ул. Кирова д. 52/71"
Исправительный центр № 2,"г. Петрозаводск, ул.Жуковского, д.32 б"
УФИЦ ИК-25,"г. Сыктывкар, ул. 1-промышленная, д. 15"
УФИЦ №3 ИК-9,"Новгородская область, п. Крестцы ул. Краснова д. 2"
УФИЦ-2,"г. Петрозаводск, проезд Строителей, д.30 б"
Исправительный центр № 1,"г. Емва, ул. Калинина, д.55 а"
УФИЦ № 3 ИК-14,"Краснодарский край, Северский район,  пгт. Ильский, улица Завода Утяжелитель, 45"
УФИЦ № 1 ИК-2,"Калмыкия, Целинный район, с. Троицкое, Северная промзона"
УФИЦ № 2 ИК-2,"г. Элиста, ул. Ленина, д. 329"
Исправительный центр № 1,"г. Майкоп, ул. Кожевенная,11"
УФИЦ № 5 ИК-14,"Краснодарский край, Славянский район, пос. Вишневый, ул. Парковая д. 1"
УФИЦ ИК-6,"Краснодарский край, Выселковский район,  ст. Новомалороссийская, ул. Степная, д. 2"
УФИЦ № 1 ИК-14,"г. Славянск-на Кубани, ул. Донская 3 «а»"
Исправительный центр № 1,"г. Волгоград, ул.им. Землячки, 14"
УФИЦ № 3 ИК-2,"г.Элиста, Северная промышленная зона-2, д.172"
УФИЦ №2 ИК-4,"Краснодарский край, Успенский район, п. Мичуринский, ул. Садовая, 22"
УФИЦ №1 ИК-4,"г. Армавир, ул. Володарского 1а"
Исправительный центр № 2,"г. Волгоград, ул.им. Бахтурова, 6"
УФИЦ ИК-2,"Краснодарский край, Усть-Лабинский район, ст. Воронежская, ул. Крайняя 1"
УФИЦ №1 ИК-1,"г. Симферополь, пер. Элеваторный, 5"
УФИЦ № 2 ИК-14,"г. Краснодар, Восточная промышленная зона, ул. Тихорецкая, 20/1"
УФИЦ №4 ИК-14,"г. Краснодар, Западный обход, 2-ое отделение АФ «Солнечная», 7/4"
УФИЦ № 2 ИК-1,"Крым и Севастополь, пгт. Красногвардейское, ул. Строителей, д. 13"
СИЗО-2 Симферополь,"г. Симферополь, пер. Элеваторный, 4"
УФИЦ № 3 ИК-1,"Крым и Севастополь, Джанкойский район, с. Яркое, ул. Ленина, д. 12"
УФИЦ № 1 ИК-9,"г. Старая Русса, ул. Клубная д. 3"
УФИЦ № 2 ИК-9,"Новгородская область, п. Парфино, ул. Кирова д. 52/71"
Исправительный центр № 2,"г. Петрозаводск, ул.Жуковского, д.32 б"
УФИЦ ИК-25,"г. Сыктывкар, ул. 1-промышленная, д. 15"
УФИЦ №3 ИК-9,"Новгородская область, п. Крестцы ул. Краснова д. 2"
УФИЦ-2,"г. Петрозаводск, проезд Строителей, д.30 б"
Исправительный центр № 1,"г. Емва, ул. Калинина, д.55 а"
УФИЦ № 3 ИК-14,"Краснодарский край, Северский район,  пгт. Ильский, улица Завода Утяжелитель, 45"
УФИЦ № 1 ИК-2,"Калмыкия, Целинный район, с. Троицкое, Северная промзона"
УФИЦ № 2 ИК-2,"г. Элиста, ул. Ленина, д. 329"
Исправительный центр № 1,"г. Майкоп, ул. Кожевенная,11"
УФИЦ № 5 ИК-14,"Краснодарский край, Славянский район, пос. Вишневый, ул. Парковая д. 1"
УФИЦ ИК-6,"Краснодарский край, Выселковский район,  ст. Новомалороссийская, ул. Степная, д. 2"
УФИЦ № 1 ИК-14,"г. Славянск-на Кубани, ул. Донская 3 «а»"
Исправительный центр № 1,"г. Волгоград, ул.им. Землячки, 14"
УФИЦ № 3 ИК-2,"г.Элиста, Северная промышленная зона-2, д.172"
УФИЦ №2 ИК-4,"Краснодарский край, Успенский район, п. Мичуринский, ул. Садовая, 22"
УФИЦ №1 ИК-4,"г. Армавир, ул. Володарского 1а"
Исправительный центр № 2,"г. Волгоград, ул.им. Бахтурова, 6"
УФИЦ ИК-2,"Краснодарский край, Усть-Лабинский район, ст. Воронежская, ул. Крайняя 1"
УФИЦ №1 ИК-1,"г. Симферополь, пер. Элеваторный, 5"
УФИЦ № 2 ИК-14,"г. Краснодар, Восточная промышленная зона, ул. Тихорецкая, 20/1"
УФИЦ №4 ИК-14,"г. Краснодар, Западный обход, 2-ое отделение АФ «Солнечная», 7/4"
УФИЦ № 2 ИК-1,"Крым и Севастополь, пгт. Красногвардейское, ул. Строителей, д. 13"
СИЗО-2 Симферополь,"г. Симферополь, пер. Элеваторный, 4"
УФИЦ № 3 ИК-1,"Крым и Севастополь, Джанкойский район, с. Яркое, ул. Ленина, д. 12"
УФИЦ № 1 ИК-9,"г. Старая Русса, ул. Клубная д. 3"
УФИЦ № 2 ИК-9,"Новгородская область, п. Парфино, ул. Кирова д. 52/71"
Исправительный центр № 2,"г. Петрозаводск, ул.Жуковского, д.32 б"
УФИЦ ИК-25,"г. Сыктывкар, ул. 1-промышленная, д. 15"
УФИЦ №3 ИК-9,"Новгородская область, п. Крестцы ул. Краснова д. 2"
УФИЦ-2,"г. Петрозаводск, проезд Строителей, д.30 б"
Исправительный центр № 1,"г. Емва, ул. Калинина, д.55 а"
УФИЦ № 3 ИК-14,"Краснодарский край, Северский район,  пгт. Ильский, улица Завода Утяжелитель, 45"
УФИЦ № 1 ИК-2,"Калмыкия, Целинный район, с. Троицкое, Северная промзона"
УФИЦ № 2 ИК-2,"г. Элиста, ул. Ленина, д. 329"
Исправительный центр № 1,"г. Майкоп, ул. Кожевенная,11"
УФИЦ № 5 ИК-14,"Краснодарский край, Славянский район, пос. Вишневый, ул. Парковая д. 1"
УФИЦ ИК-6,"Краснодарский край, Выселковский район,  ст. Новомалороссийская, ул. Степная, д. 2"
УФИЦ № 1 ИК-14,"г. Славянск-на Кубани, ул. Донская 3 «а»"
Исправительный центр № 1,"г. Волгоград, ул.им. Землячки, 14"
УФИЦ № 3 ИК-2,"г.Элиста, Северная промышленная зона-2, д.172"
УФИЦ №2 ИК-4,"Краснодарский край, Успенский район, п. Мичуринский, ул. Садовая, 22"
УФИЦ №1 ИК-4,"г. Армавир, ул. Володарского 1а"
Исправительный центр № 2,"г. Волгоград, ул.им. Бахтурова, 6"
УФИЦ ИК-2,"Краснодарский край, Усть-Лабинский район, ст. Воронежская, ул. Крайняя 1"
УФИЦ №1 ИК-1,"г. Симферополь, пер. Элеваторный, 5"
УФИЦ № 2 ИК-14,"г. Краснодар, Восточная промышленная зона, ул. Тихорецкая, 20/1"
УФИЦ №4 ИК-14,"г. Краснодар, Западный обход, 2-ое отделение АФ «Солнечная», 7/4"
УФИЦ № 2 ИК-1,"Крым и Севастополь, пгт. Красногвардейское, ул. Строителей, д. 13"
СИЗО-2 Симферополь,"г. Симферополь, пер. Элеваторный, 4"
УФИЦ № 3 ИК-1,"Крым и Севастополь, Джанкойский район, с. Яркое, ул. Ленина, д. 12"
УФИЦ № 1 ИК-9,"г. Старая Русса, ул. Клубная д. 3"
УФИЦ № 2 ИК-9,"Новгородская область, п. Парфино, ул. Кирова д. 52/71"
Исправительный центр № 2,"г. Петрозаводск, ул.Жуковского, д.32 б"
УФИЦ ИК-25,"г. Сыктывкар, ул. 1-промышленная, д. 15"
УФИЦ №3 ИК-9,"Новгородская область, п. Крестцы ул. Краснова д. 2"
УФИЦ-2,"г. Петрозаводск, проезд Строителей, д.30 б"
Исправительный центр № 1,"г. Емва, ул. Калинина, д.55 а"
УФИЦ № 3 ИК-14,"Краснодарский край, Северский район,  пгт. Ильский, улица Завода Утяжелитель, 45"
УФИЦ № 1 ИК-2,"Калмыкия, Целинный район, с. Троицкое, Северная промзона"
УФИЦ № 2 ИК-2,"г. Элиста, ул. Ленина, д. 329"
Исправительный центр № 1,"г. Майкоп, ул. Кожевенная,11"
УФИЦ № 5 ИК-14,"Краснодарский край, Славянский район, пос. Вишневый, ул. Парковая д. 1"
УФИЦ ИК-6,"Краснодарский край, Выселковский район,  ст. Новомалороссийская, ул. Степная, д. 2"
УФИЦ № 1 ИК-14,"г. Славянск-на Кубани, ул. Донская 3 «а»"
Исправительный центр № 1,"г. Волгоград, ул.им. Землячки, 14"
УФИЦ № 3 ИК-2,"г.Элиста, Северная промышленная зона-2, д.172"
УФИЦ №2 ИК-4,"Краснодарский край, Успенский район, п. Мичуринский, ул. Садовая, 22"
УФИЦ №1 ИК-4,"г. Армавир, ул. Володарского 1а"
Исправительный центр № 2,"г. Волгоград, ул.им. Бахтурова, 6"
УФИЦ ИК-2,"Краснодарский край, Усть-Лабинский район, ст. Воронежская, ул. Крайняя 1"
УФИЦ №1 ИК-1,"г. Симферополь, пер. Элеваторный, 5"
УФИЦ № 2 ИК-14,"г. Краснодар, Восточная промышленная зона, ул. Тихорецкая, 20/1"
УФИЦ №4 ИК-14,"г. Краснодар, Западный обход, 2-ое отделение АФ «Солнечная», 7/4"
УФИЦ № 2 ИК-1,"Крым и Севастополь, пгт. Красногвардейское, ул. Строителей, д. 13"
СИЗО-2 Симферополь,"г. Симферополь, пер. Элеваторный, 4"
УФИЦ № 3 ИК-1,"Крым и Севастополь, Джанкойский район, с. Яркое, ул. Ленина, д. 12"
УФИЦ № 1 ИК-9,"г. Старая Русса, ул. Клубная д. 3"
УФИЦ № 2 ИК-9,"Новгородская область, п. Парфино, ул. Кирова д. 52/71"
Исправительный центр № 2,"г. Петрозаводск, ул.Жуковского, д.32 б"
УФИЦ ИК-25,"г. Сыктывкар, ул. 1-промышленная, д. 15"
УФИЦ №3 ИК-9,"Новгородская область, п. Крестцы ул. Краснова д. 2"
УФИЦ-2,"г. Петрозаводск, проезд Строителей, д.30 б"
Исправительный центр № 1,"г. Емва, ул. Калинина, д.55 а"
УФИЦ № 3 ИК-14,"Краснодарский край, Северский район,  пгт. Ильский, улица Завода Утяжелитель, 45"
УФИЦ № 1 ИК-2,"Калмыкия, Целинный район, с. Троицкое, Северная промзона"
УФИЦ № 2 ИК-2,"г. Элиста, ул. Ленина, д. 329"
Исправительный центр № 1,"г. Майкоп, ул. Кожевенная,11"
УФИЦ № 5 ИК-14,"Краснодарский край, Славянский район, пос. Вишневый, ул. Парковая д. 1"
УФИЦ ИК-6,"Краснодарский край, Выселковский район,  ст. Новомалороссийская, ул. Степная, д. 2"
УФИЦ № 1 ИК-14,"г. Славянск-на Кубани, ул. Донская 3 «а»"
Исправительный центр № 1,"г. Волгоград, ул.им. Землячки, 14"
УФИЦ № 3 ИК-2,"г.Элиста, Северная промышленная зона-2, д.172"
УФИЦ №2 ИК-4,"Краснодарский край, Успенский район, п. Мичуринский, ул. Садовая, 22"
УФИЦ №1 ИК-4,"г. Армавир, ул. Володарского 1а"
Исправительный центр № 2,"г. Волгоград, ул.им. Бахтурова, 6"
УФИЦ ИК-2,"Краснодарский край, Усть-Лабинский район, ст. Воронежская, ул. Крайняя 1"
УФИЦ №1 ИК-1,"г. Симферополь, пер. Элеваторный, 5"
УФИЦ № 2 ИК-14,"г. Краснодар, Восточная промышленная зона, ул. Тихорецкая, 20/1"
УФИЦ №4 ИК-14,"г. Краснодар, Западный обход, 2-ое отделение АФ «Солнечная», 7/4"
УФИЦ № 2 ИК-1,"Крым и Севастополь, пгт. Красногвардейское, ул. Строителей, д. 13"
СИЗО-2 Симферополь,"г. Симферополь, пер. Элеваторный, 4"
УФИЦ № 3 ИК-1,"Крым и Севастополь, Джанкойский район, с. Яркое, ул. Ленина, д. 12"
УФИЦ № 1 ИК-9,"г. Старая Русса, ул. Клубная д. 3"
УФИЦ № 2 ИК-9,"Новгородская область, п. Парфино, ул. Кирова д. 52/71"
Исправительный центр № 2,"г. Петрозаводск, ул.Жуковского, д.32 б"
УФИЦ ИК-25,"г. Сыктывкар, ул. 1-промышленная, д. 15"
УФИЦ №3 ИК-9,"Новгородская область, п. Крестцы ул. Краснова д. 2"
УФИЦ-2,"г. Петрозаводск, проезд Строителей, д.30 б"
Исправительный центр № 1,"г. Емва, ул. Калинина, д.55 а"
УФИЦ № 3 ИК-14,"Краснодарский край, Северский район,  пгт. Ильский, улица Завода Утяжелитель, 45"
УФИЦ № 1 ИК-2,"Калмыкия, Целинный район, с. Троицкое, Северная промзона"
УФИЦ № 2 ИК-2,"г. Элиста, ул. Ленина, д. 329"
Исправительный центр № 1,"г. Майкоп, ул. Кожевенная,11"
УФИЦ № 5 ИК-14,"Краснодарский край, Славянский район, пос. Вишневый, ул. Парковая д. 1"
УФИЦ ИК-6,"Краснодарский край, Выселковский район,  ст. Новомалороссийская, ул. Степная, д. 2"
УФИЦ № 1 ИК-14,"г. Славянск-на Кубани, ул. Донская 3 «а»"
Исправительный центр № 1,"г. Волгоград, ул.им. Землячки, 14"
УФИЦ № 3 ИК-2,"г.Элиста, Северная промышленная зона-2, д.172"
УФИЦ №2 ИК-4,"Краснодарский край, Успенский район, п. Мичуринский, ул. Садовая, 22"
УФИЦ №1 ИК-4,"г. Армавир, ул. Володарского 1а"
Исправительный центр № 2,"г. Волгоград, ул.им. Бахтурова, 6"
УФИЦ ИК-2,"Краснодарский край, Усть-Лабинский район, ст. Воронежская, ул. Крайняя 1"
УФИЦ №1 ИК-1,"г. Симферополь, пер. Элеваторный, 5"
УФИЦ № 2 ИК-14,"г. Краснодар, Восточная промышленная зона, ул. Тихорецкая, 20/1"
УФИЦ №4 ИК-14,"г. Краснодар, Западный обход, 2-ое отделение АФ «Солнечная», 7/4"
УФИЦ № 2 ИК-1,"Крым и Севастополь, пгт. Красногвардейское, ул. Строителей, д. 13"
СИЗО-2 Симферополь,"г. Симферополь, пер. Элеваторный, 4"
УФИЦ № 3 ИК-1,"Крым и Севастополь, Джанкойский район, с. Яркое, ул. Ленина, д. 12"
УФИЦ № 1 ИК-9,"г. Старая Русса, ул. Клубная д. 3"
УФИЦ № 2 ИК-9,"Новгородская область, п. Парфино, ул. Кирова д. 52/71"
Исправительный центр № 2,"г. Петрозаводск, ул.Жуковского, д.32 б"
УФИЦ ИК-25,"г. Сыктывкар, ул. 1-промышленная, д. 15"
УФИЦ №3 ИК-9,"Новгородская область, п. Крестцы ул. Краснова д. 2"
УФИЦ-2,"г. Петрозаводск, проезд Строителей, д.30 б"
Исправительный центр № 1,"г. Емва, ул. Калинина, д.55 а"
УФИЦ № 3 ИК-14,"Краснодарский край, Северский район,  пгт. Ильский, улица Завода Утяжелитель, 45"
УФИЦ № 1 ИК-2,"Калмыкия, Целинный район, с. Троицкое, Северная промзона"
УФИЦ № 2 ИК-2,"г. Элиста, ул. Ленина, д. 329"
Исправительный центр № 1,"г. Майкоп, ул. Кожевенная,11"
УФИЦ № 5 ИК-14,"Краснодарский край, Славянский район, пос. Вишневый, ул. Парковая д. 1"
УФИЦ ИК-6,"Краснодарский край, Выселковский район,  ст. Новомалороссийская, ул. Степная, д. 2"
УФИЦ № 1 ИК-14,"г. Славянск-на Кубани, ул. Донская 3 «а»"
Исправительный центр № 1,"г. Волгоград, ул.им. Землячки, 14"
УФИЦ № 3 ИК-2,"г.Элиста, Северная промышленная зона-2, д.172"
УФИЦ №2 ИК-4,"Краснодарский край, Успенский район, п. Мичуринский, ул. Садовая, 22"
УФИЦ №1 ИК-4,"г. Армавир, ул. Володарского 1а"
Исправительный центр № 2,"г. Волгоград, ул.им. Бахтурова, 6"
УФИЦ ИК-2,"Краснодарский край, Усть-Лабинский район, ст. Воронежская, ул. Крайняя 1"
УФИЦ №1 ИК-1,"г. Симферополь, пер. Элеваторный, 5"
УФИЦ № 2 ИК-14,"г. Краснодар, Восточная промышленная зона, ул. Тихорецкая, 20/1"
УФИЦ №4 ИК-14,"г. Краснодар, Западный обход, 2-ое отделение АФ «Солнечная», 7/4"
УФИЦ № 2 ИК-1,"Крым и Севастополь, пгт. Красногвардейское, ул. Строителей, д. 13"
СИЗО-2 Симферополь,"г. Симферополь, пер. Элеваторный, 4"
УФИЦ № 3 ИК-1,"Крым и Севастополь, Джанкойский район, с. Яркое, ул. Ленина, д. 12"
УФИЦ № 1 ИК-9,"г. Старая Русса, ул. Клубная д. 3"
УФИЦ № 2 ИК-9,"Новгородская область, п. Парфино, ул. Кирова д. 52/71"
Исправительный центр № 2,"г. Петрозаводск, ул.Жуковского, д.32 б"
УФИЦ ИК-25,"г. Сыктывкар, ул. 1-промышленная, д. 15"
УФИЦ №3 ИК-9,"Новгородская область, п. Крестцы ул. Краснова д. 2"
УФИЦ-2,"г. Петрозаводск, проезд Строителей, д.30 б"
Исправительный центр № 1,"г. Емва, ул. Калинина, д.55 а"
УФИЦ № 3 ИК-14,"Краснодарский край, Северский район,  пгт. Ильский, улица Завода Утяжелитель, 45"
УФИЦ № 1 ИК-2,"Калмыкия, Целинный район, с. Троицкое, Северная промзона"
УФИЦ № 2 ИК-2,"г. Элиста, ул. Ленина, д. 329"
Исправительный центр № 1,"г. Майкоп, ул. Кожевенная,11"
УФИЦ № 5 ИК-14,"Краснодарский край, Славянский район, пос. Вишневый, ул. Парковая д. 1"
УФИЦ ИК-6,"Краснодарский край, Выселковский район,  ст. Новомалороссийская, ул. Степная, д. 2"
УФИЦ № 1 ИК-14,"г. Славянск-на Кубани, ул. Донская 3 «а»"
Исправительный центр № 1,"г. Волгоград, ул.им. Землячки, 14"
УФИЦ № 3 ИК-2,"г.Элиста, Северная промышленная зона-2, д.172"
УФИЦ №2 ИК-4,"Краснодарский край, Успенский район, п. Мичуринский, ул. Садовая, 22"
УФИЦ №1 ИК-4,"г. Армавир, ул. Володарского 1а"
Исправительный центр № 2,"г. Волгоград, ул.им. Бахтурова, 6"
УФИЦ ИК-2,"Краснодарский край, Усть-Лабинский район, ст. Воронежская, ул. Крайняя 1"
УФИЦ №1 ИК-1,"г. Симферополь, пер. Элеваторный, 5"
УФИЦ № 2 ИК-14,"г. Краснодар, Восточная промышленная зона, ул. Тихорецкая, 20/1"
УФИЦ №4 ИК-14,"г. Краснодар, Западный обход, 2-ое отделение АФ «Солнечная», 7/4"
УФИЦ № 2 ИК-1,"Крым и Севастополь, пгт. Красногвардейское, ул. Строителей, д. 13"
СИЗО-2 Симферополь,"г. Симферополь, пер. Элеваторный, 4"
УФИЦ № 3 ИК-1,"Крым и Севастополь, Джанкойский район, с. Яркое, ул. Ленина, д. 12"
УФИЦ № 1 ИК-9,"г. Старая Русса, ул. Клубная д. 3"
УФИЦ № 2 ИК-9,"Новгородская область, п. Парфино, ул. Кирова д. 52/71"
Исправительный центр № 2,"г. Петрозаводск, ул.Жуковского, д.32 б"
УФИЦ ИК-25,"г. Сыктывкар, ул. 1-промышленная, д. 15"
УФИЦ №3 ИК-9,"Новгородская область, п. Крестцы ул. Краснова д. 2"
УФИЦ-2,"г. Петрозаводск, проезд Строителей, д.30 б"
Исправительный центр № 1,"г. Емва, ул. Калинина, д.55 а"
УФИЦ № 3 ИК-14,"Краснодарский край, Северский район,  пгт. Ильский, улица Завода Утяжелитель, 45"
УФИЦ № 1 ИК-2,"Калмыкия, Целинный район, с. Троицкое, Северная промзона"
УФИЦ № 2 ИК-2,"г. Элиста, ул. Ленина, д. 329"
Исправительный центр № 1,"г. Майкоп, ул. Кожевенная,11"
УФИЦ № 5 ИК-14,"Краснодарский край, Славянский район, пос. Вишневый, ул. Парковая д. 1"
УФИЦ ИК-6,"Краснодарский край, Выселковский район,  ст. Новомалороссийская, ул. Степная, д. 2"
УФИЦ № 1 ИК-14,"г. Славянск-на Кубани, ул. Донская 3 «а»"
Исправительный центр № 1,"г. Волгоград, ул.им. Землячки, 14"
УФИЦ № 3 ИК-2,"г.Элиста, Северная промышленная зона-2, д.172"
УФИЦ №2 ИК-4,"Краснодарский край, Успенский район, п. Мичуринский, ул. Садовая, 22"
УФИЦ №1 ИК-4,"г. Армавир, ул. Володарского 1а"
Исправительный центр № 2,"г. Волгоград, ул.им. Бахтурова, 6"
УФИЦ ИК-2,"Краснодарский край, Усть-Лабинский район, ст. Воронежская, ул. Крайняя 1"
УФИЦ №1 ИК-1,"г. Симферополь, пер. Элеваторный, 5"
УФИЦ № 2 ИК-14,"г. Краснодар, Восточная промышленная зона, ул. Тихорецкая, 20/1"
УФИЦ №4 ИК-14,"г. Краснодар, Западный обход, 2-ое отделение АФ «Солнечная», 7/4"
УФИЦ № 2 ИК-1,"Крым и Севастополь, пгт. Красногвардейское, ул. Строителей, д. 13"
СИЗО-2 Симферополь,"г. Симферополь, пер. Элеваторный, 4"
УФИЦ № 3 ИК-1,"Крым и Севастополь, Джанкойский район, с. Яркое, ул. Ленина, д. 12"
УФИЦ № 1 ИК-9,"г. Старая Русса, ул. Клубная д. 3"
УФИЦ № 2 ИК-9,"Новгородская область, п. Парфино, ул. Кирова д. 52/71"
Исправительный центр № 2,"г. Петрозаводск, ул.Жуковского, д.32 б"
УФИЦ ИК-25,"г. Сыктывкар, ул. 1-промышленная, д. 15"
УФИЦ №3 ИК-9,"Новгородская область, п. Крестцы ул. Краснова д. 2"
УФИЦ-2,"г. Петрозаводск, проезд Строителей, д.30 б"
Исправительный центр № 1,"г. Емва, ул. Калинина, д.55 а"
УФИЦ № 3 ИК-14,"Краснодарский край, Северский район,  пгт. Ильский, улица Завода Утяжелитель, 45"
УФИЦ № 1 ИК-2,"Калмыкия, Целинный район, с. Троицкое, Северная промзона"
УФИЦ № 2 ИК-2,"г. Элиста, ул. Ленина, д. 329"
Исправительный центр № 1,"г. Майкоп, ул. Кожевенная,11"
УФИЦ № 5 ИК-14,"Краснодарский край, Славянский район, пос. Вишневый, ул. Парковая д. 1"
УФИЦ ИК-6,"Краснодарский край, Выселковский район,  ст. Новомалороссийская, ул. Степная, д. 2"
УФИЦ № 1 ИК-14,"г. Славянск-на Кубани, ул. Донская 3 «а»"
Исправительный центр № 1,"г. Волгоград, ул.им. Землячки, 14"
УФИЦ № 3 ИК-2,"г.Элиста, Северная промышленная зона-2, д.172"
УФИЦ №2 ИК-4,"Краснодарский край, Успенский район, п. Мичуринский, ул. Садовая, 22"
УФИЦ №1 ИК-4,"г. Армавир, ул. Володарского 1а"
Исправительный центр № 2,"г. Волгоград, ул.им. Бахтурова, 6"
УФИЦ ИК-2,"Краснодарский край, Усть-Лабинский район, ст. Воронежская, ул. Крайняя 1"
УФИЦ №1 ИК-1,"г. Симферополь, пер. Элеваторный, 5"
УФИЦ № 2 ИК-14,"г. Краснодар, Восточная промышленная зона, ул. Тихорецкая, 20/1"
УФИЦ №4 ИК-14,"г. Краснодар, Западный обход, 2-ое отделение АФ «Солнечная», 7/4"
УФИЦ № 2 ИК-1,"Крым и Севастополь, пгт. Красногвардейское, ул. Строителей, д. 13"
СИЗО-2 Симферополь,"г. Симферополь, пер. Элеваторный, 4"
УФИЦ № 3 ИК-1,"Крым и Севастополь, Джанкойский район, с. Яркое, ул. Ленина, д. 12"
УФИЦ № 1 ИК-9,"г. Старая Русса, ул. Клубная д. 3"
УФИЦ № 2 ИК-9,"Новгородская область, п. Парфино, ул. Кирова д. 52/71"
Исправительный центр № 2,"г. Петрозаводск, ул.Жуковского, д.32 б"
УФИЦ ИК-25,"г. Сыктывкар, ул. 1-промышленная, д. 15"
УФИЦ №3 ИК-9,"Новгородская область, п. Крестцы ул. Краснова д. 2"
УФИЦ-2,"г. Петрозаводск, проезд Строителей, д.30 б"
Исправительный центр № 1,"г. Емва, ул. Калинина, д.55 а"
УФИЦ № 3 ИК-14,"Краснодарский край, Северский район,  пгт. Ильский, улица Завода Утяжелитель, 45"
УФИЦ № 1 ИК-2,"Калмыкия, Целинный район, с. Троицкое, Северная промзона"
УФИЦ № 2 ИК-2,"г. Элиста, ул. Ленина, д. 329"
Исправительный центр № 1,"г. Майкоп, ул. Кожевенная,11"
УФИЦ № 5 ИК-14,"Краснодарский край, Славянский район, пос. Вишневый, ул. Парковая д. 1"
УФИЦ ИК-6,"Краснодарский край, Выселковский район,  ст. Новомалороссийская, ул. Степная, д. 2"
УФИЦ № 1 ИК-14,"г. Славянск-на Кубани, ул. Донская 3 «а»"
Исправительный центр № 1,"г. Волгоград, ул.им. Землячки, 14"
УФИЦ № 3 ИК-2,"г.Элиста, Северная промышленная зона-2, д.172"
УФИЦ №2 ИК-4,"Краснодарский край, Успенский район, п. Мичуринский, ул. Садовая, 22"
УФИЦ №1 ИК-4,"г. Армавир, ул. Володарского 1а"
Исправительный центр № 2,"г. Волгоград, ул.им. Бахтурова, 6"
УФИЦ ИК-2,"Краснодарский край, Усть-Лабинский район, ст. Воронежская, ул. Крайняя 1"
УФИЦ №1 ИК-1,"г. Симферополь, пер. Элеваторный, 5"
УФИЦ № 2 ИК-14,"г. Краснодар, Восточная промышленная зона, ул. Тихорецкая, 20/1"
УФИЦ №4 ИК-14,"г. Краснодар, Западный обход, 2-ое отделение АФ «Солнечная», 7/4"
УФИЦ № 2 ИК-1,"Крым и Севастополь, пгт. Красногвардейское, ул. Строителей, д. 13"
СИЗО-2 Симферополь,"г. Симферополь, пер. Элеваторный, 4"
УФИЦ № 3 ИК-1,"Крым и Севастополь, Джанкойский район, с. Яркое, ул. Ленина, д. 12"
УФИЦ № 1 ИК-9,"г. Старая Русса, ул. Клубная д. 3"
УФИЦ № 2 ИК-9,"Новгородская область, п. Парфино, ул. Кирова д. 52/71"
Исправительный центр № 2,"г. Петрозаводск, ул.Жуковского, д.32 б"
УФИЦ ИК-25,"г. Сыктывкар, ул. 1-промышленная, д. 15"
УФИЦ №3 ИК-9,"Новгородская область, п. Крестцы ул. Краснова д. 2"
УФИЦ-2,"г. Петрозаводск, проезд Строителей, д.30 б"
Исправительный центр № 1,"г. Емва, ул. Калинина, д.55 а"
УФИЦ № 3 ИК-14,"Краснодарский край, Северский район,  пгт. Ильский, улица Завода Утяжелитель, 45"
УФИЦ № 1 ИК-2,"Калмыкия, Целинный район, с. Троицкое, Северная промзона"
УФИЦ № 2 ИК-2,"г. Элиста, ул. Ленина, д. 329"
Исправительный центр № 1,"г. Майкоп, ул. Кожевенная,11"
УФИЦ № 5 ИК-14,"Краснодарский край, Славянский район, пос. Вишневый, ул. Парковая д. 1"
УФИЦ ИК-6,"Краснодарский край, Выселковский район,  ст. Новомалороссийская, ул. Степная, д. 2"
УФИЦ № 1 ИК-14,"г. Славянск-на Кубани, ул. Донская 3 «а»"
Исправительный центр № 1,"г. Волгоград, ул.им. Землячки, 14"
УФИЦ № 3 ИК-2,"г.Элиста, Северная промышленная зона-2, д.172"
УФИЦ №2 ИК-4,"Краснодарский край, Успенский район, п. Мичуринский, ул. Садовая, 22"
УФИЦ №1 ИК-4,"г. Армавир, ул. Володарского 1а"
Исправительный центр № 2,"г. Волгоград, ул.им. Бахтурова, 6"
УФИЦ ИК-2,"Краснодарский край, Усть-Лабинский район, ст. Воронежская, ул. Крайняя 1"
УФИЦ №1 ИК-1,"г. Симферополь, пер. Элеваторный, 5"
УФИЦ № 2 ИК-14,"г. Краснодар, Восточная промышленная зона, ул. Тихорецкая, 20/1"
УФИЦ №4 ИК-14,"г. Краснодар, Западный обход, 2-ое отделение АФ «Солнечная», 7/4"
УФИЦ № 2 ИК-1,"Крым и Севастополь, пгт. Красногвардейское, ул. Строителей, д. 13"
СИЗО-2 Симферополь,"г. Симферополь, пер. Элеваторный, 4"
УФИЦ № 3 ИК-1,"Крым и Севастополь, Джанкойский район, с. Яркое, ул. Ленина, д. 12"
УФИЦ № 1 ИК-9,"г. Старая Русса, ул. Клубная д. 3"
УФИЦ № 2 ИК-9,"Новгородская область, п. Парфино, ул. Кирова д. 52/71"
Исправительный центр № 2,"г. Петрозаводск, ул.Жуковского, д.32 б"
УФИЦ ИК-25,"г. Сыктывкар, ул. 1-промышленная, д. 15"
УФИЦ №3 ИК-9,"Новгородская область, п. Крестцы ул. Краснова д. 2"
УФИЦ-2,"г. Петрозаводск, проезд Строителей, д.30 б"
Исправительный центр № 1,"г. Емва, ул. Калинина, д.55 а"
УФИЦ № 3 ИК-14,"Краснодарский край, Северский район,  пгт. Ильский, улица Завода Утяжелитель, 45"
УФИЦ № 1 ИК-2,"Калмыкия, Целинный район, с. Троицкое, Северная промзона"
УФИЦ № 2 ИК-2,"г. Элиста, ул. Ленина, д. 329"
Исправительный центр № 1,"г. Майкоп, ул. Кожевенная,11"
УФИЦ № 5 ИК-14,"Краснодарский край, Славянский район, пос. Вишневый, ул. Парковая д. 1"
УФИЦ ИК-6,"Краснодарский край, Выселковский район,  ст. Новомалороссийская, ул. Степная, д. 2"
УФИЦ № 1 ИК-14,"г. Славянск-на Кубани, ул. Донская 3 «а»"
Исправительный центр № 1,"г. Волгоград, ул.им. Землячки, 14"
УФИЦ № 3 ИК-2,"г.Элиста, Северная промышленная зона-2, д.172"
УФИЦ №2 ИК-4,"Краснодарский край, Успенский район, п. Мичуринский, ул. Садовая, 22"
УФИЦ №1 ИК-4,"г. Армавир, ул. Володарского 1а"
Исправительный центр № 2,"г. Волгоград, ул.им. Бахтурова, 6"
УФИЦ ИК-2,"Краснодарский край, Усть-Лабинский район, ст. Воронежская, ул. Крайняя 1"
УФИЦ №1 ИК-1,"г. Симферополь, пер. Элеваторный, 5"
УФИЦ № 2 ИК-14,"г. Краснодар, Восточная промышленная зона, ул. Тихорецкая, 20/1"
УФИЦ №4 ИК-14,"г. Краснодар, Западный обход, 2-ое отделение АФ «Солнечная», 7/4"
УФИЦ № 2 ИК-1,"Крым и Севастополь, пгт. Красногвардейское, ул. Строителей, д. 13"
СИЗО-2 Симферополь,"г. Симферополь, пер. Элеваторный, 4"
УФИЦ № 3 ИК-1,"Крым и Севастополь, Джанкойский район, с. Яркое, ул. Ленина, д. 12"
УФИЦ № 1 ИК-9,"г. Старая Русса, ул. Клубная д. 3"
УФИЦ № 2 ИК-9,"Новгородская область, п. Парфино, ул. Кирова д. 52/71"
Исправительный центр № 2,"г. Петрозаводск, ул.Жуковского, д.32 б"
УФИЦ ИК-25,"г. Сыктывкар, ул. 1-промышленная, д. 15"
УФИЦ №3 ИК-9,"Новгородская область, п. Крестцы ул. Краснова д. 2"
УФИЦ-2,"г. Петрозаводск, проезд Строителей, д.30 б"
Исправительный центр № 1,"г. Емва, ул. Калинина, д.55 а"
УФИЦ № 3 ИК-14,"Краснодарский край, Северский район,  пгт. Ильский, улица Завода Утяжелитель, 45"
УФИЦ № 1 ИК-2,"Калмыкия, Целинный район, с. Троицкое, Северная промзона"
УФИЦ № 2 ИК-2,"г. Элиста, ул. Ленина, д. 329"
Исправительный центр № 1,"г. Майкоп, ул. Кожевенная,11"
УФИЦ № 5 ИК-14,"Краснодарский край, Славянский район, пос. Вишневый, ул. Парковая д. 1"
УФИЦ ИК-6,"Краснодарский край, Выселковский район,  ст. Новомалороссийская, ул. Степная, д. 2"
УФИЦ № 1 ИК-14,"г. Славянск-на Кубани, ул. Донская 3 «а»"
Исправительный центр № 1,"г. Волгоград, ул.им. Землячки, 14"
УФИЦ № 3 ИК-2,"г.Элиста, Северная промышленная зона-2, д.172"
УФИЦ №2 ИК-4,"Краснодарский край, Успенский район, п. Мичуринский, ул. Садовая, 22"
УФИЦ №1 ИК-4,"г. Армавир, ул. Володарского 1а"
Исправительный центр № 2,"г. Волгоград, ул.им. Бахтурова, 6"
УФИЦ ИК-2,"Краснодарский край, Усть-Лабинский район, ст. Воронежская, ул. Крайняя 1"
УФИЦ №1 ИК-1,"г. Симферополь, пер. Элеваторный, 5"
УФИЦ № 2 ИК-14,"г. Краснодар, Восточная промышленная зона, ул. Тихорецкая, 20/1"
УФИЦ №4 ИК-14,"г. Краснодар, Западный обход, 2-ое отделение АФ «Солнечная», 7/4"
УФИЦ № 2 ИК-1,"Крым и Севастополь, пгт. Красногвардейское, ул. Строителей, д. 13"
СИЗО-2 Симферополь,"г. Симферополь, пер. Элеваторный, 4"
УФИЦ № 3 ИК-1,"Крым и Севастополь, Джанкойский район, с. Яркое, ул. Ленина, д. 12"
УФИЦ № 1 ИК-9,"г. Старая Русса, ул. Клубная д. 3"
УФИЦ № 2 ИК-9,"Новгородская область, п. Парфино, ул. Кирова д. 52/71"
Исправительный центр № 2,"г. Петрозаводск, ул.Жуковского, д.32 б"
УФИЦ ИК-25,"г. Сыктывкар, ул. 1-промышленная, д. 15"
УФИЦ №3 ИК-9,"Новгородская область, п. Крестцы ул. Краснова д. 2"
УФИЦ-2,"г. Петрозаводск, проезд Строителей, д.30 б"
Исправительный центр № 1,"г. Емва, ул. Калинина, д.55 а"
УФИЦ № 3 ИК-14,"Краснодарский край, Северский район,  пгт. Ильский, улица Завода Утяжелитель, 45"
УФИЦ № 1 ИК-2,"Калмыкия, Целинный район, с. Троицкое, Северная промзона"
УФИЦ № 2 ИК-2,"г. Элиста, ул. Ленина, д. 329"
Исправительный центр № 1,"г. Майкоп, ул. Кожевенная,11"
УФИЦ № 5 ИК-14,"Краснодарский край, Славянский район, пос. Вишневый, ул. Парковая д. 1"
УФИЦ ИК-6,"Краснодарский край, Выселковский район,  ст. Новомалороссийская, ул. Степная, д. 2"
УФИЦ № 1 ИК-14,"г. Славянск-на Кубани, ул. Донская 3 «а»"
Исправительный центр № 1,"г. Волгоград, ул.им. Землячки, 14"
УФИЦ № 3 ИК-2,"г.Элиста, Северная промышленная зона-2, д.172"
УФИЦ №2 ИК-4,"Краснодарский край, Успенский район, п. Мичуринский, ул. Садовая, 22"
УФИЦ №1 ИК-4,"г. Армавир, ул. Володарского 1а"
Исправительный центр № 2,"г. Волгоград, ул.им. Бахтурова, 6"
УФИЦ ИК-2,"Краснодарский край, Усть-Лабинский район, ст. Воронежская, ул. Крайняя 1"
УФИЦ №1 ИК-1,"г. Симферополь, пер. Элеваторный, 5"
УФИЦ № 2 ИК-14,"г. Краснодар, Восточная промышленная зона, ул. Тихорецкая, 20/1"
УФИЦ №4 ИК-14,"г. Краснодар, Западный обход, 2-ое отделение АФ «Солнечная», 7/4"
УФИЦ № 2 ИК-1,"Крым и Севастополь, пгт. Красногвардейское, ул. Строителей, д. 13"
СИЗО-2 Симферополь,"г. Симферополь, пер. Элеваторный, 4"
УФИЦ № 3 ИК-1,"Крым и Севастополь, Джанкойский район, с. Яркое, ул. Ленина, д. 12"
УФИЦ № 1 ИК-9,"г. Старая Русса, ул. Клубная д. 3"
УФИЦ № 2 ИК-9,"Новгородская область, п. Парфино, ул. Кирова д. 52/71"
Исправительный центр № 2,"г. Петрозаводск, ул.Жуковского, д.32 б"
УФИЦ ИК-25,"г. Сыктывкар, ул. 1-промышленная, д. 15"
УФИЦ №3 ИК-9,"Новгородская область, п. Крестцы ул. Краснова д. 2"
УФИЦ-2,"г. Петрозаводск, проезд Строителей, д.30 б"
Исправительный центр № 1,"г. Емва, ул. Калинина, д.55 а"
УФИЦ № 3 ИК-14,"Краснодарский край, Северский район,  пгт. Ильский, улица Завода Утяжелитель, 45"
УФИЦ № 1 ИК-2,"Калмыкия, Целинный район, с. Троицкое, Северная промзона"
УФИЦ № 2 ИК-2,"г. Элиста, ул. Ленина, д. 329"
Исправительный центр № 1,"г. Майкоп, ул. Кожевенная,11"
УФИЦ № 5 ИК-14,"Краснодарский край, Славянский район, пос. Вишневый, ул. Парковая д. 1"
УФИЦ ИК-6,"Краснодарский край, Выселковский район,  ст. Новомалороссийская, ул. Степная, д. 2"
УФИЦ № 1 ИК-14,"г. Славянск-на Кубани, ул. Донская 3 «а»"
Исправительный центр № 1,"г. Волгоград, ул.им. Землячки, 14"
УФИЦ № 3 ИК-2,"г.Элиста, Северная промышленная зона-2, д.172"
УФИЦ №2 ИК-4,"Краснодарский край, Успенский район, п. Мичуринский, ул. Садовая, 22"
УФИЦ №1 ИК-4,"г. Армавир, ул. Володарского 1а"
Исправительный центр № 2,"г. Волгоград, ул.им. Бахтурова, 6"
УФИЦ ИК-2,"Краснодарский край, Усть-Лабинский район, ст. Воронежская, ул. Крайняя 1"
УФИЦ №1 ИК-1,"г. Симферополь, пер. Элеваторный, 5"
УФИЦ № 2 ИК-14,"г. Краснодар, Восточная промышленная зона, ул. Тихорецкая, 20/1"
УФИЦ №4 ИК-14,"г. Краснодар, Западный обход, 2-ое отделение АФ «Солнечная», 7/4"
УФИЦ № 2 ИК-1,"Крым и Севастополь, пгт. Красногвардейское, ул. Строителей, д. 13"
СИЗО-2 Симферополь,"г. Симферополь, пер. Элеваторный, 4"
УФИЦ № 3 ИК-1,"Крым и Севастополь, Джанкойский район, с. Яркое, ул. Ленина, д. 12"
УФИЦ № 1 ИК-9,"г. Старая Русса, ул. Клубная д. 3"
УФИЦ № 2 ИК-9,"Новгородская область, п. Парфино, ул. Кирова д. 52/71"
Исправительный центр № 2,"г. Петрозаводск, ул.Жуковского, д.32 б"
УФИЦ ИК-25,"г. Сыктывкар, ул. 1-промышленная, д. 15"
УФИЦ №3 ИК-9,"Новгородская область, п. Крестцы ул. Краснова д. 2"
УФИЦ-2,"г. Петрозаводск, проезд Строителей, д.30 б"
Исправительный центр № 1,"г. Емва, ул. Калинина, д.55 а"
УФИЦ № 3 ИК-14,"Краснодарский край, Северский район,  пгт. Ильский, улица Завода Утяжелитель, 45"
УФИЦ № 1 ИК-2,"Калмыкия, Целинный район, с. Троицкое, Северная промзона"
УФИЦ № 2 ИК-2,"г. Элиста, ул. Ленина, д. 329"
Исправительный центр № 1,"г. Майкоп, ул. Кожевенная,11"
УФИЦ № 5 ИК-14,"Краснодарский край, Славянский район, пос. Вишневый, ул. Парковая д. 1"
УФИЦ ИК-6,"Краснодарский край, Выселковский район,  ст. Новомалороссийская, ул. Степная, д. 2"
УФИЦ № 1 ИК-14,"г. Славянск-на Кубани, ул. Донская 3 «а»"
Исправительный центр № 1,"г. Волгоград, ул.им. Землячки, 14"
УФИЦ № 3 ИК-2,"г.Элиста, Северная промышленная зона-2, д.172"
УФИЦ №2 ИК-4,"Краснодарский край, Успенский район, п. Мичуринский, ул. Садовая, 22"
УФИЦ №1 ИК-4,"г. Армавир, ул. Володарского 1а"
Исправительный центр № 2,"г. Волгоград, ул.им. Бахтурова, 6"
УФИЦ ИК-2,"Краснодарский край, Усть-Лабинский район, ст. Воронежская, ул. Крайняя 1"
УФИЦ №1 ИК-1,"г. Симферополь, пер. Элеваторный, 5"
УФИЦ № 2 ИК-14,"г. Краснодар, Восточная промышленная зона, ул. Тихорецкая, 20/1"
УФИЦ №4 ИК-14,"г. Краснодар, Западный обход, 2-ое отделение АФ «Солнечная», 7/4"
УФИЦ № 2 ИК-1,"Крым и Севастополь, пгт. Красногвардейское, ул. Строителей, д. 13"
СИЗО-2 Симферополь,"г. Симферополь, пер. Элеваторный, 4"
УФИЦ № 3 ИК-1,"Крым и Севастополь, Джанкойский район, с. Яркое, ул. Ленина, д. 12"
УФИЦ № 1 ИК-9,"г. Старая Русса, ул. Клубная д. 3"
УФИЦ № 2 ИК-9,"Новгородская область, п. Парфино, ул. Кирова д. 52/71"
Исправительный центр № 2,"г. Петрозаводск, ул.Жуковского, д.32 б"
УФИЦ ИК-25,"г. Сыктывкар, ул. 1-промышленная, д. 15"
УФИЦ №3 ИК-9,"Новгородская область, п. Крестцы ул. Краснова д. 2"
УФИЦ-2,"г. Петрозаводск, проезд Строителей, д.30 б"
Исправительный центр № 1,"г. Емва, ул. Калинина, д.55 а"
УФИЦ № 3 ИК-14,"Краснодарский край, Северский район,  пгт. Ильский, улица Завода Утяжелитель, 45"
УФИЦ № 1 ИК-2,"Калмыкия, Целинный район, с. Троицкое, Северная промзона"
УФИЦ № 2 ИК-2,"г. Элиста, ул. Ленина, д. 329"
Исправительный центр № 1,"г. Майкоп, ул. Кожевенная,11"
УФИЦ № 5 ИК-14,"Краснодарский край, Славянский район, пос. Вишневый, ул. Парковая д. 1"
УФИЦ ИК-6,"Краснодарский край, Выселковский район,  ст. Новомалороссийская, ул. Степная, д. 2"
УФИЦ № 1 ИК-14,"г. Славянск-на Кубани, ул. Донская 3 «а»"
Исправительный центр № 1,"г. Волгоград, ул.им. Землячки, 14"
УФИЦ № 3 ИК-2,"г.Элиста, Северная промышленная зона-2, д.172"
УФИЦ №2 ИК-4,"Краснодарский край, Успенский район, п. Мичуринский, ул. Садовая, 22"
УФИЦ №1 ИК-4,"г. Армавир, ул. Володарского 1а"
Исправительный центр № 2,"г. Волгоград, ул.им. Бахтурова, 6"
УФИЦ ИК-2,"Краснодарский край, Усть-Лабинский район, ст. Воронежская, ул. Крайняя 1"
УФИЦ №1 ИК-1,"г. Симферополь, пер. Элеваторный, 5"
УФИЦ № 2 ИК-14,"г. Краснодар, Восточная промышленная зона, ул. Тихорецкая, 20/1"
УФИЦ №4 ИК-14,"г. Краснодар, Западный обход, 2-ое отделение АФ «Солнечная», 7/4"
УФИЦ № 2 ИК-1,"Крым и Севастополь, пгт. Красногвардейское, ул. Строителей, д. 13"
СИЗО-2 Симферополь,"г. Симферополь, пер. Элеваторный, 4"
УФИЦ № 3 ИК-1,"Крым и Севастополь, Джанкойский район, с. Яркое, ул. Ленина, д. 12"
УФИЦ № 1 ИК-9,"г. Старая Русса, ул. Клубная д. 3"
УФИЦ № 2 ИК-9,"Новгородская область, п. Парфино, ул. Кирова д. 52/71"
Исправительный центр № 2,"г. Петрозаводск, ул.Жуковского, д.32 б"
УФИЦ ИК-25,"г. Сыктывкар, ул. 1-промышленная, д. 15"
УФИЦ №3 ИК-9,"Новгородская область, п. Крестцы ул. Краснова д. 2"
УФИЦ-2,"г. Петрозаводск, проезд Строителей, д.30 б"
Исправительный центр № 1,"г. Емва, ул. Калинина, д.55 а"
УФИЦ № 3 ИК-14,"Краснодарский край, Северский район,  пгт. Ильский, улица Завода Утяжелитель, 45"
УФИЦ № 1 ИК-2,"Калмыкия, Целинный район, с. Троицкое, Северная промзона"
УФИЦ № 2 ИК-2,"г. Элиста, ул. Ленина, д. 329"
Исправительный центр № 1,"г. Майкоп, ул. Кожевенная,11"
УФИЦ № 5 ИК-14,"Краснодарский край, Славянский район, пос. Вишневый, ул. Парковая д. 1"
УФИЦ ИК-6,"Краснодарский край, Выселковский район,  ст. Новомалороссийская, ул. Степная, д. 2"
УФИЦ № 1 ИК-14,"г. Славянск-на Кубани, ул. Донская 3 «а»"
Исправительный центр № 1,"г. Волгоград, ул.им. Землячки, 14"
УФИЦ № 3 ИК-2,"г.Элиста, Северная промышленная зона-2, д.172"
УФИЦ №2 ИК-4,"Краснодарский край, Успенский район, п. Мичуринский, ул. Садовая, 22"
УФИЦ №1 ИК-4,"г. Армавир, ул. Володарского 1а"
Исправительный центр № 2,"г. Волгоград, ул.им. Бахтурова, 6"
УФИЦ ИК-2,"Краснодарский край, Усть-Лабинский район, ст. Воронежская, ул. Крайняя 1"
УФИЦ №1 ИК-1,"г. Симферополь, пер. Элеваторный, 5"
УФИЦ № 2 ИК-14,"г. Краснодар, Восточная промышленная зона, ул. Тихорецкая, 20/1"
УФИЦ №4 ИК-14,"г. Краснодар, Западный обход, 2-ое отделение АФ «Солнечная», 7/4"
УФИЦ № 2 ИК-1,"Крым и Севастополь, пгт. Красногвардейское, ул. Строителей, д. 13"
СИЗО-2 Симферополь,"г. Симферополь, пер. Элеваторный, 4"
УФИЦ № 3 ИК-1,"Крым и Севастополь, Джанкойский район, с. Яркое, ул. Ленина, д. 12"
УФИЦ № 1 ИК-9,"г. Старая Русса, ул. Клубная д. 3"
УФИЦ № 2 ИК-9,"Новгородская область, п. Парфино, ул. Кирова д. 52/71"
Исправительный центр № 2,"г. Петрозаводск, ул.Жуковского, д.32 б"
УФИЦ ИК-25,"г. Сыктывкар, ул. 1-промышленная, д. 15"
УФИЦ №3 ИК-9,"Новгородская область, п. Крестцы ул. Краснова д. 2"
УФИЦ-2,"г. Петрозаводск, проезд Строителей, д.30 б"
Исправительный центр № 1,"г. Емва, ул. Калинина, д.55 а"
УФИЦ № 3 ИК-14,"Краснодарский край, Северский район,  пгт. Ильский, улица Завода Утяжелитель, 45"
УФИЦ № 1 ИК-2,"Калмыкия, Целинный район, с. Троицкое, Северная промзона"
УФИЦ № 2 ИК-2,"г. Элиста, ул. Ленина, д. 329"
Исправительный центр № 1,"г. Майкоп, ул. Кожевенная,11"
УФИЦ № 5 ИК-14,"Краснодарский край, Славянский район, пос. Вишневый, ул. Парковая д. 1"
УФИЦ ИК-6,"Краснодарский край, Выселковский район,  ст. Новомалороссийская, ул. Степная, д. 2"
УФИЦ № 1 ИК-14,"г. Славянск-на Кубани, ул. Донская 3 «а»"
Исправительный центр № 1,"г. Волгоград, ул.им. Землячки, 14"
УФИЦ № 3 ИК-2,"г.Элиста, Северная промышленная зона-2, д.172"
УФИЦ №2 ИК-4,"Краснодарский край, Успенский район, п. Мичуринский, ул. Садовая, 22"
УФИЦ №1 ИК-4,"г. Армавир, ул. Володарского 1а"
Исправительный центр № 2,"г. Волгоград, ул.им. Бахтурова, 6"
УФИЦ ИК-2,"Краснодарский край, Усть-Лабинский район, ст. Воронежская, ул. Крайняя 1"
УФИЦ №1 ИК-1,"г. Симферополь, пер. Элеваторный, 5"
УФИЦ № 2 ИК-14,"г. Краснодар, Восточная промышленная зона, ул. Тихорецкая, 20/1"
УФИЦ №4 ИК-14,"г. Краснодар, Западный обход, 2-ое отделение АФ «Солнечная», 7/4"
УФИЦ № 2 ИК-1,"Крым и Севастополь, пгт. Красногвардейское, ул. Строителей, д. 13"
СИЗО-2 Симферополь,"г. Симферополь, пер. Элеваторный, 4"
УФИЦ № 3 ИК-1,"Крым и Севастополь, Джанкойский район, с. Яркое, ул. Ленина, д. 12"
УФИЦ № 1 ИК-9,"г. Старая Русса, ул. Клубная д. 3"
УФИЦ № 2 ИК-9,"Новгородская область, п. Парфино, ул. Кирова д. 52/71"
Исправительный центр № 2,"г. Петрозаводск, ул.Жуковского, д.32 б"
УФИЦ ИК-25,"г. Сыктывкар, ул. 1-промышленная, д. 15"
УФИЦ №3 ИК-9,"Новгородская область, п. Крестцы ул. Краснова д. 2"
УФИЦ-2,"г. Петрозаводск, проезд Строителей, д.30 б"
Исправительный центр № 1,"г. Емва, ул. Калинина, д.55 а"
УФИЦ № 3 ИК-14,"Краснодарский край, Северский район,  пгт. Ильский, улица Завода Утяжелитель, 45"
УФИЦ № 1 ИК-2,"Калмыкия, Целинный район, с. Троицкое, Северная промзона"
УФИЦ № 2 ИК-2,"г. Элиста, ул. Ленина, д. 329"
Исправительный центр № 1,"г. Майкоп, ул. Кожевенная,11"
УФИЦ № 5 ИК-14,"Краснодарский край, Славянский район, пос. Вишневый, ул. Парковая д. 1"
УФИЦ ИК-6,"Краснодарский край, Выселковский район,  ст. Новомалороссийская, ул. Степная, д. 2"
УФИЦ № 1 ИК-14,"г. Славянск-на Кубани, ул. Донская 3 «а»"
Исправительный центр № 1,"г. Волгоград, ул.им. Землячки, 14"
УФИЦ № 3 ИК-2,"г.Элиста, Северная промышленная зона-2, д.172"
УФИЦ №2 ИК-4,"Краснодарский край, Успенский район, п. Мичуринский, ул. Садовая, 22"
УФИЦ №1 ИК-4,"г. Армавир, ул. Володарского 1а"
Исправительный центр № 2,"г. Волгоград, ул.им. Бахтурова, 6"
УФИЦ ИК-2,"Краснодарский край, Усть-Лабинский район, ст. Воронежская, ул. Крайняя 1"
УФИЦ №1 ИК-1,"г. Симферополь, пер. Элеваторный, 5"
УФИЦ № 2 ИК-14,"г. Краснодар, Восточная промышленная зона, ул. Тихорецкая, 20/1"
УФИЦ №4 ИК-14,"г. Краснодар, Западный обход, 2-ое отделение АФ «Солнечная», 7/4"
УФИЦ № 2 ИК-1,"Крым и Севастополь, пгт. Красногвардейское, ул. Строителей, д. 13"
СИЗО-2 Симферополь,"г. Симферополь, пер. Элеваторный, 4"
УФИЦ № 3 ИК-1,"Крым и Севастополь, Джанкойский район, с. Яркое, ул. Ленина, д. 12"
УФИЦ № 1 ИК-9,"г. Старая Русса, ул. Клубная д. 3"
УФИЦ № 2 ИК-9,"Новгородская область, п. Парфино, ул. Кирова д. 52/71"
Исправительный центр № 2,"г. Петрозаводск, ул.Жуковского, д.32 б"
УФИЦ ИК-25,"г. Сыктывкар, ул. 1-промышленная, д. 15"
УФИЦ №3 ИК-9,"Новгородская область, п. Крестцы ул. Краснова д. 2"
УФИЦ-2,"г. Петрозаводск, проезд Строителей, д.30 б"
Исправительный центр № 1,"г. Емва, ул. Калинина, д.55 а"
УФИЦ № 3 ИК-14,"Краснодарский край, Северский район,  пгт. Ильский, улица Завода Утяжелитель, 45"
УФИЦ № 1 ИК-2,"Калмыкия, Целинный район, с. Троицкое, Северная промзона"
УФИЦ № 2 ИК-2,"г. Элиста, ул. Ленина, д. 329"
Исправительный центр № 1,"г. Майкоп, ул. Кожевенная,11"
УФИЦ № 5 ИК-14,"Краснодарский край, Славянский район, пос. Вишневый, ул. Парковая д. 1"
УФИЦ ИК-6,"Краснодарский край, Выселковский район,  ст. Новомалороссийская, ул. Степная, д. 2"
УФИЦ № 1 ИК-14,"г. Славянск-на Кубани, ул. Донская 3 «а»"
Исправительный центр № 1,"г. Волгоград, ул.им. Землячки, 14"
УФИЦ № 3 ИК-2,"г.Элиста, Северная промышленная зона-2, д.172"
УФИЦ №2 ИК-4,"Краснодарский край, Успенский район, п. Мичуринский, ул. Садовая, 22"
УФИЦ №1 ИК-4,"г. Армавир, ул. Володарского 1а"
Исправительный центр № 2,"г. Волгоград, ул.им. Бахтурова, 6"
УФИЦ ИК-2,"Краснодарский край, Усть-Лабинский район, ст. Воронежская, ул. Крайняя 1"
УФИЦ №1 ИК-1,"г. Симферополь, пер. Элеваторный, 5"
УФИЦ № 2 ИК-14,"г. Краснодар, Восточная промышленная зона, ул. Тихорецкая, 20/1"
УФИЦ №4 ИК-14,"г. Краснодар, Западный обход, 2-ое отделение АФ «Солнечная», 7/4"
УФИЦ № 2 ИК-1,"Крым и Севастополь, пгт. Красногвардейское, ул. Строителей, д. 13"
СИЗО-2 Симферополь,"г. Симферополь, пер. Элеваторный, 4"
УФИЦ № 3 ИК-1,"Крым и Севастополь, Джанкойский район, с. Яркое, ул. Ленина, д. 12"
УФИЦ № 1 ИК-9,"г. Старая Русса, ул. Клубная д. 3"
УФИЦ № 2 ИК-9,"Новгородская область, п. Парфино, ул. Кирова д. 52/71"
Исправительный центр № 2,"г. Петрозаводск, ул.Жуковского, д.32 б"
УФИЦ ИК-25,"г. Сыктывкар, ул. 1-промышленная, д. 15"
УФИЦ №3 ИК-9,"Новгородская область, п. Крестцы ул. Краснова д. 2"
УФИЦ-2,"г. Петрозаводск, проезд Строителей, д.30 б"
Исправительный центр № 1,"г. Емва, ул. Калинина, д.55 а"
УФИЦ № 3 ИК-14,"Краснодарский край, Северский район,  пгт. Ильский, улица Завода Утяжелитель, 45"
УФИЦ № 1 ИК-2,"Калмыкия, Целинный район, с. Троицкое, Северная промзона"
УФИЦ № 2 ИК-2,"г. Элиста, ул. Ленина, д. 329"
Исправительный центр № 1,"г. Майкоп, ул. Кожевенная,11"
УФИЦ № 5 ИК-14,"Краснодарский край, Славянский район, пос. Вишневый, ул. Парковая д. 1"
УФИЦ ИК-6,"Краснодарский край, Выселковский район,  ст. Новомалороссийская, ул. Степная, д. 2"
УФИЦ № 1 ИК-14,"г. Славянск-на Кубани, ул. Донская 3 «а»"
Исправительный центр № 1,"г. Волгоград, ул.им. Землячки, 14"
УФИЦ № 3 ИК-2,"г.Элиста, Северная промышленная зона-2, д.172"
УФИЦ №2 ИК-4,"Краснодарский край, Успенский район, п. Мичуринский, ул. Садовая, 22"
УФИЦ №1 ИК-4,"г. Армавир, ул. Володарского 1а"
Исправительный центр № 2,"г. Волгоград, ул.им. Бахтурова, 6"
УФИЦ ИК-2,"Краснодарский край, Усть-Лабинский район, ст. Воронежская, ул. Крайняя 1"
УФИЦ №1 ИК-1,"г. Симферополь, пер. Элеваторный, 5"
УФИЦ № 2 ИК-14,"г. Краснодар, Восточная промышленная зона, ул. Тихорецкая, 20/1"
УФИЦ №4 ИК-14,"г. Краснодар, Западный обход, 2-ое отделение АФ «Солнечная», 7/4"
УФИЦ № 2 ИК-1,"Крым и Севастополь, пгт. Красногвардейское, ул. Строителей, д. 13"
СИЗО-2 Симферополь,"г. Симферополь, пер. Элеваторный, 4"
УФИЦ № 3 ИК-1,"Крым и Севастополь, Джанкойский район, с. Яркое, ул. Ленина, д. 12"
УФИЦ № 1 ИК-9,"г. Старая Русса, ул. Клубная д. 3"
УФИЦ № 2 ИК-9,"Новгородская область, п. Парфино, ул. Кирова д. 52/71"
Исправительный центр № 2,"г. Петрозаводск, ул.Жуковского, д.32 б"
УФИЦ ИК-25,"г. Сыктывкар, ул. 1-промышленная, д. 15"
УФИЦ №3 ИК-9,"Новгородская область, п. Крестцы ул. Краснова д. 2"
УФИЦ-2,"г. Петрозаводск, проезд Строителей, д.30 б"
Исправительный центр № 1,"г. Емва, ул. Калинина, д.55 а"
УФИЦ № 3 ИК-14,"Краснодарский край, Северский район,  пгт. Ильский, улица Завода Утяжелитель, 45"
УФИЦ № 1 ИК-2,"Калмыкия, Целинный район, с. Троицкое, Северная промзона"
УФИЦ № 2 ИК-2,"г. Элиста, ул. Ленина, д. 329"
Исправительный центр № 1,"г. Майкоп, ул. Кожевенная,11"
УФИЦ № 5 ИК-14,"Краснодарский край, Славянский район, пос. Вишневый, ул. Парковая д. 1"
УФИЦ ИК-6,"Краснодарский край, Выселковский район,  ст. Новомалороссийская, ул. Степная, д. 2"
УФИЦ № 1 ИК-14,"г. Славянск-на Кубани, ул. Донская 3 «а»"
Исправительный центр № 1,"г. Волгоград, ул.им. Землячки, 14"
УФИЦ № 3 ИК-2,"г.Элиста, Северная промышленная зона-2, д.172"
УФИЦ №2 ИК-4,"Краснодарский край, Успенский район, п. Мичуринский, ул. Садовая, 22"
УФИЦ №1 ИК-4,"г. Армавир, ул. Володарского 1а"
Исправительный центр № 2,"г. Волгоград, ул.им. Бахтурова, 6"
УФИЦ ИК-2,"Краснодарский край, Усть-Лабинский район, ст. Воронежская, ул. Крайняя 1"
УФИЦ №1 ИК-1,"г. Симферополь, пер. Элеваторный, 5"
УФИЦ № 2 ИК-14,"г. Краснодар, Восточная промышленная зона, ул. Тихорецкая, 20/1"
УФИЦ №4 ИК-14,"г. Краснодар, Западный обход, 2-ое отделение АФ «Солнечная», 7/4"
УФИЦ № 2 ИК-1,"Крым и Севастополь, пгт. Красногвардейское, ул. Строителей, д. 13"
СИЗО-2 Симферополь,"г. Симферополь, пер. Элеваторный, 4"
УФИЦ № 3 ИК-1,"Крым и Севастополь, Джанкойский район, с. Яркое, ул. Ленина, д. 12"
УФИЦ № 1 ИК-9,"г. Старая Русса, ул. Клубная д. 3"
УФИЦ № 2 ИК-9,"Новгородская область, п. Парфино, ул. Кирова д. 52/71"
Исправительный центр № 2,"г. Петрозаводск, ул.Жуковского, д.32 б"
УФИЦ ИК-25,"г. Сыктывкар, ул. 1-промышленная, д. 15"
УФИЦ №3 ИК-9,"Новгородская область, п. Крестцы ул. Краснова д. 2"
УФИЦ-2,"г. Петрозаводск, проезд Строителей, д.30 б"
Исправительный центр № 1,"г. Емва, ул. Калинина, д.55 а"
УФИЦ № 3 ИК-14,"Краснодарский край, Северский район,  пгт. Ильский, улица Завода Утяжелитель, 45"
УФИЦ № 1 ИК-2,"Калмыкия, Целинный район, с. Троицкое, Северная промзона"
УФИЦ № 2 ИК-2,"г. Элиста, ул. Ленина, д. 329"
Исправительный центр № 1,"г. Майкоп, ул. Кожевенная,11"
УФИЦ № 5 ИК-14,"Краснодарский край, Славянский район, пос. Вишневый, ул. Парковая д. 1"
УФИЦ ИК-6,"Краснодарский край, Выселковский район,  ст. Новомалороссийская, ул. Степная, д. 2"
УФИЦ № 1 ИК-14,"г. Славянск-на Кубани, ул. Донская 3 «а»"
Исправительный центр № 1,"г. Волгоград, ул.им. Землячки, 14"
УФИЦ № 3 ИК-2,"г.Элиста, Северная промышленная зона-2, д.172"
УФИЦ №2 ИК-4,"Краснодарский край, Успенский район, п. Мичуринский, ул. Садовая, 22"
УФИЦ №1 ИК-4,"г. Армавир, ул. Володарского 1а"
Исправительный центр № 2,"г. Волгоград, ул.им. Бахтурова, 6"
УФИЦ ИК-2,"Краснодарский край, Усть-Лабинский район, ст. Воронежская, ул. Крайняя 1"
УФИЦ №1 ИК-1,"г. Симферополь, пер. Элеваторный, 5"
УФИЦ № 2 ИК-14,"г. Краснодар, Восточная промышленная зона, ул. Тихорецкая, 20/1"
УФИЦ №4 ИК-14,"г. Краснодар, Западный обход, 2-ое отделение АФ «Солнечная», 7/4"
УФИЦ № 2 ИК-1,"Крым и Севастополь, пгт. Красногвардейское, ул. Строителей, д. 13"
СИЗО-2 Симферополь,"г. Симферополь, пер. Элеваторный, 4"
УФИЦ № 3 ИК-1,"Крым и Севастополь, Джанкойский район, с. Яркое, ул. Ленина, д. 12"
УФИЦ № 1 ИК-9,"г. Старая Русса, ул. Клубная д. 3"
УФИЦ № 2 ИК-9,"Новгородская область, п. Парфино, ул. Кирова д. 52/71"
Исправительный центр № 2,"г. Петрозаводск, ул.Жуковского, д.32 б"
УФИЦ ИК-25,"г. Сыктывкар, ул. 1-промышленная, д. 15"
УФИЦ №3 ИК-9,"Новгородская область, п. Крестцы ул. Краснова д. 2"
УФИЦ-2,"г. Петрозаводск, проезд Строителей, д.30 б"
Исправительный центр № 1,"г. Емва, ул. Калинина, д.55 а"
УФИЦ № 3 ИК-14,"Краснодарский край, Северский район,  пгт. Ильский, улица Завода Утяжелитель, 45"
УФИЦ № 1 ИК-2,"Калмыкия, Целинный район, с. Троицкое, Северная промзона"
УФИЦ № 2 ИК-2,"г. Элиста, ул. Ленина, д. 329"
Исправительный центр № 1,"г. Майкоп, ул. Кожевенная,11"
УФИЦ № 5 ИК-14,"Краснодарский край, Славянский район, пос. Вишневый, ул. Парковая д. 1"
УФИЦ ИК-6,"Краснодарский край, Выселковский район,  ст. Новомалороссийская, ул. Степная, д. 2"
УФИЦ № 1 ИК-14,"г. Славянск-на Кубани, ул. Донская 3 «а»"
Исправительный центр № 1,"г. Волгоград, ул.им. Землячки, 14"
УФИЦ № 3 ИК-2,"г.Элиста, Северная промышленная зона-2, д.172"
УФИЦ №2 ИК-4,"Краснодарский край, Успенский район, п. Мичуринский, ул. Садовая, 22"
УФИЦ №1 ИК-4,"г. Армавир, ул. Володарского 1а"
Исправительный центр № 2,"г. Волгоград, ул.им. Бахтурова, 6"
УФИЦ ИК-2,"Краснодарский край, Усть-Лабинский район, ст. Воронежская, ул. Крайняя 1"
УФИЦ №1 ИК-1,"г. Симферополь, пер. Элеваторный, 5"
УФИЦ № 2 ИК-14,"г. Краснодар, Восточная промышленная зона, ул. Тихорецкая, 20/1"
УФИЦ №4 ИК-14,"г. Краснодар, Западный обход, 2-ое отделение АФ «Солнечная», 7/4"
УФИЦ № 2 ИК-1,"Крым и Севастополь, пгт. Красногвардейское, ул. Строителей, д. 13"
СИЗО-2 Симферополь,"г. Симферополь, пер. Элеваторный, 4"
УФИЦ № 3 ИК-1,"Крым и Севастополь, Джанкойский район, с. Яркое, ул. Ленина, д. 12"
УФИЦ № 1 ИК-9,"г. Старая Русса, ул. Клубная д. 3"
УФИЦ № 2 ИК-9,"Новгородская область, п. Парфино, ул. Кирова д. 52/71"
Исправительный центр № 2,"г. Петрозаводск, ул.Жуковского, д.32 б"
УФИЦ ИК-25,"г. Сыктывкар, ул. 1-промышленная, д. 15"
УФИЦ №3 ИК-9,"Новгородская область, п. Крестцы ул. Краснова д. 2"
УФИЦ-2,"г. Петрозаводск, проезд Строителей, д.30 б"
Исправительный центр № 1,"г. Емва, ул. Калинина, д.55 а"
УФИЦ № 3 ИК-14,"Краснодарский край, Северский район,  пгт. Ильский, улица Завода Утяжелитель, 45"
УФИЦ № 1 ИК-2,"Калмыкия, Целинный район, с. Троицкое, Северная промзона"
УФИЦ № 2 ИК-2,"г. Элиста, ул. Ленина, д. 329"
Исправительный центр № 1,"г. Майкоп, ул. Кожевенная,11"
УФИЦ № 5 ИК-14,"Краснодарский край, Славянский район, пос. Вишневый, ул. Парковая д. 1"
УФИЦ ИК-6,"Краснодарский край, Выселковский район,  ст. Новомалороссийская, ул. Степная, д. 2"
УФИЦ № 1 ИК-14,"г. Славянск-на Кубани, ул. Донская 3 «а»"
Исправительный центр № 1,"г. Волгоград, ул.им. Землячки, 14"
УФИЦ № 3 ИК-2,"г.Элиста, Северная промышленная зона-2, д.172"
УФИЦ №2 ИК-4,"Краснодарский край, Успенский район, п. Мичуринский, ул. Садовая, 22"
УФИЦ №1 ИК-4,"г. Армавир, ул. Володарского 1а"
Исправительный центр № 2,"г. Волгоград, ул.им. Бахтурова, 6"
УФИЦ ИК-2,"Краснодарский край, Усть-Лабинский район, ст. Воронежская, ул. Крайняя 1"
УФИЦ №1 ИК-1,"г. Симферополь, пер. Элеваторный, 5"
УФИЦ № 2 ИК-14,"г. Краснодар, Восточная промышленная зона, ул. Тихорецкая, 20/1"
УФИЦ №4 ИК-14,"г. Краснодар, Западный обход, 2-ое отделение АФ «Солнечная», 7/4"
УФИЦ № 2 ИК-1,"Крым и Севастополь, пгт. Красногвардейское, ул. Строителей, д. 13"
СИЗО-2 Симферополь,"г. Симферополь, пер. Элеваторный, 4"
УФИЦ № 3 ИК-1,"Крым и Севастополь, Джанкойский район, с. Яркое, ул. Ленина, д. 12"
УФИЦ № 1 ИК-9,"г. Старая Русса, ул. Клубная д. 3"
УФИЦ № 2 ИК-9,"Новгородская область, п. Парфино, ул. Кирова д. 52/71"
Исправительный центр № 2,"г. Петрозаводск, ул.Жуковского, д.32 б"
УФИЦ ИК-25,"г. Сыктывкар, ул. 1-промышленная, д. 15"
УФИЦ №3 ИК-9,"Новгородская область, п. Крестцы ул. Краснова д. 2"
УФИЦ-2,"г. Петрозаводск, проезд Строителей, д.30 б"
Исправительный центр № 1,"г. Емва, ул. Калинина, д.55 а"
УФИЦ № 3 ИК-14,"Краснодарский край, Северский район,  пгт. Ильский, улица Завода Утяжелитель, 45"
УФИЦ № 1 ИК-2,"Калмыкия, Целинный район, с. Троицкое, Северная промзона"
УФИЦ № 2 ИК-2,"г. Элиста, ул. Ленина, д. 329"
Исправительный центр № 1,"г. Майкоп, ул. Кожевенная,11"
УФИЦ № 5 ИК-14,"Краснодарский край, Славянский район, пос. Вишневый, ул. Парковая д. 1"
УФИЦ ИК-6,"Краснодарский край, Выселковский район,  ст. Новомалороссийская, ул. Степная, д. 2"
УФИЦ № 1 ИК-14,"г. Славянск-на Кубани, ул. Донская 3 «а»"
Исправительный центр № 1,"г. Волгоград, ул.им. Землячки, 14"
УФИЦ № 3 ИК-2,"г.Элиста, Северная промышленная зона-2, д.172"
УФИЦ №2 ИК-4,"Краснодарский край, Успенский район, п. Мичуринский, ул. Садовая, 22"
УФИЦ №1 ИК-4,"г. Армавир, ул. Володарского 1а"
Исправительный центр № 2,"г. Волгоград, ул.им. Бахтурова, 6"
УФИЦ ИК-2,"Краснодарский край, Усть-Лабинский район, ст. Воронежская, ул. Крайняя 1"
УФИЦ №1 ИК-1,"г. Симферополь, пер. Элеваторный, 5"
УФИЦ № 2 ИК-14,"г. Краснодар, Восточная промышленная зона, ул. Тихорецкая, 20/1"
УФИЦ №4 ИК-14,"г. Краснодар, Западный обход, 2-ое отделение АФ «Солнечная», 7/4"
УФИЦ № 2 ИК-1,"Крым и Севастополь, пгт. Красногвардейское, ул. Строителей, д. 13"
СИЗО-2 Симферополь,"г. Симферополь, пер. Элеваторный, 4"
УФИЦ № 3 ИК-1,"Крым и Севастополь, Джанкойский район, с. Яркое, ул. Ленина, д. 12"
УФИЦ № 1 ИК-9,"г. Старая Русса, ул. Клубная д. 3"
УФИЦ № 2 ИК-9,"Новгородская область, п. Парфино, ул. Кирова д. 52/71"
Исправительный центр № 2,"г. Петрозаводск, ул.Жуковского, д.32 б"
УФИЦ ИК-25,"г. Сыктывкар, ул. 1-промышленная, д. 15"
УФИЦ №3 ИК-9,"Новгородская область, п. Крестцы ул. Краснова д. 2"
УФИЦ-2,"г. Петрозаводск, проезд Строителей, д.30 б"
Исправительный центр № 1,"г. Емва, ул. Калинина, д.55 а"
УФИЦ № 3 ИК-14,"Краснодарский край, Северский район,  пгт. Ильский, улица Завода Утяжелитель, 45"
УФИЦ № 1 ИК-2,"Калмыкия, Целинный район, с. Троицкое, Северная промзона"
УФИЦ № 2 ИК-2,"г. Элиста, ул. Ленина, д. 329"
Исправительный центр № 1,"г. Майкоп, ул. Кожевенная,11"
УФИЦ № 5 ИК-14,"Краснодарский край, Славянский район, пос. Вишневый, ул. Парковая д. 1"
УФИЦ ИК-6,"Краснодарский край, Выселковский район,  ст. Новомалороссийская, ул. Степная, д. 2"
УФИЦ № 1 ИК-14,"г. Славянск-на Кубани, ул. Донская 3 «а»"
Исправительный центр № 1,"г. Волгоград, ул.им. Землячки, 14"
УФИЦ № 3 ИК-2,"г.Элиста, Северная промышленная зона-2, д.172"
УФИЦ №2 ИК-4,"Краснодарский край, Успенский район, п. Мичуринский, ул. Садовая, 22"
УФИЦ №1 ИК-4,"г. Армавир, ул. Володарского 1а"
Исправительный центр № 2,"г. Волгоград, ул.им. Бахтурова, 6"
УФИЦ ИК-2,"Краснодарский край, Усть-Лабинский район, ст. Воронежская, ул. Крайняя 1"
УФИЦ №1 ИК-1,"г. Симферополь, пер. Элеваторный, 5"
УФИЦ № 2 ИК-14,"г. Краснодар, Восточная промышленная зона, ул. Тихорецкая, 20/1"
УФИЦ №4 ИК-14,"г. Краснодар, Западный обход, 2-ое отделение АФ «Солнечная», 7/4"
УФИЦ № 2 ИК-1,"Крым и Севастополь, пгт. Красногвардейское, ул. Строителей, д. 13"
СИЗО-2 Симферополь,"г. Симферополь, пер. Элеваторный, 4"
УФИЦ № 3 ИК-1,"Крым и Севастополь, Джанкойский район, с. Яркое, ул. Ленина, д. 12"
УФИЦ № 1 ИК-9,"г. Старая Русса, ул. Клубная д. 3"
УФИЦ № 2 ИК-9,"Новгородская область, п. Парфино, ул. Кирова д. 52/71"
Исправительный центр № 2,"г. Петрозаводск, ул.Жуковского, д.32 б"
УФИЦ ИК-25,"г. Сыктывкар, ул. 1-промышленная, д. 15"
УФИЦ №3 ИК-9,"Новгородская область, п. Крестцы ул. Краснова д. 2"
УФИЦ-2,"г. Петрозаводск, проезд Строителей, д.30 б"
Исправительный центр № 1,"г. Емва, ул. Калинина, д.55 а"
УФИЦ № 3 ИК-14,"Краснодарский край, Северский район,  пгт. Ильский, улица Завода Утяжелитель, 45"
УФИЦ № 1 ИК-2,"Калмыкия, Целинный район, с. Троицкое, Северная промзона"
УФИЦ № 2 ИК-2,"г. Элиста, ул. Ленина, д. 329"
Исправительный центр № 1,"г. Майкоп, ул. Кожевенная,11"
УФИЦ № 5 ИК-14,"Краснодарский край, Славянский район, пос. Вишневый, ул. Парковая д. 1"
УФИЦ ИК-6,"Краснодарский край, Выселковский район,  ст. Новомалороссийская, ул. Степная, д. 2"
УФИЦ № 1 ИК-14,"г. Славянск-на Кубани, ул. Донская 3 «а»"
Исправительный центр № 1,"г. Волгоград, ул.им. Землячки, 14"
УФИЦ № 3 ИК-2,"г.Элиста, Северная промышленная зона-2, д.172"
УФИЦ №2 ИК-4,"Краснодарский край, Успенский район, п. Мичуринский, ул. Садовая, 22"
УФИЦ №1 ИК-4,"г. Армавир, ул. Володарского 1а"
Исправительный центр № 2,"г. Волгоград, ул.им. Бахтурова, 6"
УФИЦ ИК-2,"Краснодарский край, Усть-Лабинский район, ст. Воронежская, ул. Крайняя 1"
УФИЦ №1 ИК-1,"г. Симферополь, пер. Элеваторный, 5"
УФИЦ № 2 ИК-14,"г. Краснодар, Восточная промышленная зона, ул. Тихорецкая, 20/1"
УФИЦ №4 ИК-14,"г. Краснодар, Западный обход, 2-ое отделение АФ «Солнечная», 7/4"
УФИЦ № 2 ИК-1,"Крым и Севастополь, пгт. Красногвардейское, ул. Строителей, д. 13"
СИЗО-2 Симферополь,"г. Симферополь, пер. Элеваторный, 4"
УФИЦ № 3 ИК-1,"Крым и Севастополь, Джанкойский район, с. Яркое, ул. Ленина, д. 12"
УФИЦ № 1 ИК-9,"г. Старая Русса, ул. Клубная д. 3"
УФИЦ № 2 ИК-9,"Новгородская область, п. Парфино, ул. Кирова д. 52/71"
Исправительный центр № 2,"г. Петрозаводск, ул.Жуковского, д.32 б"
УФИЦ ИК-25,"г. Сыктывкар, ул. 1-промышленная, д. 15"
УФИЦ №3 ИК-9,"Новгородская область, п. Крестцы ул. Краснова д. 2"
УФИЦ-2,"г. Петрозаводск, проезд Строителей, д.30 б"
Исправительный центр № 1,"г. Емва, ул. Калинина, д.55 а"
УФИЦ № 3 ИК-14,"Краснодарский край, Северский район,  пгт. Ильский, улица Завода Утяжелитель, 45"
УФИЦ № 1 ИК-2,"Калмыкия, Целинный район, с. Троицкое, Северная промзона"
УФИЦ № 2 ИК-2,"г. Элиста, ул. Ленина, д. 329"
Исправительный центр № 1,"г. Майкоп, ул. Кожевенная,11"
УФИЦ № 5 ИК-14,"Краснодарский край, Славянский район, пос. Вишневый, ул. Парковая д. 1"
УФИЦ ИК-6,"Краснодарский край, Выселковский район,  ст. Новомалороссийская, ул. Степная, д. 2"
УФИЦ № 1 ИК-14,"г. Славянск-на Кубани, ул. Донская 3 «а»"
Исправительный центр № 1,"г. Волгоград, ул.им. Землячки, 14"
УФИЦ № 3 ИК-2,"г.Элиста, Северная промышленная зона-2, д.172"
УФИЦ №2 ИК-4,"Краснодарский край, Успенский район, п. Мичуринский, ул. Садовая, 22"
УФИЦ №1 ИК-4,"г. Армавир, ул. Володарского 1а"
Исправительный центр № 2,"г. Волгоград, ул.им. Бахтурова, 6"
УФИЦ ИК-2,"Краснодарский край, Усть-Лабинский район, ст. Воронежская, ул. Крайняя 1"
УФИЦ №1 ИК-1,"г. Симферополь, пер. Элеваторный, 5"
УФИЦ № 2 ИК-14,"г. Краснодар, Восточная промышленная зона, ул. Тихорецкая, 20/1"
УФИЦ №4 ИК-14,"г. Краснодар, Западный обход, 2-ое отделение АФ «Солнечная», 7/4"
УФИЦ № 2 ИК-1,"Крым и Севастополь, пгт. Красногвардейское, ул. Строителей, д. 13"
СИЗО-2 Симферополь,"г. Симферополь, пер. Элеваторный, 4"
УФИЦ № 3 ИК-1,"Крым и Севастополь, Джанкойский район, с. Яркое, ул. Ленина, д. 12"
УФИЦ № 1 ИК-9,"г. Старая Русса, ул. Клубная д. 3"
УФИЦ № 2 ИК-9,"Новгородская область, п. Парфино, ул. Кирова д. 52/71"
Исправительный центр № 2,"г. Петрозаводск, ул.Жуковского, д.32 б"
УФИЦ ИК-25,"г. Сыктывкар, ул. 1-промышленная, д. 15"
УФИЦ №3 ИК-9,"Новгородская область, п. Крестцы ул. Краснова д. 2"
УФИЦ-2,"г. Петрозаводск, проезд Строителей, д.30 б"
Исправительный центр № 1,"г. Емва, ул. Калинина, д.55 а"
УФИЦ № 3 ИК-14,"Краснодарский край, Северский район,  пгт. Ильский, улица Завода Утяжелитель, 45"
УФИЦ № 1 ИК-2,"Калмыкия, Целинный район, с. Троицкое, Северная промзона"
УФИЦ № 2 ИК-2,"г. Элиста, ул. Ленина, д. 329"
Исправительный центр № 1,"г. Майкоп, ул. Кожевенная,11"
УФИЦ № 5 ИК-14,"Краснодарский край, Славянский район, пос. Вишневый, ул. Парковая д. 1"
УФИЦ ИК-6,"Краснодарский край, Выселковский район,  ст. Новомалороссийская, ул. Степная, д. 2"
УФИЦ № 1 ИК-14,"г. Славянск-на Кубани, ул. Донская 3 «а»"
Исправительный центр № 1,"г. Волгоград, ул.им. Землячки, 14"
УФИЦ № 3 ИК-2,"г.Элиста, Северная промышленная зона-2, д.172"
УФИЦ №2 ИК-4,"Краснодарский край, Успенский район, п. Мичуринский, ул. Садовая, 22"
УФИЦ №1 ИК-4,"г. Армавир, ул. Володарского 1а"
Исправительный центр № 2,"г. Волгоград, ул.им. Бахтурова, 6"
УФИЦ ИК-2,"Краснодарский край, Усть-Лабинский район, ст. Воронежская, ул. Крайняя 1"
УФИЦ №1 ИК-1,"г. Симферополь, пер. Элеваторный, 5"
УФИЦ № 2 ИК-14,"г. Краснодар, Восточная промышленная зона, ул. Тихорецкая, 20/1"
УФИЦ №4 ИК-14,"г. Краснодар, Западный обход, 2-ое отделение АФ «Солнечная», 7/4"
УФИЦ № 2 ИК-1,"Крым и Севастополь, пгт. Красногвардейское, ул. Строителей, д. 13"
СИЗО-2 Симферополь,"г. Симферополь, пер. Элеваторный, 4"
УФИЦ № 3 ИК-1,"Крым и Севастополь, Джанкойский район, с. Яркое, ул. Ленина, д. 12"
УФИЦ № 1 ИК-9,"г. Старая Русса, ул. Клубная д. 3"
УФИЦ № 2 ИК-9,"Новгородская область, п. Парфино, ул. Кирова д. 52/71"
Исправительный центр № 2,"г. Петрозаводск, ул.Жуковского, д.32 б"
УФИЦ ИК-25,"г. Сыктывкар, ул. 1-промышленная, д. 15"
УФИЦ №3 ИК-9,"Новгородская область, п. Крестцы ул. Краснова д. 2"
УФИЦ-2,"г. Петрозаводск, проезд Строителей, д.30 б"
Исправительный центр № 1,"г. Емва, ул. Калинина, д.55 а"
УФИЦ № 3 ИК-14,"Краснодарский край, Северский район,  пгт. Ильский, улица Завода Утяжелитель, 45"
УФИЦ № 1 ИК-2,"Калмыкия, Целинный район, с. Троицкое, Северная промзона"
УФИЦ № 2 ИК-2,"г. Элиста, ул. Ленина, д. 329"
Исправительный центр № 1,"г. Майкоп, ул. Кожевенная,11"
УФИЦ № 5 ИК-14,"Краснодарский край, Славянский район, пос. Вишневый, ул. Парковая д. 1"
УФИЦ ИК-6,"Краснодарский край, Выселковский район,  ст. Новомалороссийская, ул. Степная, д. 2"
УФИЦ № 1 ИК-14,"г. Славянск-на Кубани, ул. Донская 3 «а»"
Исправительный центр № 1,"г. Волгоград, ул.им. Землячки, 14"
УФИЦ № 3 ИК-2,"г.Элиста, Северная промышленная зона-2, д.172"
УФИЦ №2 ИК-4,"Краснодарский край, Успенский район, п. Мичуринский, ул. Садовая, 22"
УФИЦ №1 ИК-4,"г. Армавир, ул. Володарского 1а"
Исправительный центр № 2,"г. Волгоград, ул.им. Бахтурова, 6"
УФИЦ ИК-2,"Краснодарский край, Усть-Лабинский район, ст. Воронежская, ул. Крайняя 1"
УФИЦ №1 ИК-1,"г. Симферополь, пер. Элеваторный, 5"
УФИЦ № 2 ИК-14,"г. Краснодар, Восточная промышленная зона, ул. Тихорецкая, 20/1"
УФИЦ №4 ИК-14,"г. Краснодар, Западный обход, 2-ое отделение АФ «Солнечная», 7/4"
УФИЦ № 2 ИК-1,"Крым и Севастополь, пгт. Красногвардейское, ул. Строителей, д. 13"
СИЗО-2 Симферополь,"г. Симферополь, пер. Элеваторный, 4"
УФИЦ № 3 ИК-1,"Крым и Севастополь, Джанкойский район, с. Яркое, ул. Ленина, д. 12"
УФИЦ № 1 ИК-9,"г. Старая Русса, ул. Клубная д. 3"
УФИЦ № 2 ИК-9,"Новгородская область, п. Парфино, ул. Кирова д. 52/71"
Исправительный центр № 2,"г. Петрозаводск, ул.Жуковского, д.32 б"
УФИЦ ИК-25,"г. Сыктывкар, ул. 1-промышленная, д. 15"
УФИЦ №3 ИК-9,"Новгородская область, п. Крестцы ул. Краснова д. 2"
УФИЦ-2,"г. Петрозаводск, проезд Строителей, д.30 б"
Исправительный центр № 1,"г. Емва, ул. Калинина, д.55 а"
УФИЦ № 3 ИК-14,"Краснодарский край, Северский район,  пгт. Ильский, улица Завода Утяжелитель, 45"
УФИЦ № 1 ИК-2,"Калмыкия, Целинный район, с. Троицкое, Северная промзона"
УФИЦ № 2 ИК-2,"г. Элиста, ул. Ленина, д. 329"
Исправительный центр № 1,"г. Майкоп, ул. Кожевенная,11"
УФИЦ № 5 ИК-14,"Краснодарский край, Славянский район, пос. Вишневый, ул. Парковая д. 1"
УФИЦ ИК-6,"Краснодарский край, Выселковский район,  ст. Новомалороссийская, ул. Степная, д. 2"
УФИЦ № 1 ИК-14,"г. Славянск-на Кубани, ул. Донская 3 «а»"
Исправительный центр № 1,"г. Волгоград, ул.им. Землячки, 14"
УФИЦ № 3 ИК-2,"г.Элиста, Северная промышленная зона-2, д.172"
УФИЦ №2 ИК-4,"Краснодарский край, Успенский район, п. Мичуринский, ул. Садовая, 22"
УФИЦ №1 ИК-4,"г. Армавир, ул. Володарского 1а"
Исправительный центр № 2,"г. Волгоград, ул.им. Бахтурова, 6"
УФИЦ ИК-2,"Краснодарский край, Усть-Лабинский район, ст. Воронежская, ул. Крайняя 1"
УФИЦ №1 ИК-1,"г. Симферополь, пер. Элеваторный, 5"
УФИЦ № 2 ИК-14,"г. Краснодар, Восточная промышленная зона, ул. Тихорецкая, 20/1"
УФИЦ №4 ИК-14,"г. Краснодар, Западный обход, 2-ое отделение АФ «Солнечная», 7/4"
УФИЦ № 2 ИК-1,"Крым и Севастополь, пгт. Красногвардейское, ул. Строителей, д. 13"
СИЗО-2 Симферополь,"г. Симферополь, пер. Элеваторный, 4"
УФИЦ № 3 ИК-1,"Крым и Севастополь, Джанкойский район, с. Яркое, ул. Ленина, д. 12"
УФИЦ № 1 ИК-9,"г. Старая Русса, ул. Клубная д. 3"
УФИЦ № 2 ИК-9,"Новгородская область, п. Парфино, ул. Кирова д. 52/71"
Исправительный центр № 2,"г. Петрозаводск, ул.Жуковского, д.32 б"
УФИЦ ИК-25,"г. Сыктывкар, ул. 1-промышленная, д. 15"
УФИЦ №3 ИК-9,"Новгородская область, п. Крестцы ул. Краснова д. 2"
УФИЦ-2,"г. Петрозаводск, проезд Строителей, д.30 б"
Исправительный центр № 1,"г. Емва, ул. Калинина, д.55 а"
УФИЦ № 3 ИК-14,"Краснодарский край, Северский район,  пгт. Ильский, улица Завода Утяжелитель, 45"
УФИЦ № 1 ИК-2,"Калмыкия, Целинный район, с. Троицкое, Северная промзона"
УФИЦ № 2 ИК-2,"г. Элиста, ул. Ленина, д. 329"
Исправительный центр № 1,"г. Майкоп, ул. Кожевенная,11"
УФИЦ № 5 ИК-14,"Краснодарский край, Славянский район, пос. Вишневый, ул. Парковая д. 1"
УФИЦ ИК-6,"Краснодарский край, Выселковский район,  ст. Новомалороссийская, ул. Степная, д. 2"
УФИЦ № 1 ИК-14,"г. Славянск-на Кубани, ул. Донская 3 «а»"
Исправительный центр № 1,"г. Волгоград, ул.им. Землячки, 14"
УФИЦ № 3 ИК-2,"г.Элиста, Северная промышленная зона-2, д.172"
УФИЦ №2 ИК-4,"Краснодарский край, Успенский район, п. Мичуринский, ул. Садовая, 22"
УФИЦ №1 ИК-4,"г. Армавир, ул. Володарского 1а"
Исправительный центр № 2,"г. Волгоград, ул.им. Бахтурова, 6"
УФИЦ ИК-2,"Краснодарский край, Усть-Лабинский район, ст. Воронежская, ул. Крайняя 1"
УФИЦ №1 ИК-1,"г. Симферополь, пер. Элеваторный, 5"
УФИЦ № 2 ИК-14,"г. Краснодар, Восточная промышленная зона, ул. Тихорецкая, 20/1"
УФИЦ №4 ИК-14,"г. Краснодар, Западный обход, 2-ое отделение АФ «Солнечная», 7/4"
УФИЦ № 2 ИК-1,"Крым и Севастополь, пгт. Красногвардейское, ул. Строителей, д. 13"
СИЗО-2 Симферополь,"г. Симферополь, пер. Элеваторный, 4"
УФИЦ № 3 ИК-1,"Крым и Севастополь, Джанкойский район, с. Яркое, ул. Ленина, д. 12"
УФИЦ № 1 ИК-9,"г. Старая Русса, ул. Клубная д. 3"
УФИЦ № 2 ИК-9,"Новгородская область, п. Парфино, ул. Кирова д. 52/71"
Исправительный центр № 2,"г. Петрозаводск, ул.Жуковского, д.32 б"
УФИЦ ИК-25,"г. Сыктывкар, ул. 1-промышленная, д. 15"
УФИЦ №3 ИК-9,"Новгородская область, п. Крестцы ул. Краснова д. 2"
УФИЦ-2,"г. Петрозаводск, проезд Строителей, д.30 б"
Исправительный центр № 1,"г. Емва, ул. Калинина, д.55 а"
УФИЦ № 3 ИК-14,"Краснодарский край, Северский район,  пгт. Ильский, улица Завода Утяжелитель, 45"
УФИЦ № 1 ИК-2,"Калмыкия, Целинный район, с. Троицкое, Северная промзона"
УФИЦ № 2 ИК-2,"г. Элиста, ул. Ленина, д. 329"
Исправительный центр № 1,"г. Майкоп, ул. Кожевенная,11"
УФИЦ № 5 ИК-14,"Краснодарский край, Славянский район, пос. Вишневый, ул. Парковая д. 1"
УФИЦ ИК-6,"Краснодарский край, Выселковский район,  ст. Новомалороссийская, ул. Степная, д. 2"
УФИЦ № 1 ИК-14,"г. Славянск-на Кубани, ул. Донская 3 «а»"
Исправительный центр № 1,"г. Волгоград, ул.им. Землячки, 14"
УФИЦ № 3 ИК-2,"г.Элиста, Северная промышленная зона-2, д.172"
УФИЦ №2 ИК-4,"Краснодарский край, Успенский район, п. Мичуринский, ул. Садовая, 22"
УФИЦ №1 ИК-4,"г. Армавир, ул. Володарского 1а"
Исправительный центр № 2,"г. Волгоград, ул.им. Бахтурова, 6"
УФИЦ ИК-2,"Краснодарский край, Усть-Лабинский район, ст. Воронежская, ул. Крайняя 1"
УФИЦ №1 ИК-1,"г. Симферополь, пер. Элеваторный, 5"
УФИЦ № 2 ИК-14,"г. Краснодар, Восточная промышленная зона, ул. Тихорецкая, 20/1"
УФИЦ №4 ИК-14,"г. Краснодар, Западный обход, 2-ое отделение АФ «Солнечная», 7/4"
УФИЦ № 2 ИК-1,"Крым и Севастополь, пгт. Красногвардейское, ул. Строителей, д. 13"
СИЗО-2 Симферополь,"г. Симферополь, пер. Элеваторный, 4"
УФИЦ № 3 ИК-1,"Крым и Севастополь, Джанкойский район, с. Яркое, ул. Ленина, д. 12"
УФИЦ № 1 ИК-9,"г. Старая Русса, ул. Клубная д. 3"
УФИЦ № 2 ИК-9,"Новгородская область, п. Парфино, ул. Кирова д. 52/71"
Исправительный центр № 2,"г. Петрозаводск, ул.Жуковского, д.32 б"
УФИЦ ИК-25,"г. Сыктывкар, ул. 1-промышленная, д. 15"
УФИЦ №3 ИК-9,"Новгородская область, п. Крестцы ул. Краснова д. 2"
УФИЦ-2,"г. Петрозаводск, проезд Строителей, д.30 б"
Исправительный центр № 1,"г. Емва, ул. Калинина, д.55 а"
УФИЦ № 3 ИК-14,"Краснодарский край, Северский район,  пгт. Ильский, улица Завода Утяжелитель, 45"
УФИЦ № 1 ИК-2,"Калмыкия, Целинный район, с. Троицкое, Северная промзона"
УФИЦ № 2 ИК-2,"г. Элиста, ул. Ленина, д. 329"
Исправительный центр № 1,"г. Майкоп, ул. Кожевенная,11"
УФИЦ № 5 ИК-14,"Краснодарский край, Славянский район, пос. Вишневый, ул. Парковая д. 1"
УФИЦ ИК-6,"Краснодарский край, Выселковский район,  ст. Новомалороссийская, ул. Степная, д. 2"
УФИЦ № 1 ИК-14,"г. Славянск-на Кубани, ул. Донская 3 «а»"
Исправительный центр № 1,"г. Волгоград, ул.им. Землячки, 14"
УФИЦ № 3 ИК-2,"г.Элиста, Северная промышленная зона-2, д.172"
УФИЦ №2 ИК-4,"Краснодарский край, Успенский район, п. Мичуринский, ул. Садовая, 22"
УФИЦ №1 ИК-4,"г. Армавир, ул. Володарского 1а"
Исправительный центр № 2,"г. Волгоград, ул.им. Бахтурова, 6"
УФИЦ ИК-2,"Краснодарский край, Усть-Лабинский район, ст. Воронежская, ул. Крайняя 1"
УФИЦ №1 ИК-1,"г. Симферополь, пер. Элеваторный, 5"
УФИЦ № 2 ИК-14,"г. Краснодар, Восточная промышленная зона, ул. Тихорецкая, 20/1"
УФИЦ №4 ИК-14,"г. Краснодар, Западный обход, 2-ое отделение АФ «Солнечная», 7/4"
УФИЦ № 2 ИК-1,"Крым и Севастополь, пгт. Красногвардейское, ул. Строителей, д. 13"
СИЗО-2 Симферополь,"г. Симферополь, пер. Элеваторный, 4"
УФИЦ № 3 ИК-1,"Крым и Севастополь, Джанкойский район, с. Яркое, ул. Ленина, д. 12"
УФИЦ № 1 ИК-9,"г. Старая Русса, ул. Клубная д. 3"
УФИЦ № 2 ИК-9,"Новгородская область, п. Парфино, ул. Кирова д. 52/71"
Исправительный центр № 2,"г. Петрозаводск, ул.Жуковского, д.32 б"
УФИЦ ИК-25,"г. Сыктывкар, ул. 1-промышленная, д. 15"
УФИЦ №3 ИК-9,"Новгородская область, п. Крестцы ул. Краснова д. 2"
УФИЦ-2,"г. Петрозаводск, проезд Строителей, д.30 б"
Исправительный центр № 1,"г. Емва, ул. Калинина, д.55 а"
УФИЦ № 3 ИК-14,"Краснодарский край, Северский район,  пгт. Ильский, улица Завода Утяжелитель, 45"
УФИЦ № 1 ИК-2,"Калмыкия, Целинный район, с. Троицкое, Северная промзона"
УФИЦ № 2 ИК-2,"г. Элиста, ул. Ленина, д. 329"
Исправительный центр № 1,"г. Майкоп, ул. Кожевенная,11"
УФИЦ № 5 ИК-14,"Краснодарский край, Славянский район, пос. Вишневый, ул. Парковая д. 1"
УФИЦ ИК-6,"Краснодарский край, Выселковский район,  ст. Новомалороссийская, ул. Степная, д. 2"
УФИЦ № 1 ИК-14,"г. Славянск-на Кубани, ул. Донская 3 «а»"
Исправительный центр № 1,"г. Волгоград, ул.им. Землячки, 14"
УФИЦ № 3 ИК-2,"г.Элиста, Северная промышленная зона-2, д.172"
УФИЦ №2 ИК-4,"Краснодарский край, Успенский район, п. Мичуринский, ул. Садовая, 22"
УФИЦ №1 ИК-4,"г. Армавир, ул. Володарского 1а"
Исправительный центр № 2,"г. Волгоград, ул.им. Бахтурова, 6"
УФИЦ ИК-2,"Краснодарский край, Усть-Лабинский район, ст. Воронежская, ул. Крайняя 1"
УФИЦ №1 ИК-1,"г. Симферополь, пер. Элеваторный, 5"
УФИЦ № 2 ИК-14,"г. Краснодар, Восточная промышленная зона, ул. Тихорецкая, 20/1"
УФИЦ №4 ИК-14,"г. Краснодар, Западный обход, 2-ое отделение АФ «Солнечная», 7/4"
УФИЦ № 2 ИК-1,"Крым и Севастополь, пгт. Красногвардейское, ул. Строителей, д. 13"
СИЗО-2 Симферополь,"г. Симферополь, пер. Элеваторный, 4"
УФИЦ № 3 ИК-1,"Крым и Севастополь, Джанкойский район, с. Яркое, ул. Ленина, д. 12"
УФИЦ № 1 ИК-9,"г. Старая Русса, ул. Клубная д. 3"
УФИЦ № 2 ИК-9,"Новгородская область, п. Парфино, ул. Кирова д. 52/71"
Исправительный центр № 2,"г. Петрозаводск, ул.Жуковского, д.32 б"
УФИЦ ИК-25,"г. Сыктывкар, ул. 1-промышленная, д. 15"
УФИЦ №3 ИК-9,"Новгородская область, п. Крестцы ул. Краснова д. 2"
УФИЦ-2,"г. Петрозаводск, проезд Строителей, д.30 б"
Исправительный центр № 1,"г. Емва, ул. Калинина, д.55 а"
УФИЦ № 3 ИК-14,"Краснодарский край, Северский район,  пгт. Ильский, улица Завода Утяжелитель, 45"
УФИЦ № 1 ИК-2,"Калмыкия, Целинный район, с. Троицкое, Северная промзона"
УФИЦ № 2 ИК-2,"г. Элиста, ул. Ленина, д. 329"
Исправительный центр № 1,"г. Майкоп, ул. Кожевенная,11"
УФИЦ № 5 ИК-14,"Краснодарский край, Славянский район, пос. Вишневый, ул. Парковая д. 1"
УФИЦ ИК-6,"Краснодарский край, Выселковский район,  ст. Новомалороссийская, ул. Степная, д. 2"
УФИЦ № 1 ИК-14,"г. Славянск-на Кубани, ул. Донская 3 «а»"
Исправительный центр № 1,"г. Волгоград, ул.им. Землячки, 14"
УФИЦ № 3 ИК-2,"г.Элиста, Северная промышленная зона-2, д.172"
УФИЦ №2 ИК-4,"Краснодарский край, Успенский район, п. Мичуринский, ул. Садовая, 22"
УФИЦ №1 ИК-4,"г. Армавир, ул. Володарского 1а"
Исправительный центр № 2,"г. Волгоград, ул.им. Бахтурова, 6"
УФИЦ ИК-2,"Краснодарский край, Усть-Лабинский район, ст. Воронежская, ул. Крайняя 1"
УФИЦ №1 ИК-1,"г. Симферополь, пер. Элеваторный, 5"
УФИЦ № 2 ИК-14,"г. Краснодар, Восточная промышленная зона, ул. Тихорецкая, 20/1"
УФИЦ №4 ИК-14,"г. Краснодар, Западный обход, 2-ое отделение АФ «Солнечная», 7/4"
УФИЦ № 2 ИК-1,"Крым и Севастополь, пгт. Красногвардейское, ул. Строителей, д. 13"
СИЗО-2 Симферополь,"г. Симферополь, пер. Элеваторный, 4"
УФИЦ № 3 ИК-1,"Крым и Севастополь, Джанкойский район, с. Яркое, ул. Ленина, д. 12"
УФИЦ № 1 ИК-9,"г. Старая Русса, ул. Клубная д. 3"
УФИЦ № 2 ИК-9,"Новгородская область, п. Парфино, ул. Кирова д. 52/71"
Исправительный центр № 2,"г. Петрозаводск, ул.Жуковского, д.32 б"
УФИЦ ИК-25,"г. Сыктывкар, ул. 1-промышленная, д. 15"
УФИЦ №3 ИК-9,"Новгородская область, п. Крестцы ул. Краснова д. 2"
УФИЦ-2,"г. Петрозаводск, проезд Строителей, д.30 б"
Исправительный центр № 1,"г. Емва, ул. Калинина, д.55 а"
УФИЦ № 3 ИК-14,"Краснодарский край, Северский район,  пгт. Ильский, улица Завода Утяжелитель, 45"
УФИЦ № 1 ИК-2,"Калмыкия, Целинный район, с. Троицкое, Северная промзона"
УФИЦ № 2 ИК-2,"г. Элиста, ул. Ленина, д. 329"
Исправительный центр № 1,"г. Майкоп, ул. Кожевенная,11"
УФИЦ № 5 ИК-14,"Краснодарский край, Славянский район, пос. Вишневый, ул. Парковая д. 1"
УФИЦ ИК-6,"Краснодарский край, Выселковский район,  ст. Новомалороссийская, ул. Степная, д. 2"
УФИЦ № 1 ИК-14,"г. Славянск-на Кубани, ул. Донская 3 «а»"
Исправительный центр № 1,"г. Волгоград, ул.им. Землячки, 14"
УФИЦ № 3 ИК-2,"г.Элиста, Северная промышленная зона-2, д.172"
УФИЦ №2 ИК-4,"Краснодарский край, Успенский район, п. Мичуринский, ул. Садовая, 22"
УФИЦ №1 ИК-4,"г. Армавир, ул. Володарского 1а"
Исправительный центр № 2,"г. Волгоград, ул.им. Бахтурова, 6"
УФИЦ ИК-2,"Краснодарский край, Усть-Лабинский район, ст. Воронежская, ул. Крайняя 1"
УФИЦ №1 ИК-1,"г. Симферополь, пер. Элеваторный, 5"
УФИЦ № 2 ИК-14,"г. Краснодар, Восточная промышленная зона, ул. Тихорецкая, 20/1"
УФИЦ №4 ИК-14,"г. Краснодар, Западный обход, 2-ое отделение АФ «Солнечная», 7/4"
УФИЦ № 2 ИК-1,"Крым и Севастополь, пгт. Красногвардейское, ул. Строителей, д. 13"
СИЗО-2 Симферополь,"г. Симферополь, пер. Элеваторный, 4"
УФИЦ № 3 ИК-1,"Крым и Севастополь, Джанкойский район, с. Яркое, ул. Ленина, д. 12"
УФИЦ № 1 ИК-9,"г. Старая Русса, ул. Клубная д. 3"
УФИЦ № 2 ИК-9,"Новгородская область, п. Парфино, ул. Кирова д. 52/71"
Исправительный центр № 2,"г. Петрозаводск, ул.Жуковского, д.32 б"
УФИЦ ИК-25,"г. Сыктывкар, ул. 1-промышленная, д. 15"
УФИЦ №3 ИК-9,"Новгородская область, п. Крестцы ул. Краснова д. 2"
УФИЦ-2,"г. Петрозаводск, проезд Строителей, д.30 б"
Исправительный центр № 1,"г. Емва, ул. Калинина, д.55 а"
УФИЦ № 3 ИК-14,"Краснодарский край, Северский район,  пгт. Ильский, улица Завода Утяжелитель, 45"
УФИЦ № 1 ИК-2,"Калмыкия, Целинный район, с. Троицкое, Северная промзона"
УФИЦ № 2 ИК-2,"г. Элиста, ул. Ленина, д. 329"
Исправительный центр № 1,"г. Майкоп, ул. Кожевенная,11"
УФИЦ № 5 ИК-14,"Краснодарский край, Славянский район, пос. Вишневый, ул. Парковая д. 1"
УФИЦ ИК-6,"Краснодарский край, Выселковский район,  ст. Новомалороссийская, ул. Степная, д. 2"
УФИЦ № 1 ИК-14,"г. Славянск-на Кубани, ул. Донская 3 «а»"
Исправительный центр № 1,"г. Волгоград, ул.им. Землячки, 14"
УФИЦ № 3 ИК-2,"г.Элиста, Северная промышленная зона-2, д.172"
УФИЦ №2 ИК-4,"Краснодарский край, Успенский район, п. Мичуринский, ул. Садовая, 22"
УФИЦ №1 ИК-4,"г. Армавир, ул. Володарского 1а"
Исправительный центр № 2,"г. Волгоград, ул.им. Бахтурова, 6"
УФИЦ ИК-2,"Краснодарский край, Усть-Лабинский район, ст. Воронежская, ул. Крайняя 1"
УФИЦ №1 ИК-1,"г. Симферополь, пер. Элеваторный, 5"
УФИЦ № 2 ИК-14,"г. Краснодар, Восточная промышленная зона, ул. Тихорецкая, 20/1"
УФИЦ №4 ИК-14,"г. Краснодар, Западный обход, 2-ое отделение АФ «Солнечная», 7/4"
УФИЦ № 2 ИК-1,"Крым и Севастополь, пгт. Красногвардейское, ул. Строителей, д. 13"
СИЗО-2 Симферополь,"г. Симферополь, пер. Элеваторный, 4"
УФИЦ № 3 ИК-1,"Крым и Севастополь, Джанкойский район, с. Яркое, ул. Ленина, д. 12"
УФИЦ № 1 ИК-9,"г. Старая Русса, ул. Клубная д. 3"
УФИЦ № 2 ИК-9,"Новгородская область, п. Парфино, ул. Кирова д. 52/71"
Исправительный центр № 2,"г. Петрозаводск, ул.Жуковского, д.32 б"
УФИЦ ИК-25,"г. Сыктывкар, ул. 1-промышленная, д. 15"
УФИЦ №3 ИК-9,"Новгородская область, п. Крестцы ул. Краснова д. 2"
УФИЦ-2,"г. Петрозаводск, проезд Строителей, д.30 б"
Исправительный центр № 1,"г. Емва, ул. Калинина, д.55 а"
УФИЦ № 3 ИК-14,"Краснодарский край, Северский район,  пгт. Ильский, улица Завода Утяжелитель, 45"
УФИЦ № 1 ИК-2,"Калмыкия, Целинный район, с. Троицкое, Северная промзона"
УФИЦ № 2 ИК-2,"г. Элиста, ул. Ленина, д. 329"
Исправительный центр № 1,"г. Майкоп, ул. Кожевенная,11"
УФИЦ № 5 ИК-14,"Краснодарский край, Славянский район, пос. Вишневый, ул. Парковая д. 1"
УФИЦ ИК-6,"Краснодарский край, Выселковский район,  ст. Новомалороссийская, ул. Степная, д. 2"
УФИЦ № 1 ИК-14,"г. Славянск-на Кубани, ул. Донская 3 «а»"
Исправительный центр № 1,"г. Волгоград, ул.им. Землячки, 14"
УФИЦ № 3 ИК-2,"г.Элиста, Северная промышленная зона-2, д.172"
УФИЦ №2 ИК-4,"Краснодарский край, Успенский район, п. Мичуринский, ул. Садовая, 22"
УФИЦ №1 ИК-4,"г. Армавир, ул. Володарского 1а"
Исправительный центр № 2,"г. Волгоград, ул.им. Бахтурова, 6"
УФИЦ ИК-2,"Краснодарский край, Усть-Лабинский район, ст. Воронежская, ул. Крайняя 1"
УФИЦ №1 ИК-1,"г. Симферополь, пер. Элеваторный, 5"
УФИЦ № 2 ИК-14,"г. Краснодар, Восточная промышленная зона, ул. Тихорецкая, 20/1"
УФИЦ №4 ИК-14,"г. Краснодар, Западный обход, 2-ое отделение АФ «Солнечная», 7/4"
УФИЦ № 2 ИК-1,"Крым и Севастополь, пгт. Красногвардейское, ул. Строителей, д. 13"
СИЗО-2 Симферополь,"г. Симферополь, пер. Элеваторный, 4"
УФИЦ № 3 ИК-1,"Крым и Севастополь, Джанкойский район, с. Яркое, ул. Ленина, д. 12"
УФИЦ № 1 ИК-9,"г. Старая Русса, ул. Клубная д. 3"
УФИЦ № 2 ИК-9,"Новгородская область, п. Парфино, ул. Кирова д. 52/71"
Исправительный центр № 2,"г. Петрозаводск, ул.Жуковского, д.32 б"
УФИЦ ИК-25,"г. Сыктывкар, ул. 1-промышленная, д. 15"
УФИЦ №3 ИК-9,"Новгородская область, п. Крестцы ул. Краснова д. 2"
УФИЦ-2,"г. Петрозаводск, проезд Строителей, д.30 б"
Исправительный центр № 1,"г. Емва, ул. Калинина, д.55 а"
УФИЦ № 3 ИК-14,"Краснодарский край, Северский район,  пгт. Ильский, улица Завода Утяжелитель, 45"
УФИЦ № 1 ИК-2,"Калмыкия, Целинный район, с. Троицкое, Северная промзона"
УФИЦ № 2 ИК-2,"г. Элиста, ул. Ленина, д. 329"
Исправительный центр № 1,"г. Майкоп, ул. Кожевенная,11"
УФИЦ № 5 ИК-14,"Краснодарский край, Славянский район, пос. Вишневый, ул. Парковая д. 1"
УФИЦ ИК-6,"Краснодарский край, Выселковский район,  ст. Новомалороссийская, ул. Степная, д. 2"
УФИЦ № 1 ИК-14,"г. Славянск-на Кубани, ул. Донская 3 «а»"
Исправительный центр № 1,"г. Волгоград, ул.им. Землячки, 14"
УФИЦ № 3 ИК-2,"г.Элиста, Северная промышленная зона-2, д.172"
УФИЦ №2 ИК-4,"Краснодарский край, Успенский район, п. Мичуринский, ул. Садовая, 22"
УФИЦ №1 ИК-4,"г. Армавир, ул. Володарского 1а"
Исправительный центр № 2,"г. Волгоград, ул.им. Бахтурова, 6"
УФИЦ ИК-2,"Краснодарский край, Усть-Лабинский район, ст. Воронежская, ул. Крайняя 1"
УФИЦ №1 ИК-1,"г. Симферополь, пер. Элеваторный, 5"
УФИЦ № 2 ИК-14,"г. Краснодар, Восточная промышленная зона, ул. Тихорецкая, 20/1"
УФИЦ №4 ИК-14,"г. Краснодар, Западный обход, 2-ое отделение АФ «Солнечная», 7/4"
УФИЦ № 2 ИК-1,"Крым и Севастополь, пгт. Красногвардейское, ул. Строителей, д. 13"
СИЗО-2 Симферополь,"г. Симферополь, пер. Элеваторный, 4"
УФИЦ № 3 ИК-1,"Крым и Севастополь, Джанкойский район, с. Яркое, ул. Ленина, д. 12"
УФИЦ № 1 ИК-9,"г. Старая Русса, ул. Клубная д. 3"
УФИЦ № 2 ИК-9,"Новгородская область, п. Парфино, ул. Кирова д. 52/71"
Исправительный центр № 2,"г. Петрозаводск, ул.Жуковского, д.32 б"
УФИЦ ИК-25,"г. Сыктывкар, ул. 1-промышленная, д. 15"
УФИЦ №3 ИК-9,"Новгородская область, п. Крестцы ул. Краснова д. 2"
УФИЦ-2,"г. Петрозаводск, проезд Строителей, д.30 б"
Исправительный центр № 1,"г. Емва, ул. Калинина, д.55 а"
УФИЦ № 3 ИК-14,"Краснодарский край, Северский район,  пгт. Ильский, улица Завода Утяжелитель, 45"
УФИЦ № 1 ИК-2,"Калмыкия, Целинный район, с. Троицкое, Северная промзона"
УФИЦ № 2 ИК-2,"г. Элиста, ул. Ленина, д. 329"
Исправительный центр № 1,"г. Майкоп, ул. Кожевенная,11"
УФИЦ № 5 ИК-14,"Краснодарский край, Славянский район, пос. Вишневый, ул. Парковая д. 1"
УФИЦ ИК-6,"Краснодарский край, Выселковский район,  ст. Новомалороссийская, ул. Степная, д. 2"
УФИЦ № 1 ИК-14,"г. Славянск-на Кубани, ул. Донская 3 «а»"
Исправительный центр № 1,"г. Волгоград, ул.им. Землячки, 14"
УФИЦ № 3 ИК-2,"г.Элиста, Северная промышленная зона-2, д.172"
УФИЦ №2 ИК-4,"Краснодарский край, Успенский район, п. Мичуринский, ул. Садовая, 22"
УФИЦ №1 ИК-4,"г. Армавир, ул. Володарского 1а"
Исправительный центр № 2,"г. Волгоград, ул.им. Бахтурова, 6"
УФИЦ ИК-2,"Краснодарский край, Усть-Лабинский район, ст. Воронежская, ул. Крайняя 1"
УФИЦ №1 ИК-1,"г. Симферополь, пер. Элеваторный, 5"
УФИЦ № 2 ИК-14,"г. Краснодар, Восточная промышленная зона, ул. Тихорецкая, 20/1"
УФИЦ №4 ИК-14,"г. Краснодар, Западный обход, 2-ое отделение АФ «Солнечная», 7/4"
УФИЦ № 2 ИК-1,"Крым и Севастополь, пгт. Красногвардейское, ул. Строителей, д. 13"
СИЗО-2 Симферополь,"г. Симферополь, пер. Элеваторный, 4"
УФИЦ № 3 ИК-1,"Крым и Севастополь, Джанкойский район, с. Яркое, ул. Ленина, д. 12"
УФИЦ № 1 ИК-9,"г. Старая Русса, ул. Клубная д. 3"
УФИЦ № 2 ИК-9,"Новгородская область, п. Парфино, ул. Кирова д. 52/71"
Исправительный центр № 2,"г. Петрозаводск, ул.Жуковского, д.32 б"
УФИЦ ИК-25,"г. Сыктывкар, ул. 1-промышленная, д. 15"
УФИЦ №3 ИК-9,"Новгородская область, п. Крестцы ул. Краснова д. 2"
УФИЦ-2,"г. Петрозаводск, проезд Строителей, д.30 б"
Исправительный центр № 1,"г. Емва, ул. Калинина, д.55 а"
УФИЦ № 3 ИК-14,"Краснодарский край, Северский район,  пгт. Ильский, улица Завода Утяжелитель, 45"
УФИЦ № 1 ИК-2,"Калмыкия, Целинный район, с. Троицкое, Северная промзона"
УФИЦ № 2 ИК-2,"г. Элиста, ул. Ленина, д. 329"
Исправительный центр № 1,"г. Майкоп, ул. Кожевенная,11"
УФИЦ № 5 ИК-14,"Краснодарский край, Славянский район, пос. Вишневый, ул. Парковая д. 1"
УФИЦ ИК-6,"Краснодарский край, Выселковский район,  ст. Новомалороссийская, ул. Степная, д. 2"
УФИЦ № 1 ИК-14,"г. Славянск-на Кубани, ул. Донская 3 «а»"
Исправительный центр № 1,"г. Волгоград, ул.им. Землячки, 14"
УФИЦ № 3 ИК-2,"г.Элиста, Северная промышленная зона-2, д.172"
УФИЦ №2 ИК-4,"Краснодарский край, Успенский район, п. Мичуринский, ул. Садовая, 22"
УФИЦ №1 ИК-4,"г. Армавир, ул. Володарского 1а"
Исправительный центр № 2,"г. Волгоград, ул.им. Бахтурова, 6"
УФИЦ ИК-2,"Краснодарский край, Усть-Лабинский район, ст. Воронежская, ул. Крайняя 1"
УФИЦ №1 ИК-1,"г. Симферополь, пер. Элеваторный, 5"
УФИЦ № 2 ИК-14,"г. Краснодар, Восточная промышленная зона, ул. Тихорецкая, 20/1"
УФИЦ №4 ИК-14,"г. Краснодар, Западный обход, 2-ое отделение АФ «Солнечная», 7/4"
УФИЦ № 2 ИК-1,"Крым и Севастополь, пгт. Красногвардейское, ул. Строителей, д. 13"
СИЗО-2 Симферополь,"г. Симферополь, пер. Элеваторный, 4"
УФИЦ № 3 ИК-1,"Крым и Севастополь, Джанкойский район, с. Яркое, ул. Ленина, д. 12"
УФИЦ № 1 ИК-9,"г. Старая Русса, ул. Клубная д. 3"
УФИЦ № 2 ИК-9,"Новгородская область, п. Парфино, ул. Кирова д. 52/71"
Исправительный центр № 2,"г. Петрозаводск, ул.Жуковского, д.32 б"
УФИЦ ИК-25,"г. Сыктывкар, ул. 1-промышленная, д. 15"
УФИЦ №3 ИК-9,"Новгородская область, п. Крестцы ул. Краснова д. 2"
УФИЦ-2,"г. Петрозаводск, проезд Строителей, д.30 б"
Исправительный центр № 1,"г. Емва, ул. Калинина, д.55 а"
УФИЦ № 3 ИК-14,"Краснодарский край, Северский район,  пгт. Ильский, улица Завода Утяжелитель, 45"
УФИЦ № 1 ИК-2,"Калмыкия, Целинный район, с. Троицкое, Северная промзона"
УФИЦ № 2 ИК-2,"г. Элиста, ул. Ленина, д. 329"
Исправительный центр № 1,"г. Майкоп, ул. Кожевенная,11"
УФИЦ № 5 ИК-14,"Краснодарский край, Славянский район, пос. Вишневый, ул. Парковая д. 1"
УФИЦ ИК-6,"Краснодарский край, Выселковский район,  ст. Новомалороссийская, ул. Степная, д. 2"
УФИЦ № 1 ИК-14,"г. Славянск-на Кубани, ул. Донская 3 «а»"
Исправительный центр № 1,"г. Волгоград, ул.им. Землячки, 14"
УФИЦ № 3 ИК-2,"г.Элиста, Северная промышленная зона-2, д.172"
УФИЦ №2 ИК-4,"Краснодарский край, Успенский район, п. Мичуринский, ул. Садовая, 22"
УФИЦ №1 ИК-4,"г. Армавир, ул. Володарского 1а"
Исправительный центр № 2,"г. Волгоград, ул.им. Бахтурова, 6"
УФИЦ ИК-2,"Краснодарский край, Усть-Лабинский район, ст. Воронежская, ул. Крайняя 1"
УФИЦ №1 ИК-1,"г. Симферополь, пер. Элеваторный, 5"
УФИЦ № 2 ИК-14,"г. Краснодар, Восточная промышленная зона, ул. Тихорецкая, 20/1"
УФИЦ №4 ИК-14,"г. Краснодар, Западный обход, 2-ое отделение АФ «Солнечная», 7/4"
УФИЦ № 2 ИК-1,"Крым и Севастополь, пгт. Красногвардейское, ул. Строителей, д. 13"
СИЗО-2 Симферополь,"г. Симферополь, пер. Элеваторный, 4"
УФИЦ № 3 ИК-1,"Крым и Севастополь, Джанкойский район, с. Яркое, ул. Ленина, д. 12"
УФИЦ № 1 ИК-9,"г. Старая Русса, ул. Клубная д. 3"
УФИЦ № 2 ИК-9,"Новгородская область, п. Парфино, ул. Кирова д. 52/71"
Исправительный центр № 2,"г. Петрозаводск, ул.Жуковского, д.32 б"
УФИЦ ИК-25,"г. Сыктывкар, ул. 1-промышленная, д. 15"
УФИЦ №3 ИК-9,"Новгородская область, п. Крестцы ул. Краснова д. 2"
УФИЦ-2,"г. Петрозаводск, проезд Строителей, д.30 б"
Исправительный центр № 1,"г. Емва, ул. Калинина, д.55 а"
УФИЦ № 3 ИК-14,"Краснодарский край, Северский район,  пгт. Ильский, улица Завода Утяжелитель, 45"
УФИЦ № 1 ИК-2,"Калмыкия, Целинный район, с. Троицкое, Северная промзона"
УФИЦ № 2 ИК-2,"г. Элиста, ул. Ленина, д. 329"
Исправительный центр № 1,"г. Майкоп, ул. Кожевенная,11"
УФИЦ № 5 ИК-14,"Краснодарский край, Славянский район, пос. Вишневый, ул. Парковая д. 1"
УФИЦ ИК-6,"Краснодарский край, Выселковский район,  ст. Новомалороссийская, ул. Степная, д. 2"
УФИЦ № 1 ИК-14,"г. Славянск-на Кубани, ул. Донская 3 «а»"
Исправительный центр № 1,"г. Волгоград, ул.им. Землячки, 14"
УФИЦ № 3 ИК-2,"г.Элиста, Северная промышленная зона-2, д.172"
УФИЦ №2 ИК-4,"Краснодарский край, Успенский район, п. Мичуринский, ул. Садовая, 22"
УФИЦ №1 ИК-4,"г. Армавир, ул. Володарского 1а"
Исправительный центр № 2,"г. Волгоград, ул.им. Бахтурова, 6"
УФИЦ ИК-2,"Краснодарский край, Усть-Лабинский район, ст. Воронежская, ул. Крайняя 1"
УФИЦ №1 ИК-1,"г. Симферополь, пер. Элеваторный, 5"
УФИЦ № 2 ИК-14,"г. Краснодар, Восточная промышленная зона, ул. Тихорецкая, 20/1"
УФИЦ №4 ИК-14,"г. Краснодар, Западный обход, 2-ое отделение АФ «Солнечная», 7/4"
УФИЦ № 2 ИК-1,"Крым и Севастополь, пгт. Красногвардейское, ул. Строителей, д. 13"
СИЗО-2 Симферополь,"г. Симферополь, пер. Элеваторный, 4"
УФИЦ № 3 ИК-1,"Крым и Севастополь, Джанкойский район, с. Яркое, ул. Ленина, д. 12"
УФИЦ № 1 ИК-9,"г. Старая Русса, ул. Клубная д. 3"
УФИЦ № 2 ИК-9,"Новгородская область, п. Парфино, ул. Кирова д. 52/71"
Исправительный центр № 2,"г. Петрозаводск, ул.Жуковского, д.32 б"
УФИЦ ИК-25,"г. Сыктывкар, ул. 1-промышленная, д. 15"
УФИЦ №3 ИК-9,"Новгородская область, п. Крестцы ул. Краснова д. 2"
УФИЦ-2,"г. Петрозаводск, проезд Строителей, д.30 б"
Исправительный центр № 1,"г. Емва, ул. Калинина, д.55 а"
УФИЦ № 3 ИК-14,"Краснодарский край, Северский район,  пгт. Ильский, улица Завода Утяжелитель, 45"
УФИЦ № 1 ИК-2,"Калмыкия, Целинный район, с. Троицкое, Северная промзона"
УФИЦ № 2 ИК-2,"г. Элиста, ул. Ленина, д. 329"
Исправительный центр № 1,"г. Майкоп, ул. Кожевенная,11"
УФИЦ № 5 ИК-14,"Краснодарский край, Славянский район, пос. Вишневый, ул. Парковая д. 1"
УФИЦ ИК-6,"Краснодарский край, Выселковский район,  ст. Новомалороссийская, ул. Степная, д. 2"
УФИЦ № 1 ИК-14,"г. Славянск-на Кубани, ул. Донская 3 «а»"
Исправительный центр № 1,"г. Волгоград, ул.им. Землячки, 14"
УФИЦ № 3 ИК-2,"г.Элиста, Северная промышленная зона-2, д.172"
УФИЦ №2 ИК-4,"Краснодарский край, Успенский район, п. Мичуринский, ул. Садовая, 22"
УФИЦ №1 ИК-4,"г. Армавир, ул. Володарского 1а"
Исправительный центр № 2,"г. Волгоград, ул.им. Бахтурова, 6"
УФИЦ ИК-2,"Краснодарский край, Усть-Лабинский район, ст. Воронежская, ул. Крайняя 1"
УФИЦ №1 ИК-1,"г. Симферополь, пер. Элеваторный, 5"
УФИЦ № 2 ИК-14,"г. Краснодар, Восточная промышленная зона, ул. Тихорецкая, 20/1"
УФИЦ №4 ИК-14,"г. Краснодар, Западный обход, 2-ое отделение АФ «Солнечная», 7/4"
УФИЦ № 2 ИК-1,"Крым и Севастополь, пгт. Красногвардейское, ул. Строителей, д. 13"
СИЗО-2 Симферополь,"г. Симферополь, пер. Элеваторный, 4"
УФИЦ № 3 ИК-1,"Крым и Севастополь, Джанкойский район, с. Яркое, ул. Ленина, д. 12"
УФИЦ № 1 ИК-9,"г. Старая Русса, ул. Клубная д. 3"
УФИЦ № 2 ИК-9,"Новгородская область, п. Парфино, ул. Кирова д. 52/71"
Исправительный центр № 2,"г. Петрозаводск, ул.Жуковского, д.32 б"
УФИЦ ИК-25,"г. Сыктывкар, ул. 1-промышленная, д. 15"
УФИЦ №3 ИК-9,"Новгородская область, п. Крестцы ул. Краснова д. 2"
УФИЦ-2,"г. Петрозаводск, проезд Строителей, д.30 б"
Исправительный центр № 1,"г. Емва, ул. Калинина, д.55 а"
УФИЦ № 3 ИК-14,"Краснодарский край, Северский район,  пгт. Ильский, улица Завода Утяжелитель, 45"
УФИЦ № 1 ИК-2,"Калмыкия, Целинный район, с. Троицкое, Северная промзона"
УФИЦ № 2 ИК-2,"г. Элиста, ул. Ленина, д. 329"
Исправительный центр № 1,"г. Майкоп, ул. Кожевенная,11"
УФИЦ № 5 ИК-14,"Краснодарский край, Славянский район, пос. Вишневый, ул. Парковая д. 1"
УФИЦ ИК-6,"Краснодарский край, Выселковский район,  ст. Новомалороссийская, ул. Степная, д. 2"
УФИЦ № 1 ИК-14,"г. Славянск-на Кубани, ул. Донская 3 «а»"
Исправительный центр № 1,"г. Волгоград, ул.им. Землячки, 14"
УФИЦ № 3 ИК-2,"г.Элиста, Северная промышленная зона-2, д.172"
УФИЦ №2 ИК-4,"Краснодарский край, Успенский район, п. Мичуринский, ул. Садовая, 22"
УФИЦ №1 ИК-4,"г. Армавир, ул. Володарского 1а"
Исправительный центр № 2,"г. Волгоград, ул.им. Бахтурова, 6"
УФИЦ ИК-2,"Краснодарский край, Усть-Лабинский район, ст. Воронежская, ул. Крайняя 1"
УФИЦ №1 ИК-1,"г. Симферополь, пер. Элеваторный, 5"
УФИЦ № 2 ИК-14,"г. Краснодар, Восточная промышленная зона, ул. Тихорецкая, 20/1"
УФИЦ №4 ИК-14,"г. Краснодар, Западный обход, 2-ое отделение АФ «Солнечная», 7/4"
УФИЦ № 2 ИК-1,"Крым и Севастополь, пгт. Красногвардейское, ул. Строителей, д. 13"
СИЗО-2 Симферополь,"г. Симферополь, пер. Элеваторный, 4"
УФИЦ № 3 ИК-1,"Крым и Севастополь, Джанкойский район, с. Яркое, ул. Ленина, д. 12"
УФИЦ № 1 ИК-9,"г. Старая Русса, ул. Клубная д. 3"
УФИЦ № 2 ИК-9,"Новгородская область, п. Парфино, ул. Кирова д. 52/71"
Исправительный центр № 2,"г. Петрозаводск, ул.Жуковского, д.32 б"
УФИЦ ИК-25,"г. Сыктывкар, ул. 1-промышленная, д. 15"
УФИЦ №3 ИК-9,"Новгородская область, п. Крестцы ул. Краснова д. 2"
УФИЦ-2,"г. Петрозаводск, проезд Строителей, д.30 б"
Исправительный центр № 1,"г. Емва, ул. Калинина, д.55 а"
УФИЦ № 3 ИК-14,"Краснодарский край, Северский район,  пгт. Ильский, улица Завода Утяжелитель, 45"
УФИЦ № 1 ИК-2,"Калмыкия, Целинный район, с. Троицкое, Северная промзона"
УФИЦ № 2 ИК-2,"г. Элиста, ул. Ленина, д. 329"
Исправительный центр № 1,"г. Майкоп, ул. Кожевенная,11"
УФИЦ № 5 ИК-14,"Краснодарский край, Славянский район, пос. Вишневый, ул. Парковая д. 1"
УФИЦ ИК-6,"Краснодарский край, Выселковский район,  ст. Новомалороссийская, ул. Степная, д. 2"
УФИЦ № 1 ИК-14,"г. Славянск-на Кубани, ул. Донская 3 «а»"
Исправительный центр № 1,"г. Волгоград, ул.им. Землячки, 14"
УФИЦ № 3 ИК-2,"г.Элиста, Северная промышленная зона-2, д.172"
УФИЦ №2 ИК-4,"Краснодарский край, Успенский район, п. Мичуринский, ул. Садовая, 22"
УФИЦ №1 ИК-4,"г. Армавир, ул. Володарского 1а"
Исправительный центр № 2,"г. Волгоград, ул.им. Бахтурова, 6"
УФИЦ ИК-2,"Краснодарский край, Усть-Лабинский район, ст. Воронежская, ул. Крайняя 1"
УФИЦ №1 ИК-1,"г. Симферополь, пер. Элеваторный, 5"
УФИЦ № 2 ИК-14,"г. Краснодар, Восточная промышленная зона, ул. Тихорецкая, 20/1"
УФИЦ №4 ИК-14,"г. Краснодар, Западный обход, 2-ое отделение АФ «Солнечная», 7/4"
УФИЦ № 2 ИК-1,"Крым и Севастополь, пгт. Красногвардейское, ул. Строителей, д. 13"
СИЗО-2 Симферополь,"г. Симферополь, пер. Элеваторный, 4"
УФИЦ № 3 ИК-1,"Крым и Севастополь, Джанкойский район, с. Яркое, ул. Ленина, д. 12"
УФИЦ № 1 ИК-9,"г. Старая Русса, ул. Клубная д. 3"
УФИЦ № 2 ИК-9,"Новгородская область, п. Парфино, ул. Кирова д. 52/71"
Исправительный центр № 2,"г. Петрозаводск, ул.Жуковского, д.32 б"
УФИЦ ИК-25,"г. Сыктывкар, ул. 1-промышленная, д. 15"
УФИЦ №3 ИК-9,"Новгородская область, п. Крестцы ул. Краснова д. 2"
УФИЦ-2,"г. Петрозаводск, проезд Строителей, д.30 б"
Исправительный центр № 1,"г. Емва, ул. Калинина, д.55 а"
УФИЦ № 3 ИК-14,"Краснодарский край, Северский район,  пгт. Ильский, улица Завода Утяжелитель, 45"
УФИЦ № 1 ИК-2,"Калмыкия, Целинный район, с. Троицкое, Северная промзона"
УФИЦ № 2 ИК-2,"г. Элиста, ул. Ленина, д. 329"
Исправительный центр № 1,"г. Майкоп, ул. Кожевенная,11"
УФИЦ № 5 ИК-14,"Краснодарский край, Славянский район, пос. Вишневый, ул. Парковая д. 1"
УФИЦ ИК-6,"Краснодарский край, Выселковский район,  ст. Новомалороссийская, ул. Степная, д. 2"
УФИЦ № 1 ИК-14,"г. Славянск-на Кубани, ул. Донская 3 «а»"
Исправительный центр № 1,"г. Волгоград, ул.им. Землячки, 14"
УФИЦ № 3 ИК-2,"г.Элиста, Северная промышленная зона-2, д.172"
УФИЦ №2 ИК-4,"Краснодарский край, Успенский район, п. Мичуринский, ул. Садовая, 22"
УФИЦ №1 ИК-4,"г. Армавир, ул. Володарского 1а"
Исправительный центр № 2,"г. Волгоград, ул.им. Бахтурова, 6"
УФИЦ ИК-2,"Краснодарский край, Усть-Лабинский район, ст. Воронежская, ул. Крайняя 1"
УФИЦ №1 ИК-1,"г. Симферополь, пер. Элеваторный, 5"
УФИЦ № 2 ИК-14,"г. Краснодар, Восточная промышленная зона, ул. Тихорецкая, 20/1"
УФИЦ №4 ИК-14,"г. Краснодар, Западный обход, 2-ое отделение АФ «Солнечная», 7/4"
УФИЦ № 2 ИК-1,"Крым и Севастополь, пгт. Красногвардейское, ул. Строителей, д. 13"
СИЗО-2 Симферополь,"г. Симферополь, пер. Элеваторный, 4"
УФИЦ № 3 ИК-1,"Крым и Севастополь, Джанкойский район, с. Яркое, ул. Ленина, д. 12"
УФИЦ № 1 ИК-9,"г. Старая Русса, ул. Клубная д. 3"
УФИЦ № 2 ИК-9,"Новгородская область, п. Парфино, ул. Кирова д. 52/71"
Исправительный центр № 2,"г. Петрозаводск, ул.Жуковского, д.32 б"
УФИЦ ИК-25,"г. Сыктывкар, ул. 1-промышленная, д. 15"
УФИЦ №3 ИК-9,"Новгородская область, п. Крестцы ул. Краснова д. 2"
УФИЦ-2,"г. Петрозаводск, проезд Строителей, д.30 б"
Исправительный центр № 1,"г. Емва, ул. Калинина, д.55 а"
УФИЦ № 3 ИК-14,"Краснодарский край, Северский район,  пгт. Ильский, улица Завода Утяжелитель, 45"
УФИЦ № 1 ИК-2,"Калмыкия, Целинный район, с. Троицкое, Северная промзона"
УФИЦ № 2 ИК-2,"г. Элиста, ул. Ленина, д. 329"
Исправительный центр № 1,"г. Майкоп, ул. Кожевенная,11"
УФИЦ № 5 ИК-14,"Краснодарский край, Славянский район, пос. Вишневый, ул. Парковая д. 1"
УФИЦ ИК-6,"Краснодарский край, Выселковский район,  ст. Новомалороссийская, ул. Степная, д. 2"
УФИЦ № 1 ИК-14,"г. Славянск-на Кубани, ул. Донская 3 «а»"
Исправительный центр № 1,"г. Волгоград, ул.им. Землячки, 14"
УФИЦ № 3 ИК-2,"г.Элиста, Северная промышленная зона-2, д.172"
УФИЦ №2 ИК-4,"Краснодарский край, Успенский район, п. Мичуринский, ул. Садовая, 22"
УФИЦ №1 ИК-4,"г. Армавир, ул. Володарского 1а"
Исправительный центр № 2,"г. Волгоград, ул.им. Бахтурова, 6"
УФИЦ ИК-2,"Краснодарский край, Усть-Лабинский район, ст. Воронежская, ул. Крайняя 1"
УФИЦ №1 ИК-1,"г. Симферополь, пер. Элеваторный, 5"
УФИЦ № 2 ИК-14,"г. Краснодар, Восточная промышленная зона, ул. Тихорецкая, 20/1"
УФИЦ №4 ИК-14,"г. Краснодар, Западный обход, 2-ое отделение АФ «Солнечная», 7/4"
УФИЦ № 2 ИК-1,"Крым и Севастополь, пгт. Красногвардейское, ул. Строителей, д. 13"
СИЗО-2 Симферополь,"г. Симферополь, пер. Элеваторный, 4"
УФИЦ № 3 ИК-1,"Крым и Севастополь, Джанкойский район, с. Яркое, ул. Ленина, д. 12"
УФИЦ № 1 ИК-9,"г. Старая Русса, ул. Клубная д. 3"
УФИЦ № 2 ИК-9,"Новгородская область, п. Парфино, ул. Кирова д. 52/71"
Исправительный центр № 2,"г. Петрозаводск, ул.Жуковского, д.32 б"
УФИЦ ИК-25,"г. Сыктывкар, ул. 1-промышленная, д. 15"
УФИЦ №3 ИК-9,"Новгородская область, п. Крестцы ул. Краснова д. 2"
УФИЦ-2,"г. Петрозаводск, проезд Строителей, д.30 б"
Исправительный центр № 1,"г. Емва, ул. Калинина, д.55 а"
УФИЦ № 3 ИК-14,"Краснодарский край, Северский район,  пгт. Ильский, улица Завода Утяжелитель, 45"
УФИЦ № 1 ИК-2,"Калмыкия, Целинный район, с. Троицкое, Северная промзона"
УФИЦ № 2 ИК-2,"г. Элиста, ул. Ленина, д. 329"
Исправительный центр № 1,"г. Майкоп, ул. Кожевенная,11"
УФИЦ № 5 ИК-14,"Краснодарский край, Славянский район, пос. Вишневый, ул. Парковая д. 1"
УФИЦ ИК-6,"Краснодарский край, Выселковский район,  ст. Новомалороссийская, ул. Степная, д. 2"
УФИЦ № 1 ИК-14,"г. Славянск-на Кубани, ул. Донская 3 «а»"
Исправительный центр № 1,"г. Волгоград, ул.им. Землячки, 14"
УФИЦ № 3 ИК-2,"г.Элиста, Северная промышленная зона-2, д.172"
УФИЦ №2 ИК-4,"Краснодарский край, Успенский район, п. Мичуринский, ул. Садовая, 22"
УФИЦ №1 ИК-4,"г. Армавир, ул. Володарского 1а"
Исправительный центр № 2,"г. Волгоград, ул.им. Бахтурова, 6"
УФИЦ ИК-2,"Краснодарский край, Усть-Лабинский район, ст. Воронежская, ул. Крайняя 1"
УФИЦ №1 ИК-1,"г. Симферополь, пер. Элеваторный, 5"
УФИЦ № 2 ИК-14,"г. Краснодар, Восточная промышленная зона, ул. Тихорецкая, 20/1"
УФИЦ №4 ИК-14,"г. Краснодар, Западный обход, 2-ое отделение АФ «Солнечная», 7/4"
УФИЦ № 2 ИК-1,"Крым и Севастополь, пгт. Красногвардейское, ул. Строителей, д. 13"
СИЗО-2 Симферополь,"г. Симферополь, пер. Элеваторный, 4"
УФИЦ № 3 ИК-1,"Крым и Севастополь, Джанкойский район, с. Яркое, ул. Ленина, д. 12"
УФИЦ № 1 ИК-9,"г. Старая Русса, ул. Клубная д. 3"
УФИЦ № 2 ИК-9,"Новгородская область, п. Парфино, ул. Кирова д. 52/71"
Исправительный центр № 2,"г. Петрозаводск, ул.Жуковского, д.32 б"
УФИЦ ИК-25,"г. Сыктывкар, ул. 1-промышленная, д. 15"
УФИЦ №3 ИК-9,"Новгородская область, п. Крестцы ул. Краснова д. 2"
УФИЦ-2,"г. Петрозаводск, проезд Строителей, д.30 б"
Исправительный центр № 1,"г. Емва, ул. Калинина, д.55 а"
УФИЦ № 3 ИК-14,"Краснодарский край, Северский район,  пгт. Ильский, улица Завода Утяжелитель, 45"
УФИЦ № 1 ИК-2,"Калмыкия, Целинный район, с. Троицкое, Северная промзона"
УФИЦ № 2 ИК-2,"г. Элиста, ул. Ленина, д. 329"
Исправительный центр № 1,"г. Майкоп, ул. Кожевенная,11"
УФИЦ № 5 ИК-14,"Краснодарский край, Славянский район, пос. Вишневый, ул. Парковая д. 1"
УФИЦ ИК-6,"Краснодарский край, Выселковский район,  ст. Новомалороссийская, ул. Степная, д. 2"
УФИЦ № 1 ИК-14,"г. Славянск-на Кубани, ул. Донская 3 «а»"
Исправительный центр № 1,"г. Волгоград, ул.им. Землячки, 14"
УФИЦ № 3 ИК-2,"г.Элиста, Северная промышленная зона-2, д.172"
УФИЦ №2 ИК-4,"Краснодарский край, Успенский район, п. Мичуринский, ул. Садовая, 22"
УФИЦ №1 ИК-4,"г. Армавир, ул. Володарского 1а"
Исправительный центр № 2,"г. Волгоград, ул.им. Бахтурова, 6"
УФИЦ ИК-2,"Краснодарский край, Усть-Лабинский район, ст. Воронежская, ул. Крайняя 1"
УФИЦ №1 ИК-1,"г. Симферополь, пер. Элеваторный, 5"
УФИЦ № 2 ИК-14,"г. Краснодар, Восточная промышленная зона, ул. Тихорецкая, 20/1"
УФИЦ №4 ИК-14,"г. Краснодар, Западный обход, 2-ое отделение АФ «Солнечная», 7/4"
УФИЦ № 2 ИК-1,"Крым и Севастополь, пгт. Красногвардейское, ул. Строителей, д. 13"
СИЗО-2 Симферополь,"г. Симферополь, пер. Элеваторный, 4"
УФИЦ № 3 ИК-1,"Крым и Севастополь, Джанкойский район, с. Яркое, ул. Ленина, д. 12"
УФИЦ № 1 ИК-9,"г. Старая Русса, ул. Клубная д. 3"
УФИЦ № 2 ИК-9,"Новгородская область, п. Парфино, ул. Кирова д. 52/71"
Исправительный центр № 2,"г. Петрозаводск, ул.Жуковского, д.32 б"
УФИЦ ИК-25,"г. Сыктывкар, ул. 1-промышленная, д. 15"
УФИЦ №3 ИК-9,"Новгородская область, п. Крестцы ул. Краснова д. 2"
УФИЦ-2,"г. Петрозаводск, проезд Строителей, д.30 б"
Исправительный центр № 1,"г. Емва, ул. Калинина, д.55 а"
УФИЦ № 3 ИК-14,"Краснодарский край, Северский район,  пгт. Ильский, улица Завода Утяжелитель, 45"
УФИЦ № 1 ИК-2,"Калмыкия, Целинный район, с. Троицкое, Северная промзона"
УФИЦ № 2 ИК-2,"г. Элиста, ул. Ленина, д. 329"
Исправительный центр № 1,"г. Майкоп, ул. Кожевенная,11"
УФИЦ № 5 ИК-14,"Краснодарский край, Славянский район, пос. Вишневый, ул. Парковая д. 1"
УФИЦ ИК-6,"Краснодарский край, Выселковский район,  ст. Новомалороссийская, ул. Степная, д. 2"
УФИЦ № 1 ИК-14,"г. Славянск-на Кубани, ул. Донская 3 «а»"
Исправительный центр № 1,"г. Волгоград, ул.им. Землячки, 14"
УФИЦ № 3 ИК-2,"г.Элиста, Северная промышленная зона-2, д.172"
УФИЦ №2 ИК-4,"Краснодарский край, Успенский район, п. Мичуринский, ул. Садовая, 22"
УФИЦ №1 ИК-4,"г. Армавир, ул. Володарского 1а"
Исправительный центр № 2,"г. Волгоград, ул.им. Бахтурова, 6"
УФИЦ ИК-2,"Краснодарский край, Усть-Лабинский район, ст. Воронежская, ул. Крайняя 1"
УФИЦ №1 ИК-1,"г. Симферополь, пер. Элеваторный, 5"
УФИЦ № 2 ИК-14,"г. Краснодар, Восточная промышленная зона, ул. Тихорецкая, 20/1"
УФИЦ №4 ИК-14,"г. Краснодар, Западный обход, 2-ое отделение АФ «Солнечная», 7/4"
УФИЦ № 2 ИК-1,"Крым и Севастополь, пгт. Красногвардейское, ул. Строителей, д. 13"
СИЗО-2 Симферополь,"г. Симферополь, пер. Элеваторный, 4"
УФИЦ № 3 ИК-1,"Крым и Севастополь, Джанкойский район, с. Яркое, ул. Ленина, д. 12"
УФИЦ № 1 ИК-9,"г. Старая Русса, ул. Клубная д. 3"
УФИЦ № 2 ИК-9,"Новгородская область, п. Парфино, ул. Кирова д. 52/71"
Исправительный центр № 2,"г. Петрозаводск, ул.Жуковского, д.32 б"
УФИЦ ИК-25,"г. Сыктывкар, ул. 1-промышленная, д. 15"
УФИЦ №3 ИК-9,"Новгородская область, п. Крестцы ул. Краснова д. 2"
УФИЦ-2,"г. Петрозаводск, проезд Строителей, д.30 б"
Исправительный центр № 1,"г. Емва, ул. Калинина, д.55 а"
УФИЦ № 3 ИК-14,"Краснодарский край, Северский район,  пгт. Ильский, улица Завода Утяжелитель, 45"
УФИЦ № 1 ИК-2,"Калмыкия, Целинный район, с. Троицкое, Северная промзона"
УФИЦ № 2 ИК-2,"г. Элиста, ул. Ленина, д. 329"
Исправительный центр № 1,"г. Майкоп, ул. Кожевенная,11"
УФИЦ № 5 ИК-14,"Краснодарский край, Славянский район, пос. Вишневый, ул. Парковая д. 1"
УФИЦ ИК-6,"Краснодарский край, Выселковский район,  ст. Новомалороссийская, ул. Степная, д. 2"
УФИЦ № 1 ИК-14,"г. Славянск-на Кубани, ул. Донская 3 «а»"
УФИЦ № 3 ИК-2,"г.Элиста, Северная промышленная зона-2, д.172"
Исправительный центр № 1,"г. Волгоград, ул.им. Землячки, 14"
УФИЦ №2 ИК-4,"Краснодарский край, Успенский район, п. Мичуринский, ул. Садовая, 22"
УФИЦ №1 ИК-4,"г. Армавир, ул. Володарского 1а"
Исправительный центр № 2,"г. Волгоград, ул.им. Бахтурова, 6"
УФИЦ ИК-2,"Краснодарский край, Усть-Лабинский район, ст. Воронежская, ул. Крайняя 1"
УФИЦ №1 ИК-1,"г. Симферополь, пер. Элеваторный, 5"
УФИЦ № 2 ИК-14,"г. Краснодар, Восточная промышленная зона, ул. Тихорецкая, 20/1"
УФИЦ №4 ИК-14,"г. Краснодар, Западный обход, 2-ое отделение АФ «Солнечная», 7/4"
УФИЦ № 2 ИК-1,"Крым и Севастополь, пгт. Красногвардейское, ул. Строителей, д. 13"
СИЗО-2 Симферополь,"г. Симферополь, пер. Элеваторный, 4"
УФИЦ № 3 ИК-1,"Крым и Севастополь, Джанкойский район, с. Яркое, ул. Ленина, д. 12"
УФИЦ № 1 ИК-9,"г. Старая Русса, ул. Клубная д. 3"
УФИЦ № 2 ИК-9,"Новгородская область, п. Парфино, ул. Кирова д. 52/71"
Исправительный центр № 2,"г. Петрозаводск, ул.Жуковского, д.32 б"
УФИЦ ИК-25,"г. Сыктывкар, ул. 1-промышленная, д. 15"
УФИЦ №3 ИК-9,"Новгородская область, п. Крестцы ул. Краснова д. 2"
УФИЦ-2,"г. Петрозаводск, проезд Строителей, д.30 б"
Исправительный центр № 1,"г. Емва, ул. Калинина, д.55 а"
УФИЦ № 3 ИК-14,"Краснодарский край, Северский район,  пгт. Ильский, улица Завода Утяжелитель, 45"
УФИЦ № 1 ИК-2,"Калмыкия, Целинный район, с. Троицкое, Северная промзона"
УФИЦ № 2 ИК-2,"г. Элиста, ул. Ленина, д. 329"
Исправительный центр № 1,"г. Майкоп, ул. Кожевенная,11"
УФИЦ № 5 ИК-14,"Краснодарский край, Славянский район, пос. Вишневый, ул. Парковая д. 1"
УФИЦ ИК-6,"Краснодарский край, Выселковский район,  ст. Новомалороссийская, ул. Степная, д. 2"
УФИЦ № 1 ИК-14,"г. Славянск-на Кубани, ул. Донская 3 «а»"
УФИЦ № 3 ИК-2,"г.Элиста, Северная промышленная зона-2, д.172"
Исправительный центр № 1,"г. Волгоград, ул.им. Землячки, 14"
УФИЦ №2 ИК-4,"Краснодарский край, Успенский район, п. Мичуринский, ул. Садовая, 22"
УФИЦ №1 ИК-4,"г. Армавир, ул. Володарского 1а"
Исправительный центр № 2,"г. Волгоград, ул.им. Бахтурова, 6"
УФИЦ ИК-2,"Краснодарский край, Усть-Лабинский район, ст. Воронежская, ул. Крайняя 1"
УФИЦ №1 ИК-1,"г. Симферополь, пер. Элеваторный, 5"
УФИЦ № 2 ИК-14,"г. Краснодар, Восточная промышленная зона, ул. Тихорецкая, 20/1"
УФИЦ №4 ИК-14,"г. Краснодар, Западный обход, 2-ое отделение АФ «Солнечная», 7/4"
УФИЦ № 2 ИК-1,"Крым и Севастополь, пгт. Красногвардейское, ул. Строителей, д. 13"
СИЗО-2 Симферополь,"г. Симферополь, пер. Элеваторный, 4"
УФИЦ № 3 ИК-1,"Крым и Севастополь, Джанкойский район, с. Яркое, ул. Ленина, д. 12"
УФИЦ № 1 ИК-9,"г. Старая Русса, ул. Клубная д. 3"
УФИЦ № 2 ИК-9,"Новгородская область, п. Парфино, ул. Кирова д. 52/71"
Исправительный центр № 2,"г. Петрозаводск, ул.Жуковского, д.32 б"
УФИЦ ИК-25,"г. Сыктывкар, ул. 1-промышленная, д. 15"
УФИЦ №3 ИК-9,"Новгородская область, п. Крестцы ул. Краснова д. 2"
УФИЦ-2,"г. Петрозаводск, проезд Строителей, д.30 б"
Исправительный центр № 1,"г. Емва, ул. Калинина, д.55 а"
УФИЦ № 3 ИК-14,"Краснодарский край, Северский район,  пгт. Ильский, улица Завода Утяжелитель, 45"
УФИЦ № 1 ИК-2,"Калмыкия, Целинный район, с. Троицкое, Северная промзона"
УФИЦ № 2 ИК-2,"г. Элиста, ул. Ленина, д. 329"
Исправительный центр № 1,"г. Майкоп, ул. Кожевенная,11"
УФИЦ № 5 ИК-14,"Краснодарский край, Славянский район, пос. Вишневый, ул. Парковая д. 1"
УФИЦ ИК-6,"Краснодарский край, Выселковский район,  ст. Новомалороссийская, ул. Степная, д. 2"
УФИЦ № 1 ИК-14,"г. Славянск-на Кубани, ул. Донская 3 «а»"
УФИЦ № 3 ИК-2,"г.Элиста, Северная промышленная зона-2, д.172"
Исправительный центр № 1,"г. Волгоград, ул.им. Землячки, 14"
УФИЦ №2 ИК-4,"Краснодарский край, Успенский район, п. Мичуринский, ул. Садовая, 22"
УФИЦ №1 ИК-4,"г. Армавир, ул. Володарского 1а"
Исправительный центр № 2,"г. Волгоград, ул.им. Бахтурова, 6"
УФИЦ ИК-2,"Краснодарский край, Усть-Лабинский район, ст. Воронежская, ул. Крайняя 1"
УФИЦ №1 ИК-1,"г. Симферополь, пер. Элеваторный, 5"
УФИЦ № 2 ИК-14,"г. Краснодар, Восточная промышленная зона, ул. Тихорецкая, 20/1"
УФИЦ №4 ИК-14,"г. Краснодар, Западный обход, 2-ое отделение АФ «Солнечная», 7/4"
УФИЦ № 2 ИК-1,"Крым и Севастополь, пгт. Красногвардейское, ул. Строителей, д. 13"
СИЗО-2 Симферополь,"г. Симферополь, пер. Элеваторный, 4"
УФИЦ № 3 ИК-1,"Крым и Севастополь, Джанкойский район, с. Яркое, ул. Ленина, д. 12"
УФИЦ № 1 ИК-9,"г. Старая Русса, ул. Клубная д. 3"
УФИЦ № 2 ИК-9,"Новгородская область, п. Парфино, ул. Кирова д. 52/71"
Исправительный центр № 2,"г. Петрозаводск, ул.Жуковского, д.32 б"
УФИЦ ИК-25,"г. Сыктывкар, ул. 1-промышленная, д. 15"
УФИЦ №3 ИК-9,"Новгородская область, п. Крестцы ул. Краснова д. 2"
УФИЦ-2,"г. Петрозаводск, проезд Строителей, д.30 б"
Исправительный центр № 1,"г. Емва, ул. Калинина, д.55 а"
УФИЦ № 3 ИК-14,"Краснодарский край, Северский район,  пгт. Ильский, улица Завода Утяжелитель, 45"
УФИЦ № 1 ИК-2,"Калмыкия, Целинный район, с. Троицкое, Северная промзона"
УФИЦ № 2 ИК-2,"г. Элиста, ул. Ленина, д. 329"
Исправительный центр № 1,"г. Майкоп, ул. Кожевенная,11"
УФИЦ № 5 ИК-14,"Краснодарский край, Славянский район, пос. Вишневый, ул. Парковая д. 1"
УФИЦ ИК-6,"Краснодарский край, Выселковский район,  ст. Новомалороссийская, ул. Степная, д. 2"
УФИЦ № 1 ИК-14,"г. Славянск-на Кубани, ул. Донская 3 «а»"
УФИЦ № 3 ИК-2,"г.Элиста, Северная промышленная зона-2, д.172"
Исправительный центр № 1,"г. Волгоград, ул.им. Землячки, 14"
УФИЦ №2 ИК-4,"Краснодарский край, Успенский район, п. Мичуринский, ул. Садовая, 22"
УФИЦ №1 ИК-4,"г. Армавир, ул. Володарского 1а"
Исправительный центр № 2,"г. Волгоград, ул.им. Бахтурова, 6"
УФИЦ ИК-2,"Краснодарский край, Усть-Лабинский район, ст. Воронежская, ул. Крайняя 1"
УФИЦ №1 ИК-1,"г. Симферополь, пер. Элеваторный, 5"
УФИЦ № 2 ИК-14,"г. Краснодар, Восточная промышленная зона, ул. Тихорецкая, 20/1"
УФИЦ №4 ИК-14,"г. Краснодар, Западный обход, 2-ое отделение АФ «Солнечная», 7/4"
УФИЦ № 2 ИК-1,"Крым и Севастополь, пгт. Красногвардейское, ул. Строителей, д. 13"
СИЗО-2 Симферополь,"г. Симферополь, пер. Элеваторный, 4"
УФИЦ № 3 ИК-1,"Крым и Севастополь, Джанкойский район, с. Яркое, ул. Ленина, д. 12"
УФИЦ № 1 ИК-9,"г. Старая Русса, ул. Клубная д. 3"
УФИЦ № 2 ИК-9,"Новгородская область, п. Парфино, ул. Кирова д. 52/71"
Исправительный центр № 2,"г. Петрозаводск, ул.Жуковского, д.32 б"
УФИЦ ИК-25,"г. Сыктывкар, ул. 1-промышленная, д. 15"
УФИЦ №3 ИК-9,"Новгородская область, п. Крестцы ул. Краснова д. 2"
УФИЦ-2,"г. Петрозаводск, проезд Строителей, д.30 б"
Исправительный центр № 1,"г. Емва, ул. Калинина, д.55 а"
УФИЦ № 3 ИК-14,"Краснодарский край, Северский район,  пгт. Ильский, улица Завода Утяжелитель, 45"
УФИЦ № 1 ИК-2,"Калмыкия, Целинный район, с. Троицкое, Северная промзона"
УФИЦ № 2 ИК-2,"г. Элиста, ул. Ленина, д. 329"
Исправительный центр № 1,"г. Майкоп, ул. Кожевенная,11"
УФИЦ № 5 ИК-14,"Краснодарский край, Славянский район, пос. Вишневый, ул. Парковая д. 1"
УФИЦ ИК-6,"Краснодарский край, Выселковский район,  ст. Новомалороссийская, ул. Степная, д. 2"
УФИЦ № 1 ИК-14,"г. Славянск-на Кубани, ул. Донская 3 «а»"
УФИЦ № 3 ИК-2,"г.Элиста, Северная промышленная зона-2, д.172"
Исправительный центр № 1,"г. Волгоград, ул.им. Землячки, 14"
УФИЦ №2 ИК-4,"Краснодарский край, Успенский район, п. Мичуринский, ул. Садовая, 22"
УФИЦ №1 ИК-4,"г. Армавир, ул. Володарского 1а"
Исправительный центр № 2,"г. Волгоград, ул.им. Бахтурова, 6"
УФИЦ ИК-2,"Краснодарский край, Усть-Лабинский район, ст. Воронежская, ул. Крайняя 1"
УФИЦ №1 ИК-1,"г. Симферополь, пер. Элеваторный, 5"
УФИЦ № 2 ИК-14,"г. Краснодар, Восточная промышленная зона, ул. Тихорецкая, 20/1"
УФИЦ №4 ИК-14,"г. Краснодар, Западный обход, 2-ое отделение АФ «Солнечная», 7/4"
УФИЦ № 2 ИК-1,"Крым и Севастополь, пгт. Красногвардейское, ул. Строителей, д. 13"
СИЗО-2 Симферополь,"г. Симферополь, пер. Элеваторный, 4"
УФИЦ № 3 ИК-1,"Крым и Севастополь, Джанкойский район, с. Яркое, ул. Ленина, д. 12"
УФИЦ № 1 ИК-9,"г. Старая Русса, ул. Клубная д. 3"
УФИЦ № 2 ИК-9,"Новгородская область, п. Парфино, ул. Кирова д. 52/71"
Исправительный центр № 2,"г. Петрозаводск, ул.Жуковского, д.32 б"
УФИЦ ИК-25,"г. Сыктывкар, ул. 1-промышленная, д. 15"
УФИЦ №3 ИК-9,"Новгородская область, п. Крестцы ул. Краснова д. 2"
УФИЦ-2,"г. Петрозаводск, проезд Строителей, д.30 б"
Исправительный центр № 1,"г. Емва, ул. Калинина, д.55 а"
УФИЦ № 3 ИК-14,"Краснодарский край, Северский район,  пгт. Ильский, улица Завода Утяжелитель, 45"
УФИЦ № 1 ИК-2,"Калмыкия, Целинный район, с. Троицкое, Северная промзона"
УФИЦ № 2 ИК-2,"г. Элиста, ул. Ленина, д. 329"
Исправительный центр № 1,"г. Майкоп, ул. Кожевенная,11"
УФИЦ № 5 ИК-14,"Краснодарский край, Славянский район, пос. Вишневый, ул. Парковая д. 1"
УФИЦ ИК-6,"Краснодарский край, Выселковский район,  ст. Новомалороссийская, ул. Степная, д. 2"
УФИЦ № 1 ИК-14,"г. Славянск-на Кубани, ул. Донская 3 «а»"
УФИЦ № 3 ИК-2,"г.Элиста, Северная промышленная зона-2, д.172"
Исправительный центр № 1,"г. Волгоград, ул.им. Землячки, 14"
УФИЦ №2 ИК-4,"Краснодарский край, Успенский район, п. Мичуринский, ул. Садовая, 22"
УФИЦ №1 ИК-4,"г. Армавир, ул. Володарского 1а"
Исправительный центр № 2,"г. Волгоград, ул.им. Бахтурова, 6"
УФИЦ ИК-2,"Краснодарский край, Усть-Лабинский район, ст. Воронежская, ул. Крайняя 1"
УФИЦ №1 ИК-1,"г. Симферополь, пер. Элеваторный, 5"
УФИЦ № 2 ИК-14,"г. Краснодар, Восточная промышленная зона, ул. Тихорецкая, 20/1"
УФИЦ №4 ИК-14,"г. Краснодар, Западный обход, 2-ое отделение АФ «Солнечная», 7/4"
УФИЦ № 2 ИК-1,"Крым и Севастополь, пгт. Красногвардейское, ул. Строителей, д. 13"
СИЗО-2 Симферополь,"г. Симферополь, пер. Элеваторный, 4"
УФИЦ № 3 ИК-1,"Крым и Севастополь, Джанкойский район, с. Яркое, ул. Ленина, д. 12"
УФИЦ № 1 ИК-9,"г. Старая Русса, ул. Клубная д. 3"
УФИЦ № 2 ИК-9,"Новгородская область, п. Парфино, ул. Кирова д. 52/71"
Исправительный центр № 2,"г. Петрозаводск, ул.Жуковского, д.32 б"
УФИЦ ИК-25,"г. Сыктывкар, ул. 1-промышленная, д. 15"
УФИЦ №3 ИК-9,"Новгородская область, п. Крестцы ул. Краснова д. 2"
УФИЦ-2,"г. Петрозаводск, проезд Строителей, д.30 б"
Исправительный центр № 1,"г. Емва, ул. Калинина, д.55 а"
УФИЦ № 3 ИК-14,"Краснодарский край, Северский район,  пгт. Ильский, улица Завода Утяжелитель, 45"
УФИЦ № 1 ИК-2,"Калмыкия, Целинный район, с. Троицкое, Северная промзона"
УФИЦ № 2 ИК-2,"г. Элиста, ул. Ленина, д. 329"
Исправительный центр № 1,"г. Майкоп, ул. Кожевенная,11"
УФИЦ № 5 ИК-14,"Краснодарский край, Славянский район, пос. Вишневый, ул. Парковая д. 1"
УФИЦ ИК-6,"Краснодарский край, Выселковский район,  ст. Новомалороссийская, ул. Степная, д. 2"
УФИЦ № 1 ИК-14,"г. Славянск-на Кубани, ул. Донская 3 «а»"
УФИЦ № 3 ИК-2,"г.Элиста, Северная промышленная зона-2, д.172"
Исправительный центр № 1,"г. Волгоград, ул.им. Землячки, 14"
УФИЦ №2 ИК-4,"Краснодарский край, Успенский район, п. Мичуринский, ул. Садовая, 22"
УФИЦ №1 ИК-4,"г. Армавир, ул. Володарского 1а"
Исправительный центр № 2,"г. Волгоград, ул.им. Бахтурова, 6"
УФИЦ ИК-2,"Краснодарский край, Усть-Лабинский район, ст. Воронежская, ул. Крайняя 1"
УФИЦ №1 ИК-1,"г. Симферополь, пер. Элеваторный, 5"
УФИЦ № 2 ИК-14,"г. Краснодар, Восточная промышленная зона, ул. Тихорецкая, 20/1"
УФИЦ №4 ИК-14,"г. Краснодар, Западный обход, 2-ое отделение АФ «Солнечная», 7/4"
УФИЦ № 2 ИК-1,"Крым и Севастополь, пгт. Красногвардейское, ул. Строителей, д. 13"
СИЗО-2 Симферополь,"г. Симферополь, пер. Элеваторный, 4"
УФИЦ № 3 ИК-1,"Крым и Севастополь, Джанкойский район, с. Яркое, ул. Ленина, д. 12"
УФИЦ № 1 ИК-9,"г. Старая Русса, ул. Клубная д. 3"
УФИЦ № 2 ИК-9,"Новгородская область, п. Парфино, ул. Кирова д. 52/71"
Исправительный центр № 2,"г. Петрозаводск, ул.Жуковского, д.32 б"
УФИЦ ИК-25,"г. Сыктывкар, ул. 1-промышленная, д. 15"
УФИЦ №3 ИК-9,"Новгородская область, п. Крестцы ул. Краснова д. 2"
УФИЦ-2,"г. Петрозаводск, проезд Строителей, д.30 б"
Исправительный центр № 1,"г. Емва, ул. Калинина, д.55 а"
УФИЦ № 3 ИК-14,"Краснодарский край, Северский район,  пгт. Ильский, улица Завода Утяжелитель, 45"
УФИЦ № 1 ИК-2,"Калмыкия, Целинный район, с. Троицкое, Северная промзона"
УФИЦ № 2 ИК-2,"г. Элиста, ул. Ленина, д. 329"
Исправительный центр № 1,"г. Майкоп, ул. Кожевенная,11"
УФИЦ № 5 ИК-14,"Краснодарский край, Славянский район, пос. Вишневый, ул. Парковая д. 1"
УФИЦ ИК-6,"Краснодарский край, Выселковский район,  ст. Новомалороссийская, ул. Степная, д. 2"
УФИЦ № 1 ИК-14,"г. Славянск-на Кубани, ул. Донская 3 «а»"
УФИЦ № 3 ИК-2,"г.Элиста, Северная промышленная зона-2, д.172"
Исправительный центр № 1,"г. Волгоград, ул.им. Землячки, 14"
УФИЦ №2 ИК-4,"Краснодарский край, Успенский район, п. Мичуринский, ул. Садовая, 22"
УФИЦ №1 ИК-4,"г. Армавир, ул. Володарского 1а"
Исправительный центр № 2,"г. Волгоград, ул.им. Бахтурова, 6"
УФИЦ ИК-2,"Краснодарский край, Усть-Лабинский район, ст. Воронежская, ул. Крайняя 1"
УФИЦ №1 ИК-1,"г. Симферополь, пер. Элеваторный, 5"
УФИЦ № 2 ИК-14,"г. Краснодар, Восточная промышленная зона, ул. Тихорецкая, 20/1"
УФИЦ №4 ИК-14,"г. Краснодар, Западный обход, 2-ое отделение АФ «Солнечная», 7/4"
УФИЦ № 2 ИК-1,"Крым и Севастополь, пгт. Красногвардейское, ул. Строителей, д. 13"
СИЗО-2 Симферополь,"г. Симферополь, пер. Элеваторный, 4"
УФИЦ № 3 ИК-1,"Крым и Севастополь, Джанкойский район, с. Яркое, ул. Ленина, д. 12"
УФИЦ № 1 ИК-9,"г. Старая Русса, ул. Клубная д. 3"
УФИЦ № 2 ИК-9,"Новгородская область, п. Парфино, ул. Кирова д. 52/71"
Исправительный центр № 2,"г. Петрозаводск, ул.Жуковского, д.32 б"
УФИЦ ИК-25,"г. Сыктывкар, ул. 1-промышленная, д. 15"
УФИЦ №3 ИК-9,"Новгородская область, п. Крестцы ул. Краснова д. 2"
УФИЦ-2,"г. Петрозаводск, проезд Строителей, д.30 б"
Исправительный центр № 1,"г. Емва, ул. Калинина, д.55 а"
УФИЦ № 3 ИК-14,"Краснодарский край, Северский район,  пгт. Ильский, улица Завода Утяжелитель, 45"
УФИЦ № 1 ИК-2,"Калмыкия, Целинный район, с. Троицкое, Северная промзона"
УФИЦ № 2 ИК-2,"г. Элиста, ул. Ленина, д. 329"
Исправительный центр № 1,"г. Майкоп, ул. Кожевенная,11"
УФИЦ № 5 ИК-14,"Краснодарский край, Славянский район, пос. Вишневый, ул. Парковая д. 1"
УФИЦ ИК-6,"Краснодарский край, Выселковский район,  ст. Новомалороссийская, ул. Степная, д. 2"
УФИЦ № 1 ИК-14,"г. Славянск-на Кубани, ул. Донская 3 «а»"
УФИЦ № 3 ИК-2,"г.Элиста, Северная промышленная зона-2, д.172"
Исправительный центр № 1,"г. Волгоград, ул.им. Землячки, 14"
УФИЦ №2 ИК-4,"Краснодарский край, Успенский район, п. Мичуринский, ул. Садовая, 22"
УФИЦ №1 ИК-4,"г. Армавир, ул. Володарского 1а"
Исправительный центр № 2,"г. Волгоград, ул.им. Бахтурова, 6"
УФИЦ ИК-2,"Краснодарский край, Усть-Лабинский район, ст. Воронежская, ул. Крайняя 1"
УФИЦ №1 ИК-1,"г. Симферополь, пер. Элеваторный, 5"
УФИЦ № 2 ИК-14,"г. Краснодар, Восточная промышленная зона, ул. Тихорецкая, 20/1"
УФИЦ №4 ИК-14,"г. Краснодар, Западный обход, 2-ое отделение АФ «Солнечная», 7/4"
УФИЦ № 2 ИК-1,"Крым и Севастополь, пгт. Красногвардейское, ул. Строителей, д. 13"
СИЗО-2 Симферополь,"г. Симферополь, пер. Элеваторный, 4"
УФИЦ № 3 ИК-1,"Крым и Севастополь, Джанкойский район, с. Яркое, ул. Ленина, д. 12"
УФИЦ № 1 ИК-9,"г. Старая Русса, ул. Клубная д. 3"
УФИЦ № 2 ИК-9,"Новгородская область, п. Парфино, ул. Кирова д. 52/71"
Исправительный центр № 2,"г. Петрозаводск, ул.Жуковского, д.32 б"
УФИЦ ИК-25,"г. Сыктывкар, ул. 1-промышленная, д. 15"
УФИЦ №3 ИК-9,"Новгородская область, п. Крестцы ул. Краснова д. 2"
УФИЦ-2,"г. Петрозаводск, проезд Строителей, д.30 б"
Исправительный центр № 1,"г. Емва, ул. Калинина, д.55 а"
УФИЦ № 3 ИК-14,"Краснодарский край, Северский район,  пгт. Ильский, улица Завода Утяжелитель, 45"
УФИЦ № 1 ИК-2,"Калмыкия, Целинный район, с. Троицкое, Северная промзона"
УФИЦ № 2 ИК-2,"г. Элиста, ул. Ленина, д. 329"
Исправительный центр № 1,"г. Майкоп, ул. Кожевенная,11"
УФИЦ № 5 ИК-14,"Краснодарский край, Славянский район, пос. Вишневый, ул. Парковая д. 1"
УФИЦ ИК-6,"Краснодарский край, Выселковский район,  ст. Новомалороссийская, ул. Степная, д. 2"
УФИЦ № 1 ИК-14,"г. Славянск-на Кубани, ул. Донская 3 «а»"
УФИЦ № 3 ИК-2,"г.Элиста, Северная промышленная зона-2, д.172"
Исправительный центр № 1,"г. Волгоград, ул.им. Землячки, 14"
УФИЦ №2 ИК-4,"Краснодарский край, Успенский район, п. Мичуринский, ул. Садовая, 22"
УФИЦ №1 ИК-4,"г. Армавир, ул. Володарского 1а"
Исправительный центр № 2,"г. Волгоград, ул.им. Бахтурова, 6"
УФИЦ ИК-2,"Краснодарский край, Усть-Лабинский район, ст. Воронежская, ул. Крайняя 1"
УФИЦ №1 ИК-1,"г. Симферополь, пер. Элеваторный, 5"
УФИЦ № 2 ИК-14,"г. Краснодар, Восточная промышленная зона, ул. Тихорецкая, 20/1"
УФИЦ №4 ИК-14,"г. Краснодар, Западный обход, 2-ое отделение АФ «Солнечная», 7/4"
УФИЦ № 2 ИК-1,"Крым и Севастополь, пгт. Красногвардейское, ул. Строителей, д. 13"
СИЗО-2 Симферополь,"г. Симферополь, пер. Элеваторный, 4"
УФИЦ № 3 ИК-1,"Крым и Севастополь, Джанкойский район, с. Яркое, ул. Ленина, д. 12"
УФИЦ № 1 ИК-9,"г. Старая Русса, ул. Клубная д. 3"
УФИЦ № 2 ИК-9,"Новгородская область, п. Парфино, ул. Кирова д. 52/71"
Исправительный центр № 2,"г. Петрозаводск, ул.Жуковского, д.32 б"
УФИЦ ИК-25,"г. Сыктывкар, ул. 1-промышленная, д. 15"
УФИЦ №3 ИК-9,"Новгородская область, п. Крестцы ул. Краснова д. 2"
УФИЦ-2,"г. Петрозаводск, проезд Строителей, д.30 б"
Исправительный центр № 1,"г. Емва, ул. Калинина, д.55 а"
УФИЦ № 3 ИК-14,"Краснодарский край, Северский район,  пгт. Ильский, улица Завода Утяжелитель, 45"
УФИЦ № 1 ИК-2,"Калмыкия, Целинный район, с. Троицкое, Северная промзона"
УФИЦ № 2 ИК-2,"г. Элиста, ул. Ленина, д. 329"
Исправительный центр № 1,"г. Майкоп, ул. Кожевенная,11"
УФИЦ № 5 ИК-14,"Краснодарский край, Славянский район, пос. Вишневый, ул. Парковая д. 1"
УФИЦ ИК-6,"Краснодарский край, Выселковский район,  ст. Новомалороссийская, ул. Степная, д. 2"
УФИЦ № 1 ИК-14,"г. Славянск-на Кубани, ул. Донская 3 «а»"
УФИЦ № 3 ИК-2,"г.Элиста, Северная промышленная зона-2, д.172"
Исправительный центр № 1,"г. Волгоград, ул.им. Землячки, 14"
УФИЦ №2 ИК-4,"Краснодарский край, Успенский район, п. Мичуринский, ул. Садовая, 22"
УФИЦ №1 ИК-4,"г. Армавир, ул. Володарского 1а"
Исправительный центр № 2,"г. Волгоград, ул.им. Бахтурова, 6"
УФИЦ ИК-2,"Краснодарский край, Усть-Лабинский район, ст. Воронежская, ул. Крайняя 1"
УФИЦ №1 ИК-1,"г. Симферополь, пер. Элеваторный, 5"
УФИЦ № 2 ИК-14,"г. Краснодар, Восточная промышленная зона, ул. Тихорецкая, 20/1"
УФИЦ №4 ИК-14,"г. Краснодар, Западный обход, 2-ое отделение АФ «Солнечная», 7/4"
УФИЦ № 2 ИК-1,"Крым и Севастополь, пгт. Красногвардейское, ул. Строителей, д. 13"
СИЗО-2 Симферополь,"г. Симферополь, пер. Элеваторный, 4"
УФИЦ № 3 ИК-1,"Крым и Севастополь, Джанкойский район, с. Яркое, ул. Ленина, д. 12"
УФИЦ № 1 ИК-9,"г. Старая Русса, ул. Клубная д. 3"
УФИЦ № 2 ИК-9,"Новгородская область, п. Парфино, ул. Кирова д. 52/71"
Исправительный центр № 2,"г. Петрозаводск, ул.Жуковского, д.32 б"
УФИЦ ИК-25,"г. Сыктывкар, ул. 1-промышленная, д. 15"
УФИЦ №3 ИК-9,"Новгородская область, п. Крестцы ул. Краснова д. 2"
УФИЦ-2,"г. Петрозаводск, проезд Строителей, д.30 б"
Исправительный центр № 1,"г. Емва, ул. Калинина, д.55 а"
УФИЦ № 3 ИК-14,"Краснодарский край, Северский район,  пгт. Ильский, улица Завода Утяжелитель, 45"
УФИЦ № 1 ИК-2,"Калмыкия, Целинный район, с. Троицкое, Северная промзона"
УФИЦ № 2 ИК-2,"г. Элиста, ул. Ленина, д. 329"
Исправительный центр № 1,"г. Майкоп, ул. Кожевенная,11"
УФИЦ № 5 ИК-14,"Краснодарский край, Славянский район, пос. Вишневый, ул. Парковая д. 1"
УФИЦ ИК-6,"Краснодарский край, Выселковский район,  ст. Новомалороссийская, ул. Степная, д. 2"
УФИЦ № 1 ИК-14,"г. Славянск-на Кубани, ул. Донская 3 «а»"
УФИЦ № 3 ИК-2,"г.Элиста, Северная промышленная зона-2, д.172"
Исправительный центр № 1,"г. Волгоград, ул.им. Землячки, 14"
УФИЦ №2 ИК-4,"Краснодарский край, Успенский район, п. Мичуринский, ул. Садовая, 22"
УФИЦ №1 ИК-4,"г. Армавир, ул. Володарского 1а"
Исправительный центр № 2,"г. Волгоград, ул.им. Бахтурова, 6"
УФИЦ ИК-2,"Краснодарский край, Усть-Лабинский район, ст. Воронежская, ул. Крайняя 1"
УФИЦ №1 ИК-1,"г. Симферополь, пер. Элеваторный, 5"
УФИЦ № 2 ИК-14,"г. Краснодар, Восточная промышленная зона, ул. Тихорецкая, 20/1"
УФИЦ №4 ИК-14,"г. Краснодар, Западный обход, 2-ое отделение АФ «Солнечная», 7/4"
УФИЦ № 2 ИК-1,"Крым и Севастополь, пгт. Красногвардейское, ул. Строителей, д. 13"
СИЗО-2 Симферополь,"г. Симферополь, пер. Элеваторный, 4"
УФИЦ № 3 ИК-1,"Крым и Севастополь, Джанкойский район, с. Яркое, ул. Ленина, д. 12"
УФИЦ № 1 ИК-9,"г. Старая Русса, ул. Клубная д. 3"
УФИЦ № 2 ИК-9,"Новгородская область, п. Парфино, ул. Кирова д. 52/71"
Исправительный центр № 2,"г. Петрозаводск, ул.Жуковского, д.32 б"
УФИЦ ИК-25,"г. Сыктывкар, ул. 1-промышленная, д. 15"
УФИЦ №3 ИК-9,"Новгородская область, п. Крестцы ул. Краснова д. 2"
УФИЦ-2,"г. Петрозаводск, проезд Строителей, д.30 б"
Исправительный центр № 1,"г. Емва, ул. Калинина, д.55 а"
УФИЦ № 3 ИК-14,"Краснодарский край, Северский район,  пгт. Ильский, улица Завода Утяжелитель, 45"
УФИЦ № 1 ИК-2,"Калмыкия, Целинный район, с. Троицкое, Северная промзона"
УФИЦ № 2 ИК-2,"г. Элиста, ул. Ленина, д. 329"
Исправительный центр № 1,"г. Майкоп, ул. Кожевенная,11"
УФИЦ № 5 ИК-14,"Краснодарский край, Славянский район, пос. Вишневый, ул. Парковая д. 1"
УФИЦ ИК-6,"Краснодарский край, Выселковский район,  ст. Новомалороссийская, ул. Степная, д. 2"
УФИЦ № 1 ИК-14,"г. Славянск-на Кубани, ул. Донская 3 «а»"
УФИЦ № 3 ИК-2,"г.Элиста, Северная промышленная зона-2, д.172"
Исправительный центр № 1,"г. Волгоград, ул.им. Землячки, 14"
УФИЦ №2 ИК-4,"Краснодарский край, Успенский район, п. Мичуринский, ул. Садовая, 22"
УФИЦ №1 ИК-4,"г. Армавир, ул. Володарского 1а"
Исправительный центр № 2,"г. Волгоград, ул.им. Бахтурова, 6"
УФИЦ ИК-2,"Краснодарский край, Усть-Лабинский район, ст. Воронежская, ул. Крайняя 1"
УФИЦ №1 ИК-1,"г. Симферополь, пер. Элеваторный, 5"
УФИЦ № 2 ИК-14,"г. Краснодар, Восточная промышленная зона, ул. Тихорецкая, 20/1"
УФИЦ №4 ИК-14,"г. Краснодар, Западный обход, 2-ое отделение АФ «Солнечная», 7/4"
УФИЦ № 2 ИК-1,"Крым и Севастополь, пгт. Красногвардейское, ул. Строителей, д. 13"
СИЗО-2 Симферополь,"г. Симферополь, пер. Элеваторный, 4"
УФИЦ № 3 ИК-1,"Крым и Севастополь, Джанкойский район, с. Яркое, ул. Ленина, д. 12"
УФИЦ № 1 ИК-9,"г. Старая Русса, ул. Клубная д. 3"
УФИЦ № 2 ИК-9,"Новгородская область, п. Парфино, ул. Кирова д. 52/71"
Исправительный центр № 2,"г. Петрозаводск, ул.Жуковского, д.32 б"
УФИЦ ИК-25,"г. Сыктывкар, ул. 1-промышленная, д. 15"
УФИЦ №3 ИК-9,"Новгородская область, п. Крестцы ул. Краснова д. 2"
УФИЦ-2,"г. Петрозаводск, проезд Строителей, д.30 б"
Исправительный центр № 1,"г. Емва, ул. Калинина, д.55 а"
УФИЦ № 3 ИК-14,"Краснодарский край, Северский район,  пгт. Ильский, улица Завода Утяжелитель, 45"
УФИЦ № 1 ИК-2,"Калмыкия, Целинный район, с. Троицкое, Северная промзона"
УФИЦ № 2 ИК-2,"г. Элиста, ул. Ленина, д. 329"
Исправительный центр № 1,"г. Майкоп, ул. Кожевенная,11"
УФИЦ № 5 ИК-14,"Краснодарский край, Славянский район, пос. Вишневый, ул. Парковая д. 1"
УФИЦ ИК-6,"Краснодарский край, Выселковский район,  ст. Новомалороссийская, ул. Степная, д. 2"
УФИЦ № 1 ИК-14,"г. Славянск-на Кубани, ул. Донская 3 «а»"
УФИЦ № 3 ИК-2,"г.Элиста, Северная промышленная зона-2, д.172"
Исправительный центр № 1,"г. Волгоград, ул.им. Землячки, 14"
УФИЦ №2 ИК-4,"Краснодарский край, Успенский район, п. Мичуринский, ул. Садовая, 22"
УФИЦ №1 ИК-4,"г. Армавир, ул. Володарского 1а"
Исправительный центр № 2,"г. Волгоград, ул.им. Бахтурова, 6"
УФИЦ ИК-2,"Краснодарский край, Усть-Лабинский район, ст. Воронежская, ул. Крайняя 1"
УФИЦ №1 ИК-1,"г. Симферополь, пер. Элеваторный, 5"
УФИЦ № 2 ИК-14,"г. Краснодар, Восточная промышленная зона, ул. Тихорецкая, 20/1"
УФИЦ №4 ИК-14,"г. Краснодар, Западный обход, 2-ое отделение АФ «Солнечная», 7/4"
УФИЦ № 2 ИК-1,"Крым и Севастополь, пгт. Красногвардейское, ул. Строителей, д. 13"
СИЗО-2 Симферополь,"г. Симферополь, пер. Элеваторный, 4"
УФИЦ № 3 ИК-1,"Крым и Севастополь, Джанкойский район, с. Яркое, ул. Ленина, д. 12"
УФИЦ № 1 ИК-9,"г. Старая Русса, ул. Клубная д. 3"
УФИЦ № 2 ИК-9,"Новгородская область, п. Парфино, ул. Кирова д. 52/71"
Исправительный центр № 2,"г. Петрозаводск, ул.Жуковского, д.32 б"
УФИЦ ИК-25,"г. Сыктывкар, ул. 1-промышленная, д. 15"
УФИЦ №3 ИК-9,"Новгородская область, п. Крестцы ул. Краснова д. 2"
УФИЦ-2,"г. Петрозаводск, проезд Строителей, д.30 б"
Исправительный центр № 1,"г. Емва, ул. Калинина, д.55 а"
УФИЦ № 3 ИК-14,"Краснодарский край, Северский район,  пгт. Ильский, улица Завода Утяжелитель, 45"
УФИЦ № 1 ИК-2,"Калмыкия, Целинный район, с. Троицкое, Северная промзона"
УФИЦ № 2 ИК-2,"г. Элиста, ул. Ленина, д. 329"
Исправительный центр № 1,"г. Майкоп, ул. Кожевенная,11"
УФИЦ № 5 ИК-14,"Краснодарский край, Славянский район, пос. Вишневый, ул. Парковая д. 1"
УФИЦ ИК-6,"Краснодарский край, Выселковский район,  ст. Новомалороссийская, ул. Степная, д. 2"
УФИЦ № 1 ИК-14,"г. Славянск-на Кубани, ул. Донская 3 «а»"
УФИЦ № 3 ИК-2,"г.Элиста, Северная промышленная зона-2, д.172"
Исправительный центр № 1,"г. Волгоград, ул.им. Землячки, 14"
УФИЦ №2 ИК-4,"Краснодарский край, Успенский район, п. Мичуринский, ул. Садовая, 22"
УФИЦ №1 ИК-4,"г. Армавир, ул. Володарского 1а"
Исправительный центр № 2,"г. Волгоград, ул.им. Бахтурова, 6"
УФИЦ ИК-2,"Краснодарский край, Усть-Лабинский район, ст. Воронежская, ул. Крайняя 1"
УФИЦ №1 ИК-1,"г. Симферополь, пер. Элеваторный, 5"
УФИЦ № 2 ИК-14,"г. Краснодар, Восточная промышленная зона, ул. Тихорецкая, 20/1"
УФИЦ №4 ИК-14,"г. Краснодар, Западный обход, 2-ое отделение АФ «Солнечная», 7/4"
УФИЦ № 2 ИК-1,"Крым и Севастополь, пгт. Красногвардейское, ул. Строителей, д. 13"
СИЗО-2 Симферополь,"г. Симферополь, пер. Элеваторный, 4"
УФИЦ № 3 ИК-1,"Крым и Севастополь, Джанкойский район, с. Яркое, ул. Ленина, д. 12"
УФИЦ № 1 ИК-9,"г. Старая Русса, ул. Клубная д. 3"
УФИЦ № 2 ИК-9,"Новгородская область, п. Парфино, ул. Кирова д. 52/71"
Исправительный центр № 2,"г. Петрозаводск, ул.Жуковского, д.32 б"
УФИЦ ИК-25,"г. Сыктывкар, ул. 1-промышленная, д. 15"
УФИЦ №3 ИК-9,"Новгородская область, п. Крестцы ул. Краснова д. 2"
УФИЦ-2,"г. Петрозаводск, проезд Строителей, д.30 б"
Исправительный центр № 1,"г. Емва, ул. Калинина, д.55 а"
УФИЦ № 3 ИК-14,"Краснодарский край, Северский район,  пгт. Ильский, улица Завода Утяжелитель, 45"
УФИЦ № 1 ИК-2,"Калмыкия, Целинный район, с. Троицкое, Северная промзона"
УФИЦ № 2 ИК-2,"г. Элиста, ул. Ленина, д. 329"
Исправительный центр № 1,"г. Майкоп, ул. Кожевенная,11"
УФИЦ № 5 ИК-14,"Краснодарский край, Славянский район, пос. Вишневый, ул. Парковая д. 1"
УФИЦ ИК-6,"Краснодарский край, Выселковский район,  ст. Новомалороссийская, ул. Степная, д. 2"
УФИЦ № 1 ИК-14,"г. Славянск-на Кубани, ул. Донская 3 «а»"
УФИЦ № 3 ИК-2,"г.Элиста, Северная промышленная зона-2, д.172"
Исправительный центр № 1,"г. Волгоград, ул.им. Землячки, 14"
УФИЦ №2 ИК-4,"Краснодарский край, Успенский район, п. Мичуринский, ул. Садовая, 22"
УФИЦ №1 ИК-4,"г. Армавир, ул. Володарского 1а"
Исправительный центр № 2,"г. Волгоград, ул.им. Бахтурова, 6"
УФИЦ ИК-2,"Краснодарский край, Усть-Лабинский район, ст. Воронежская, ул. Крайняя 1"
УФИЦ №1 ИК-1,"г. Симферополь, пер. Элеваторный, 5"
УФИЦ № 2 ИК-14,"г. Краснодар, Восточная промышленная зона, ул. Тихорецкая, 20/1"
УФИЦ №4 ИК-14,"г. Краснодар, Западный обход, 2-ое отделение АФ «Солнечная», 7/4"
УФИЦ № 2 ИК-1,"Крым и Севастополь, пгт. Красногвардейское, ул. Строителей, д. 13"
СИЗО-2 Симферополь,"г. Симферополь, пер. Элеваторный, 4"
УФИЦ № 3 ИК-1,"Крым и Севастополь, Джанкойский район, с. Яркое, ул. Ленина, д. 12"
УФИЦ № 1 ИК-9,"г. Старая Русса, ул. Клубная д. 3"
УФИЦ № 2 ИК-9,"Новгородская область, п. Парфино, ул. Кирова д. 52/71"
Исправительный центр № 2,"г. Петрозаводск, ул.Жуковского, д.32 б"
УФИЦ ИК-25,"г. Сыктывкар, ул. 1-промышленная, д. 15"
УФИЦ №3 ИК-9,"Новгородская область, п. Крестцы ул. Краснова д. 2"
УФИЦ-2,"г. Петрозаводск, проезд Строителей, д.30 б"
Исправительный центр № 1,"г. Емва, ул. Калинина, д.55 а"
УФИЦ № 3 ИК-14,"Краснодарский край, Северский район,  пгт. Ильский, улица Завода Утяжелитель, 45"
УФИЦ № 1 ИК-2,"Калмыкия, Целинный район, с. Троицкое, Северная промзона"
УФИЦ № 2 ИК-2,"г. Элиста, ул. Ленина, д. 329"
Исправительный центр № 1,"г. Майкоп, ул. Кожевенная,11"
УФИЦ № 5 ИК-14,"Краснодарский край, Славянский район, пос. Вишневый, ул. Парковая д. 1"
УФИЦ ИК-6,"Краснодарский край, Выселковский район,  ст. Новомалороссийская, ул. Степная, д. 2"
УФИЦ № 1 ИК-14,"г. Славянск-на Кубани, ул. Донская 3 «а»"
УФИЦ № 3 ИК-2,"г.Элиста, Северная промышленная зона-2, д.172"
Исправительный центр № 1,"г. Волгоград, ул.им. Землячки, 14"
УФИЦ №2 ИК-4,"Краснодарский край, Успенский район, п. Мичуринский, ул. Садовая, 22"
УФИЦ №1 ИК-4,"г. Армавир, ул. Володарского 1а"
Исправительный центр № 2,"г. Волгоград, ул.им. Бахтурова, 6"
УФИЦ ИК-2,"Краснодарский край, Усть-Лабинский район, ст. Воронежская, ул. Крайняя 1"
УФИЦ №1 ИК-1,"г. Симферополь, пер. Элеваторный, 5"
УФИЦ № 2 ИК-14,"г. Краснодар, Восточная промышленная зона, ул. Тихорецкая, 20/1"
УФИЦ №4 ИК-14,"г. Краснодар, Западный обход, 2-ое отделение АФ «Солнечная», 7/4"
УФИЦ № 2 ИК-1,"Крым и Севастополь, пгт. Красногвардейское, ул. Строителей, д. 13"
СИЗО-2 Симферополь,"г. Симферополь, пер. Элеваторный, 4"
УФИЦ № 3 ИК-1,"Крым и Севастополь, Джанкойский район, с. Яркое, ул. Ленина, д. 12"
УФИЦ № 1 ИК-9,"г. Старая Русса, ул. Клубная д. 3"
УФИЦ № 2 ИК-9,"Новгородская область, п. Парфино, ул. Кирова д. 52/71"
Исправительный центр № 2,"г. Петрозаводск, ул.Жуковского, д.32 б"
УФИЦ ИК-25,"г. Сыктывкар, ул. 1-промышленная, д. 15"
УФИЦ №3 ИК-9,"Новгородская область, п. Крестцы ул. Краснова д. 2"
УФИЦ-2,"г. Петрозаводск, проезд Строителей, д.30 б"
Исправительный центр № 1,"г. Емва, ул. Калинина, д.55 а"
УФИЦ № 3 ИК-14,"Краснодарский край, Северский район,  пгт. Ильский, улица Завода Утяжелитель, 45"
УФИЦ № 1 ИК-2,"Калмыкия, Целинный район, с. Троицкое, Северная промзона"
УФИЦ № 2 ИК-2,"г. Элиста, ул. Ленина, д. 329"
Исправительный центр № 1,"г. Майкоп, ул. Кожевенная,11"
УФИЦ № 5 ИК-14,"Краснодарский край, Славянский район, пос. Вишневый, ул. Парковая д. 1"
УФИЦ ИК-6,"Краснодарский край, Выселковский район,  ст. Новомалороссийская, ул. Степная, д. 2"
УФИЦ № 1 ИК-14,"г. Славянск-на Кубани, ул. Донская 3 «а»"
УФИЦ № 3 ИК-2,"г.Элиста, Северная промышленная зона-2, д.172"
Исправительный центр № 1,"г. Волгоград, ул.им. Землячки, 14"
УФИЦ №2 ИК-4,"Краснодарский край, Успенский район, п. Мичуринский, ул. Садовая, 22"
УФИЦ №1 ИК-4,"г. Армавир, ул. Володарского 1а"
Исправительный центр № 2,"г. Волгоград, ул.им. Бахтурова, 6"
УФИЦ ИК-2,"Краснодарский край, Усть-Лабинский район, ст. Воронежская, ул. Крайняя 1"
УФИЦ №1 ИК-1,"г. Симферополь, пер. Элеваторный, 5"
УФИЦ № 2 ИК-14,"г. Краснодар, Восточная промышленная зона, ул. Тихорецкая, 20/1"
УФИЦ №4 ИК-14,"г. Краснодар, Западный обход, 2-ое отделение АФ «Солнечная», 7/4"
УФИЦ № 2 ИК-1,"Крым и Севастополь, пгт. Красногвардейское, ул. Строителей, д. 13"
СИЗО-2 Симферополь,"г. Симферополь, пер. Элеваторный, 4"
УФИЦ № 3 ИК-1,"Крым и Севастополь, Джанкойский район, с. Яркое, ул. Ленина, д. 12"
УФИЦ № 1 ИК-9,"г. Старая Русса, ул. Клубная д. 3"
УФИЦ № 2 ИК-9,"Новгородская область, п. Парфино, ул. Кирова д. 52/71"
Исправительный центр № 2,"г. Петрозаводск, ул.Жуковского, д.32 б"
УФИЦ ИК-25,"г. Сыктывкар, ул. 1-промышленная, д. 15"
УФИЦ №3 ИК-9,"Новгородская область, п. Крестцы ул. Краснова д. 2"
УФИЦ-2,"г. Петрозаводск, проезд Строителей, д.30 б"
Исправительный центр № 1,"г. Емва, ул. Калинина, д.55 а"
УФИЦ № 3 ИК-14,"Краснодарский край, Северский район,  пгт. Ильский, улица Завода Утяжелитель, 45"
УФИЦ № 1 ИК-2,"Калмыкия, Целинный район, с. Троицкое, Северная промзона"
УФИЦ № 2 ИК-2,"г. Элиста, ул. Ленина, д. 329"
Исправительный центр № 1,"г. Майкоп, ул. Кожевенная,11"
УФИЦ № 5 ИК-14,"Краснодарский край, Славянский район, пос. Вишневый, ул. Парковая д. 1"
УФИЦ ИК-6,"Краснодарский край, Выселковский район,  ст. Новомалороссийская, ул. Степная, д. 2"
УФИЦ № 1 ИК-14,"г. Славянск-на Кубани, ул. Донская 3 «а»"
УФИЦ № 3 ИК-2,"г.Элиста, Северная промышленная зона-2, д.172"
Исправительный центр № 1,"г. Волгоград, ул.им. Землячки, 14"
УФИЦ №2 ИК-4,"Краснодарский край, Успенский район, п. Мичуринский, ул. Садовая, 22"
УФИЦ №1 ИК-4,"г. Армавир, ул. Володарского 1а"
Исправительный центр № 2,"г. Волгоград, ул.им. Бахтурова, 6"
УФИЦ ИК-2,"Краснодарский край, Усть-Лабинский район, ст. Воронежская, ул. Крайняя 1"
УФИЦ №1 ИК-1,"г. Симферополь, пер. Элеваторный, 5"
УФИЦ № 2 ИК-14,"г. Краснодар, Восточная промышленная зона, ул. Тихорецкая, 20/1"
УФИЦ №4 ИК-14,"г. Краснодар, Западный обход, 2-ое отделение АФ «Солнечная», 7/4"
УФИЦ № 2 ИК-1,"Крым и Севастополь, пгт. Красногвардейское, ул. Строителей, д. 13"
СИЗО-2 Симферополь,"г. Симферополь, пер. Элеваторный, 4"
УФИЦ № 3 ИК-1,"Крым и Севастополь, Джанкойский район, с. Яркое, ул. Ленина, д. 12"
УФИЦ № 1 ИК-9,"г. Старая Русса, ул. Клубная д. 3"
УФИЦ № 2 ИК-9,"Новгородская область, п. Парфино, ул. Кирова д. 52/71"
Исправительный центр № 2,"г. Петрозаводск, ул.Жуковского, д.32 б"
УФИЦ ИК-25,"г. Сыктывкар, ул. 1-промышленная, д. 15"
УФИЦ №3 ИК-9,"Новгородская область, п. Крестцы ул. Краснова д. 2"
УФИЦ-2,"г. Петрозаводск, проезд Строителей, д.30 б"
Исправительный центр № 1,"г. Емва, ул. Калинина, д.55 а"
УФИЦ № 3 ИК-14,"Краснодарский край, Северский район,  пгт. Ильский, улица Завода Утяжелитель, 45"
УФИЦ № 1 ИК-2,"Калмыкия, Целинный район, с. Троицкое, Северная промзона"
УФИЦ № 2 ИК-2,"г. Элиста, ул. Ленина, д. 329"
Исправительный центр № 1,"г. Майкоп, ул. Кожевенная,11"
УФИЦ № 5 ИК-14,"Краснодарский край, Славянский район, пос. Вишневый, ул. Парковая д. 1"
УФИЦ ИК-6,"Краснодарский край, Выселковский район,  ст. Новомалороссийская, ул. Степная, д. 2"
УФИЦ № 1 ИК-14,"г. Славянск-на Кубани, ул. Донская 3 «а»"
УФИЦ № 3 ИК-2,"г.Элиста, Северная промышленная зона-2, д.172"
Исправительный центр № 1,"г. Волгоград, ул.им. Землячки, 14"
УФИЦ №2 ИК-4,"Краснодарский край, Успенский район, п. Мичуринский, ул. Садовая, 22"
УФИЦ №1 ИК-4,"г. Армавир, ул. Володарского 1а"
Исправительный центр № 2,"г. Волгоград, ул.им. Бахтурова, 6"
УФИЦ ИК-2,"Краснодарский край, Усть-Лабинский район, ст. Воронежская, ул. Крайняя 1"
УФИЦ №1 ИК-1,"г. Симферополь, пер. Элеваторный, 5"
УФИЦ № 2 ИК-14,"г. Краснодар, Восточная промышленная зона, ул. Тихорецкая, 20/1"
УФИЦ №4 ИК-14,"г. Краснодар, Западный обход, 2-ое отделение АФ «Солнечная», 7/4"
УФИЦ № 2 ИК-1,"Крым и Севастополь, пгт. Красногвардейское, ул. Строителей, д. 13"
СИЗО-2 Симферополь,"г. Симферополь, пер. Элеваторный, 4"
УФИЦ № 3 ИК-1,"Крым и Севастополь, Джанкойский район, с. Яркое, ул. Ленина, д. 12"
УФИЦ № 1 ИК-9,"г. Старая Русса, ул. Клубная д. 3"
УФИЦ № 2 ИК-9,"Новгородская область, п. Парфино, ул. Кирова д. 52/71"
Исправительный центр № 2,"г. Петрозаводск, ул.Жуковского, д.32 б"
УФИЦ ИК-25,"г. Сыктывкар, ул. 1-промышленная, д. 15"
УФИЦ №3 ИК-9,"Новгородская область, п. Крестцы ул. Краснова д. 2"
УФИЦ-2,"г. Петрозаводск, проезд Строителей, д.30 б"
Исправительный центр № 1,"г. Емва, ул. Калинина, д.55 а"
УФИЦ № 3 ИК-14,"Краснодарский край, Северский район,  пгт. Ильский, улица Завода Утяжелитель, 45"
УФИЦ № 1 ИК-2,"Калмыкия, Целинный район, с. Троицкое, Северная промзона"
УФИЦ № 2 ИК-2,"г. Элиста, ул. Ленина, д. 329"
Исправительный центр № 1,"г. Майкоп, ул. Кожевенная,11"
УФИЦ № 5 ИК-14,"Краснодарский край, Славянский район, пос. Вишневый, ул. Парковая д. 1"
УФИЦ ИК-6,"Краснодарский край, Выселковский район,  ст. Новомалороссийская, ул. Степная, д. 2"
УФИЦ № 1 ИК-14,"г. Славянск-на Кубани, ул. Донская 3 «а»"
УФИЦ № 3 ИК-2,"г.Элиста, Северная промышленная зона-2, д.172"
Исправительный центр № 1,"г. Волгоград, ул.им. Землячки, 14"
УФИЦ №2 ИК-4,"Краснодарский край, Успенский район, п. Мичуринский, ул. Садовая, 22"
УФИЦ №1 ИК-4,"г. Армавир, ул. Володарского 1а"
Исправительный центр № 2,"г. Волгоград, ул.им. Бахтурова, 6"
УФИЦ ИК-2,"Краснодарский край, Усть-Лабинский район, ст. Воронежская, ул. Крайняя 1"
УФИЦ №1 ИК-1,"г. Симферополь, пер. Элеваторный, 5"
УФИЦ № 2 ИК-14,"г. Краснодар, Восточная промышленная зона, ул. Тихорецкая, 20/1"
УФИЦ №4 ИК-14,"г. Краснодар, Западный обход, 2-ое отделение АФ «Солнечная», 7/4"
УФИЦ № 2 ИК-1,"Крым и Севастополь, пгт. Красногвардейское, ул. Строителей, д. 13"
СИЗО-2 Симферополь,"г. Симферополь, пер. Элеваторный, 4"
УФИЦ № 3 ИК-1,"Крым и Севастополь, Джанкойский район, с. Яркое, ул. Ленина, д. 12"
УФИЦ № 1 ИК-9,"г. Старая Русса, ул. Клубная д. 3"
УФИЦ № 2 ИК-9,"Новгородская область, п. Парфино, ул. Кирова д. 52/71"
Исправительный центр № 2,"г. Петрозаводск, ул.Жуковского, д.32 б"
УФИЦ ИК-25,"г. Сыктывкар, ул. 1-промышленная, д. 15"
УФИЦ №3 ИК-9,"Новгородская область, п. Крестцы ул. Краснова д. 2"
УФИЦ-2,"г. Петрозаводск, проезд Строителей, д.30 б"
Исправительный центр № 1,"г. Емва, ул. Калинина, д.55 а"
УФИЦ № 3 ИК-14,"Краснодарский край, Северский район,  пгт. Ильский, улица Завода Утяжелитель, 45"
УФИЦ № 1 ИК-2,"Калмыкия, Целинный район, с. Троицкое, Северная промзона"
УФИЦ № 2 ИК-2,"г. Элиста, ул. Ленина, д. 329"
Исправительный центр № 1,"г. Майкоп, ул. Кожевенная,11"
УФИЦ № 5 ИК-14,"Краснодарский край, Славянский район, пос. Вишневый, ул. Парковая д. 1"
УФИЦ ИК-6,"Краснодарский край, Выселковский район,  ст. Новомалороссийская, ул. Степная, д. 2"
УФИЦ № 1 ИК-14,"г. Славянск-на Кубани, ул. Донская 3 «а»"
УФИЦ № 3 ИК-2,"г.Элиста, Северная промышленная зона-2, д.172"
Исправительный центр № 1,"г. Волгоград, ул.им. Землячки, 14"
УФИЦ №2 ИК-4,"Краснодарский край, Успенский район, п. Мичуринский, ул. Садовая, 22"
УФИЦ №1 ИК-4,"г. Армавир, ул. Володарского 1а"
Исправительный центр № 2,"г. Волгоград, ул.им. Бахтурова, 6"
УФИЦ ИК-2,"Краснодарский край, Усть-Лабинский район, ст. Воронежская, ул. Крайняя 1"
УФИЦ №1 ИК-1,"г. Симферополь, пер. Элеваторный, 5"
УФИЦ № 2 ИК-14,"г. Краснодар, Восточная промышленная зона, ул. Тихорецкая, 20/1"
УФИЦ №4 ИК-14,"г. Краснодар, Западный обход, 2-ое отделение АФ «Солнечная», 7/4"
УФИЦ № 2 ИК-1,"Крым и Севастополь, пгт. Красногвардейское, ул. Строителей, д. 13"
СИЗО-2 Симферополь,"г. Симферополь, пер. Элеваторный, 4"
УФИЦ № 3 ИК-1,"Крым и Севастополь, Джанкойский район, с. Яркое, ул. Ленина, д. 12"
УФИЦ № 1 ИК-9,"г. Старая Русса, ул. Клубная д. 3"
УФИЦ № 2 ИК-9,"Новгородская область, п. Парфино, ул. Кирова д. 52/71"
Исправительный центр № 2,"г. Петрозаводск, ул.Жуковского, д.32 б"
УФИЦ ИК-25,"г. Сыктывкар, ул. 1-промышленная, д. 15"
УФИЦ №3 ИК-9,"Новгородская область, п. Крестцы ул. Краснова д. 2"
УФИЦ-2,"г. Петрозаводск, проезд Строителей, д.30 б"
Исправительный центр № 1,"г. Емва, ул. Калинина, д.55 а"
УФИЦ № 3 ИК-14,"Краснодарский край, Северский район,  пгт. Ильский, улица Завода Утяжелитель, 45"
УФИЦ № 1 ИК-2,"Калмыкия, Целинный район, с. Троицкое, Северная промзона"
УФИЦ № 2 ИК-2,"г. Элиста, ул. Ленина, д. 329"
Исправительный центр № 1,"г. Майкоп, ул. Кожевенная,11"
УФИЦ № 5 ИК-14,"Краснодарский край, Славянский район, пос. Вишневый, ул. Парковая д. 1"
УФИЦ ИК-6,"Краснодарский край, Выселковский район,  ст. Новомалороссийская, ул. Степная, д. 2"
УФИЦ № 1 ИК-14,"г. Славянск-на Кубани, ул. Донская 3 «а»"
УФИЦ № 3 ИК-2,"г.Элиста, Северная промышленная зона-2, д.172"
Исправительный центр № 1,"г. Волгоград, ул.им. Землячки, 14"
УФИЦ №2 ИК-4,"Краснодарский край, Успенский район, п. Мичуринский, ул. Садовая, 22"
УФИЦ №1 ИК-4,"г. Армавир, ул. Володарского 1а"
Исправительный центр № 2,"г. Волгоград, ул.им. Бахтурова, 6"
УФИЦ ИК-2,"Краснодарский край, Усть-Лабинский район, ст. Воронежская, ул. Крайняя 1"
УФИЦ №1 ИК-1,"г. Симферополь, пер. Элеваторный, 5"
УФИЦ № 2 ИК-14,"г. Краснодар, Восточная промышленная зона, ул. Тихорецкая, 20/1"
УФИЦ №4 ИК-14,"г. Краснодар, Западный обход, 2-ое отделение АФ «Солнечная», 7/4"
УФИЦ № 2 ИК-1,"Крым и Севастополь, пгт. Красногвардейское, ул. Строителей, д. 13"
СИЗО-2 Симферополь,"г. Симферополь, пер. Элеваторный, 4"
УФИЦ № 3 ИК-1,"Крым и Севастополь, Джанкойский район, с. Яркое, ул. Ленина, д. 12"
УФИЦ № 1 ИК-9,"г. Старая Русса, ул. Клубная д. 3"
УФИЦ № 2 ИК-9,"Новгородская область, п. Парфино, ул. Кирова д. 52/71"
Исправительный центр № 2,"г. Петрозаводск, ул.Жуковского, д.32 б"
УФИЦ ИК-25,"г. Сыктывкар, ул. 1-промышленная, д. 15"
УФИЦ №3 ИК-9,"Новгородская область, п. Крестцы ул. Краснова д. 2"
УФИЦ-2,"г. Петрозаводск, проезд Строителей, д.30 б"
Исправительный центр № 1,"г. Емва, ул. Калинина, д.55 а"
УФИЦ № 3 ИК-14,"Краснодарский край, Северский район,  пгт. Ильский, улица Завода Утяжелитель, 45"
УФИЦ № 1 ИК-2,"Калмыкия, Целинный район, с. Троицкое, Северная промзона"
УФИЦ № 2 ИК-2,"г. Элиста, ул. Ленина, д. 329"
Исправительный центр № 1,"г. Майкоп, ул. Кожевенная,11"
УФИЦ № 5 ИК-14,"Краснодарский край, Славянский район, пос. Вишневый, ул. Парковая д. 1"
УФИЦ ИК-6,"Краснодарский край, Выселковский район,  ст. Новомалороссийская, ул. Степная, д. 2"
УФИЦ № 1 ИК-14,"г. Славянск-на Кубани, ул. Донская 3 «а»"
УФИЦ № 3 ИК-2,"г.Элиста, Северная промышленная зона-2, д.172"
Исправительный центр № 1,"г. Волгоград, ул.им. Землячки, 14"
УФИЦ №2 ИК-4,"Краснодарский край, Успенский район, п. Мичуринский, ул. Садовая, 22"
УФИЦ №1 ИК-4,"г. Армавир, ул. Володарского 1а"
Исправительный центр № 2,"г. Волгоград, ул.им. Бахтурова, 6"
УФИЦ ИК-2,"Краснодарский край, Усть-Лабинский район, ст. Воронежская, ул. Крайняя 1"
УФИЦ №1 ИК-1,"г. Симферополь, пер. Элеваторный, 5"
УФИЦ № 2 ИК-14,"г. Краснодар, Восточная промышленная зона, ул. Тихорецкая, 20/1"
УФИЦ №4 ИК-14,"г. Краснодар, Западный обход, 2-ое отделение АФ «Солнечная», 7/4"
УФИЦ № 2 ИК-1,"Крым и Севастополь, пгт. Красногвардейское, ул. Строителей, д. 13"
СИЗО-2 Симферополь,"г. Симферополь, пер. Элеваторный, 4"
УФИЦ № 3 ИК-1,"Крым и Севастополь, Джанкойский район, с. Яркое, ул. Ленина, д. 12"
УФИЦ № 1 ИК-9,"г. Старая Русса, ул. Клубная д. 3"
УФИЦ № 2 ИК-9,"Новгородская область, п. Парфино, ул. Кирова д. 52/71"
Исправительный центр № 2,"г. Петрозаводск, ул.Жуковского, д.32 б"
УФИЦ ИК-25,"г. Сыктывкар, ул. 1-промышленная, д. 15"
УФИЦ №3 ИК-9,"Новгородская область, п. Крестцы ул. Краснова д. 2"
УФИЦ-2,"г. Петрозаводск, проезд Строителей, д.30 б"
Исправительный центр № 1,"г. Емва, ул. Калинина, д.55 а"
УФИЦ № 3 ИК-14,"Краснодарский край, Северский район,  пгт. Ильский, улица Завода Утяжелитель, 45"
УФИЦ № 1 ИК-2,"Калмыкия, Целинный район, с. Троицкое, Северная промзона"
УФИЦ № 2 ИК-2,"г. Элиста, ул. Ленина, д. 329"
Исправительный центр № 1,"г. Майкоп, ул. Кожевенная,11"
УФИЦ № 5 ИК-14,"Краснодарский край, Славянский район, пос. Вишневый, ул. Парковая д. 1"
УФИЦ ИК-6,"Краснодарский край, Выселковский район,  ст. Новомалороссийская, ул. Степная, д. 2"
УФИЦ № 1 ИК-14,"г. Славянск-на Кубани, ул. Донская 3 «а»"
УФИЦ № 3 ИК-2,"г.Элиста, Северная промышленная зона-2, д.172"
Исправительный центр № 1,"г. Волгоград, ул.им. Землячки, 14"
УФИЦ №2 ИК-4,"Краснодарский край, Успенский район, п. Мичуринский, ул. Садовая, 22"
УФИЦ №1 ИК-4,"г. Армавир, ул. Володарского 1а"
Исправительный центр № 2,"г. Волгоград, ул.им. Бахтурова, 6"
УФИЦ ИК-2,"Краснодарский край, Усть-Лабинский район, ст. Воронежская, ул. Крайняя 1"
УФИЦ №1 ИК-1,"г. Симферополь, пер. Элеваторный, 5"
УФИЦ № 2 ИК-14,"г. Краснодар, Восточная промышленная зона, ул. Тихорецкая, 20/1"
УФИЦ №4 ИК-14,"г. Краснодар, Западный обход, 2-ое отделение АФ «Солнечная», 7/4"
УФИЦ № 2 ИК-1,"Крым и Севастополь, пгт. Красногвардейское, ул. Строителей, д. 13"
СИЗО-2 Симферополь,"г. Симферополь, пер. Элеваторный, 4"
УФИЦ № 3 ИК-1,"Крым и Севастополь, Джанкойский район, с. Яркое, ул. Ленина, д. 12"
УФИЦ № 1 ИК-9,"г. Старая Русса, ул. Клубная д. 3"
УФИЦ № 2 ИК-9,"Новгородская область, п. Парфино, ул. Кирова д. 52/71"
Исправительный центр № 2,"г. Петрозаводск, ул.Жуковского, д.32 б"
УФИЦ ИК-25,"г. Сыктывкар, ул. 1-промышленная, д. 15"
УФИЦ №3 ИК-9,"Новгородская область, п. Крестцы ул. Краснова д. 2"
УФИЦ-2,"г. Петрозаводск, проезд Строителей, д.30 б"
Исправительный центр № 1,"г. Емва, ул. Калинина, д.55 а"
УФИЦ № 3 ИК-14,"Краснодарский край, Северский район,  пгт. Ильский, улица Завода Утяжелитель, 45"
УФИЦ № 1 ИК-2,"Калмыкия, Целинный район, с. Троицкое, Северная промзона"
УФИЦ № 2 ИК-2,"г. Элиста, ул. Ленина, д. 329"
Исправительный центр № 1,"г. Майкоп, ул. Кожевенная,11"
УФИЦ № 5 ИК-14,"Краснодарский край, Славянский район, пос. Вишневый, ул. Парковая д. 1"
УФИЦ ИК-6,"Краснодарский край, Выселковский район,  ст. Новомалороссийская, ул. Степная, д. 2"
УФИЦ № 1 ИК-14,"г. Славянск-на Кубани, ул. Донская 3 «а»"
УФИЦ № 3 ИК-2,"г.Элиста, Северная промышленная зона-2, д.172"
Исправительный центр № 1,"г. Волгоград, ул.им. Землячки, 14"
УФИЦ №2 ИК-4,"Краснодарский край, Успенский район, п. Мичуринский, ул. Садовая, 22"
УФИЦ №1 ИК-4,"г. Армавир, ул. Володарского 1а"
Исправительный центр № 2,"г. Волгоград, ул.им. Бахтурова, 6"
УФИЦ ИК-2,"Краснодарский край, Усть-Лабинский район, ст. Воронежская, ул. Крайняя 1"
УФИЦ №1 ИК-1,"г. Симферополь, пер. Элеваторный, 5"
УФИЦ № 2 ИК-14,"г. Краснодар, Восточная промышленная зона, ул. Тихорецкая, 20/1"
УФИЦ №4 ИК-14,"г. Краснодар, Западный обход, 2-ое отделение АФ «Солнечная», 7/4"
УФИЦ № 2 ИК-1,"Крым и Севастополь, пгт. Красногвардейское, ул. Строителей, д. 13"
СИЗО-2 Симферополь,"г. Симферополь, пер. Элеваторный, 4"
УФИЦ № 3 ИК-1,"Крым и Севастополь, Джанкойский район, с. Яркое, ул. Ленина, д. 12"
УФИЦ № 1 ИК-9,"г. Старая Русса, ул. Клубная д. 3"
УФИЦ № 2 ИК-9,"Новгородская область, п. Парфино, ул. Кирова д. 52/71"
Исправительный центр № 2,"г. Петрозаводск, ул.Жуковского, д.32 б"
УФИЦ ИК-25,"г. Сыктывкар, ул. 1-промышленная, д. 15"
УФИЦ №3 ИК-9,"Новгородская область, п. Крестцы ул. Краснова д. 2"
УФИЦ-2,"г. Петрозаводск, проезд Строителей, д.30 б"
Исправительный центр № 1,"г. Емва, ул. Калинина, д.55 а"
УФИЦ № 3 ИК-14,"Краснодарский край, Северский район,  пгт. Ильский, улица Завода Утяжелитель, 45"
УФИЦ № 1 ИК-2,"Калмыкия, Целинный район, с. Троицкое, Северная промзона"
УФИЦ № 2 ИК-2,"г. Элиста, ул. Ленина, д. 329"
Исправительный центр № 1,"г. Майкоп, ул. Кожевенная,11"
УФИЦ № 5 ИК-14,"Краснодарский край, Славянский район, пос. Вишневый, ул. Парковая д. 1"
УФИЦ ИК-6,"Краснодарский край, Выселковский район,  ст. Новомалороссийская, ул. Степная, д. 2"
УФИЦ № 1 ИК-14,"г. Славянск-на Кубани, ул. Донская 3 «а»"
УФИЦ № 3 ИК-2,"г.Элиста, Северная промышленная зона-2, д.172"
Исправительный центр № 1,"г. Волгоград, ул.им. Землячки, 14"
УФИЦ №2 ИК-4,"Краснодарский край, Успенский район, п. Мичуринский, ул. Садовая, 22"
УФИЦ №1 ИК-4,"г. Армавир, ул. Володарского 1а"
Исправительный центр № 2,"г. Волгоград, ул.им. Бахтурова, 6"
УФИЦ ИК-2,"Краснодарский край, Усть-Лабинский район, ст. Воронежская, ул. Крайняя 1"
УФИЦ №1 ИК-1,"г. Симферополь, пер. Элеваторный, 5"
УФИЦ № 2 ИК-14,"г. Краснодар, Восточная промышленная зона, ул. Тихорецкая, 20/1"
УФИЦ №4 ИК-14,"г. Краснодар, Западный обход, 2-ое отделение АФ «Солнечная», 7/4"
УФИЦ № 2 ИК-1,"Крым и Севастополь, пгт. Красногвардейское, ул. Строителей, д. 13"
СИЗО-2 Симферополь,"г. Симферополь, пер. Элеваторный, 4"
УФИЦ № 3 ИК-1,"Крым и Севастополь, Джанкойский район, с. Яркое, ул. Ленина, д. 12"
УФИЦ № 1 ИК-9,"г. Старая Русса, ул. Клубная д. 3"
УФИЦ № 2 ИК-9,"Новгородская область, п. Парфино, ул. Кирова д. 52/71"
Исправительный центр № 2,"г. Петрозаводск, ул.Жуковского, д.32 б"
УФИЦ ИК-25,"г. Сыктывкар, ул. 1-промышленная, д. 15"
УФИЦ №3 ИК-9,"Новгородская область, п. Крестцы ул. Краснова д. 2"
УФИЦ-2,"г. Петрозаводск, проезд Строителей, д.30 б"
Исправительный центр № 1,"г. Емва, ул. Калинина, д.55 а"
УФИЦ № 3 ИК-14,"Краснодарский край, Северский район,  пгт. Ильский, улица Завода Утяжелитель, 45"
УФИЦ № 1 ИК-2,"Калмыкия, Целинный район, с. Троицкое, Северная промзона"
УФИЦ № 2 ИК-2,"г. Элиста, ул. Ленина, д. 329"
Исправительный центр № 1,"г. Майкоп, ул. Кожевенная,11"
УФИЦ № 5 ИК-14,"Краснодарский край, Славянский район, пос. Вишневый, ул. Парковая д. 1"
УФИЦ ИК-6,"Краснодарский край, Выселковский район,  ст. Новомалороссийская, ул. Степная, д. 2"
УФИЦ № 1 ИК-14,"г. Славянск-на Кубани, ул. Донская 3 «а»"
УФИЦ № 3 ИК-2,"г.Элиста, Северная промышленная зона-2, д.172"
Исправительный центр № 1,"г. Волгоград, ул.им. Землячки, 14"
УФИЦ №2 ИК-4,"Краснодарский край, Успенский район, п. Мичуринский, ул. Садовая, 22"
УФИЦ №1 ИК-4,"г. Армавир, ул. Володарского 1а"
Исправительный центр № 2,"г. Волгоград, ул.им. Бахтурова, 6"
УФИЦ ИК-2,"Краснодарский край, Усть-Лабинский район, ст. Воронежская, ул. Крайняя 1"
УФИЦ №1 ИК-1,"г. Симферополь, пер. Элеваторный, 5"
УФИЦ № 2 ИК-14,"г. Краснодар, Восточная промышленная зона, ул. Тихорецкая, 20/1"
УФИЦ №4 ИК-14,"г. Краснодар, Западный обход, 2-ое отделение АФ «Солнечная», 7/4"
УФИЦ № 2 ИК-1,"Крым и Севастополь, пгт. Красногвардейское, ул. Строителей, д. 13"
СИЗО-2 Симферополь,"г. Симферополь, пер. Элеваторный, 4"
УФИЦ № 3 ИК-1,"Крым и Севастополь, Джанкойский район, с. Яркое, ул. Ленина, д. 12"
УФИЦ № 1 ИК-9,"г. Старая Русса, ул. Клубная д. 3"
УФИЦ № 2 ИК-9,"Новгородская область, п. Парфино, ул. Кирова д. 52/71"
Исправительный центр № 2,"г. Петрозаводск, ул.Жуковского, д.32 б"
УФИЦ ИК-25,"г. Сыктывкар, ул. 1-промышленная, д. 15"
УФИЦ №3 ИК-9,"Новгородская область, п. Крестцы ул. Краснова д. 2"
УФИЦ-2,"г. Петрозаводск, проезд Строителей, д.30 б"
Исправительный центр № 1,"г. Емва, ул. Калинина, д.55 а"
УФИЦ № 3 ИК-14,"Краснодарский край, Северский район,  пгт. Ильский, улица Завода Утяжелитель, 45"
УФИЦ № 1 ИК-2,"Калмыкия, Целинный район, с. Троицкое, Северная промзона"
УФИЦ № 2 ИК-2,"г. Элиста, ул. Ленина, д. 329"
Исправительный центр № 1,"г. Майкоп, ул. Кожевенная,11"
УФИЦ № 5 ИК-14,"Краснодарский край, Славянский район, пос. Вишневый, ул. Парковая д. 1"
УФИЦ ИК-6,"Краснодарский край, Выселковский район,  ст. Новомалороссийская, ул. Степная, д. 2"
УФИЦ № 1 ИК-14,"г. Славянск-на Кубани, ул. Донская 3 «а»"
УФИЦ № 3 ИК-2,"г.Элиста, Северная промышленная зона-2, д.172"
Исправительный центр № 1,"г. Волгоград, ул.им. Землячки, 14"
УФИЦ №2 ИК-4,"Краснодарский край, Успенский район, п. Мичуринский, ул. Садовая, 22"
УФИЦ №1 ИК-4,"г. Армавир, ул. Володарского 1а"
Исправительный центр № 2,"г. Волгоград, ул.им. Бахтурова, 6"
УФИЦ ИК-2,"Краснодарский край, Усть-Лабинский район, ст. Воронежская, ул. Крайняя 1"
УФИЦ №1 ИК-1,"г. Симферополь, пер. Элеваторный, 5"
УФИЦ № 2 ИК-14,"г. Краснодар, Восточная промышленная зона, ул. Тихорецкая, 20/1"
УФИЦ №4 ИК-14,"г. Краснодар, Западный обход, 2-ое отделение АФ «Солнечная», 7/4"
УФИЦ № 2 ИК-1,"Крым и Севастополь, пгт. Красногвардейское, ул. Строителей, д. 13"
СИЗО-2 Симферополь,"г. Симферополь, пер. Элеваторный, 4"
УФИЦ № 3 ИК-1,"Крым и Севастополь, Джанкойский район, с. Яркое, ул. Ленина, д. 12"
УФИЦ № 1 ИК-9,"г. Старая Русса, ул. Клубная д. 3"
УФИЦ № 2 ИК-9,"Новгородская область, п. Парфино, ул. Кирова д. 52/71"
Исправительный центр № 2,"г. Петрозаводск, ул.Жуковского, д.32 б"
УФИЦ ИК-25,"г. Сыктывкар, ул. 1-промышленная, д. 15"
УФИЦ №3 ИК-9,"Новгородская область, п. Крестцы ул. Краснова д. 2"
УФИЦ-2,"г. Петрозаводск, проезд Строителей, д.30 б"
Исправительный центр № 1,"г. Емва, ул. Калинина, д.55 а"
УФИЦ № 3 ИК-14,"Краснодарский край, Северский район,  пгт. Ильский, улица Завода Утяжелитель, 45"
УФИЦ № 1 ИК-2,"Калмыкия, Целинный район, с. Троицкое, Северная промзона"
УФИЦ № 2 ИК-2,"г. Элиста, ул. Ленина, д. 329"
Исправительный центр № 1,"г. Майкоп, ул. Кожевенная,11"
УФИЦ № 5 ИК-14,"Краснодарский край, Славянский район, пос. Вишневый, ул. Парковая д. 1"
УФИЦ ИК-6,"Краснодарский край, Выселковский район,  ст. Новомалороссийская, ул. Степная, д. 2"
УФИЦ № 1 ИК-14,"г. Славянск-на Кубани, ул. Донская 3 «а»"
УФИЦ № 3 ИК-2,"г.Элиста, Северная промышленная зона-2, д.172"
Исправительный центр № 1,"г. Волгоград, ул.им. Землячки, 14"
УФИЦ №2 ИК-4,"Краснодарский край, Успенский район, п. Мичуринский, ул. Садовая, 22"
УФИЦ №1 ИК-4,"г. Армавир, ул. Володарского 1а"
Исправительный центр № 2,"г. Волгоград, ул.им. Бахтурова, 6"
УФИЦ ИК-2,"Краснодарский край, Усть-Лабинский район, ст. Воронежская, ул. Крайняя 1"
УФИЦ №1 ИК-1,"г. Симферополь, пер. Элеваторный, 5"
УФИЦ № 2 ИК-14,"г. Краснодар, Восточная промышленная зона, ул. Тихорецкая, 20/1"
УФИЦ №4 ИК-14,"г. Краснодар, Западный обход, 2-ое отделение АФ «Солнечная», 7/4"
УФИЦ № 2 ИК-1,"Крым и Севастополь, пгт. Красногвардейское, ул. Строителей, д. 13"
СИЗО-2 Симферополь,"г. Симферополь, пер. Элеваторный, 4"
УФИЦ № 3 ИК-1,"Крым и Севастополь, Джанкойский район, с. Яркое, ул. Ленина, д. 12"
УФИЦ № 1 ИК-9,"г. Старая Русса, ул. Клубная д. 3"
УФИЦ № 2 ИК-9,"Новгородская область, п. Парфино, ул. Кирова д. 52/71"
Исправительный центр № 2,"г. Петрозаводск, ул.Жуковского, д.32 б"
УФИЦ ИК-25,"г. Сыктывкар, ул. 1-промышленная, д. 15"
УФИЦ №3 ИК-9,"Новгородская область, п. Крестцы ул. Краснова д. 2"
УФИЦ-2,"г. Петрозаводск, проезд Строителей, д.30 б"
Исправительный центр № 1,"г. Емва, ул. Калинина, д.55 а"
УФИЦ № 3 ИК-14,"Краснодарский край, Северский район,  пгт. Ильский, улица Завода Утяжелитель, 45"
УФИЦ № 1 ИК-2,"Калмыкия, Целинный район, с. Троицкое, Северная промзона"
УФИЦ № 2 ИК-2,"г. Элиста, ул. Ленина, д. 329"
Исправительный центр № 1,"г. Майкоп, ул. Кожевенная,11"
УФИЦ № 5 ИК-14,"Краснодарский край, Славянский район, пос. Вишневый, ул. Парковая д. 1"
УФИЦ ИК-6,"Краснодарский край, Выселковский район,  ст. Новомалороссийская, ул. Степная, д. 2"
УФИЦ № 1 ИК-14,"г. Славянск-на Кубани, ул. Донская 3 «а»"
УФИЦ № 3 ИК-2,"г.Элиста, Северная промышленная зона-2, д.172"
Исправительный центр № 1,"г. Волгоград, ул.им. Землячки, 14"
УФИЦ №2 ИК-4,"Краснодарский край, Успенский район, п. Мичуринский, ул. Садовая, 22"
УФИЦ №1 ИК-4,"г. Армавир, ул. Володарского 1а"
Исправительный центр № 2,"г. Волгоград, ул.им. Бахтурова, 6"
УФИЦ ИК-2,"Краснодарский край, Усть-Лабинский район, ст. Воронежская, ул. Крайняя 1"
УФИЦ №1 ИК-1,"г. Симферополь, пер. Элеваторный, 5"
УФИЦ № 2 ИК-14,"г. Краснодар, Восточная промышленная зона, ул. Тихорецкая, 20/1"
УФИЦ №4 ИК-14,"г. Краснодар, Западный обход, 2-ое отделение АФ «Солнечная», 7/4"
УФИЦ № 2 ИК-1,"Крым и Севастополь, пгт. Красногвардейское, ул. Строителей, д. 13"
СИЗО-2 Симферополь,"г. Симферополь, пер. Элеваторный, 4"
УФИЦ № 3 ИК-1,"Крым и Севастополь, Джанкойский район, с. Яркое, ул. Ленина, д. 12"
УФИЦ № 1 ИК-9,"г. Старая Русса, ул. Клубная д. 3"
УФИЦ № 2 ИК-9,"Новгородская область, п. Парфино, ул. Кирова д. 52/71"
Исправительный центр № 2,"г. Петрозаводск, ул.Жуковского, д.32 б"
УФИЦ ИК-25,"г. Сыктывкар, ул. 1-промышленная, д. 15"
УФИЦ №3 ИК-9,"Новгородская область, п. Крестцы ул. Краснова д. 2"
УФИЦ-2,"г. Петрозаводск, проезд Строителей, д.30 б"
Исправительный центр № 1,"г. Емва, ул. Калинина, д.55 а"
УФИЦ № 3 ИК-14,"Краснодарский край, Северский район,  пгт. Ильский, улица Завода Утяжелитель, 45"
УФИЦ № 1 ИК-2,"Калмыкия, Целинный район, с. Троицкое, Северная промзона"
УФИЦ № 2 ИК-2,"г. Элиста, ул. Ленина, д. 329"
Исправительный центр № 1,"г. Майкоп, ул. Кожевенная,11"
УФИЦ № 5 ИК-14,"Краснодарский край, Славянский район, пос. Вишневый, ул. Парковая д. 1"
УФИЦ ИК-6,"Краснодарский край, Выселковский район,  ст. Новомалороссийская, ул. Степная, д. 2"
УФИЦ № 1 ИК-14,"г. Славянск-на Кубани, ул. Донская 3 «а»"
УФИЦ № 3 ИК-2,"г.Элиста, Северная промышленная зона-2, д.172"
Исправительный центр № 1,"г. Волгоград, ул.им. Землячки, 14"
УФИЦ №2 ИК-4,"Краснодарский край, Успенский район, п. Мичуринский, ул. Садовая, 22"
УФИЦ №1 ИК-4,"г. Армавир, ул. Володарского 1а"
Исправительный центр № 2,"г. Волгоград, ул.им. Бахтурова, 6"
УФИЦ ИК-2,"Краснодарский край, Усть-Лабинский район, ст. Воронежская, ул. Крайняя 1"
УФИЦ №1 ИК-1,"г. Симферополь, пер. Элеваторный, 5"
УФИЦ № 2 ИК-14,"г. Краснодар, Восточная промышленная зона, ул. Тихорецкая, 20/1"
УФИЦ №4 ИК-14,"г. Краснодар, Западный обход, 2-ое отделение АФ «Солнечная», 7/4"
УФИЦ № 2 ИК-1,"Крым и Севастополь, пгт. Красногвардейское, ул. Строителей, д. 13"
СИЗО-2 Симферополь,"г. Симферополь, пер. Элеваторный, 4"
УФИЦ № 3 ИК-1,"Крым и Севастополь, Джанкойский район, с. Яркое, ул. Ленина, д. 12"
УФИЦ № 1 ИК-9,"г. Старая Русса, ул. Клубная д. 3"
УФИЦ № 2 ИК-9,"Новгородская область, п. Парфино, ул. Кирова д. 52/71"
Исправительный центр № 2,"г. Петрозаводск, ул.Жуковского, д.32 б"
УФИЦ ИК-25,"г. Сыктывкар, ул. 1-промышленная, д. 15"
УФИЦ №3 ИК-9,"Новгородская область, п. Крестцы ул. Краснова д. 2"
УФИЦ-2,"г. Петрозаводск, проезд Строителей, д.30 б"
Исправительный центр № 1,"г. Емва, ул. Калинина, д.55 а"
УФИЦ № 3 ИК-14,"Краснодарский край, Северский район,  пгт. Ильский, улица Завода Утяжелитель, 45"
УФИЦ № 1 ИК-2,"Калмыкия, Целинный район, с. Троицкое, Северная промзона"
УФИЦ № 2 ИК-2,"г. Элиста, ул. Ленина, д. 329"
Исправительный центр № 1,"г. Майкоп, ул. Кожевенная,11"
УФИЦ № 5 ИК-14,"Краснодарский край, Славянский район, пос. Вишневый, ул. Парковая д. 1"
УФИЦ ИК-6,"Краснодарский край, Выселковский район,  ст. Новомалороссийская, ул. Степная, д. 2"
УФИЦ № 1 ИК-14,"г. Славянск-на Кубани, ул. Донская 3 «а»"
УФИЦ № 3 ИК-2,"г.Элиста, Северная промышленная зона-2, д.172"
Исправительный центр № 1,"г. Волгоград, ул.им. Землячки, 14"
УФИЦ №2 ИК-4,"Краснодарский край, Успенский район, п. Мичуринский, ул. Садовая, 22"
УФИЦ №1 ИК-4,"г. Армавир, ул. Володарского 1а"
Исправительный центр № 2,"г. Волгоград, ул.им. Бахтурова, 6"
УФИЦ ИК-2,"Краснодарский край, Усть-Лабинский район, ст. Воронежская, ул. Крайняя 1"
УФИЦ №1 ИК-1,"г. Симферополь, пер. Элеваторный, 5"
УФИЦ № 2 ИК-14,"г. Краснодар, Восточная промышленная зона, ул. Тихорецкая, 20/1"
УФИЦ №4 ИК-14,"г. Краснодар, Западный обход, 2-ое отделение АФ «Солнечная», 7/4"
УФИЦ № 2 ИК-1,"Крым и Севастополь, пгт. Красногвардейское, ул. Строителей, д. 13"
СИЗО-2 Симферополь,"г. Симферополь, пер. Элеваторный, 4"
УФИЦ № 3 ИК-1,"Крым и Севастополь, Джанкойский район, с. Яркое, ул. Ленина, д. 12"
УФИЦ № 1 ИК-9,"г. Старая Русса, ул. Клубная д. 3"
УФИЦ № 2 ИК-9,"Новгородская область, п. Парфино, ул. Кирова д. 52/71"
Исправительный центр № 2,"г. Петрозаводск, ул.Жуковского, д.32 б"
УФИЦ ИК-25,"г. Сыктывкар, ул. 1-промышленная, д. 15"
УФИЦ №3 ИК-9,"Новгородская область, п. Крестцы ул. Краснова д. 2"
УФИЦ-2,"г. Петрозаводск, проезд Строителей, д.30 б"
Исправительный центр № 1,"г. Емва, ул. Калинина, д.55 а"
УФИЦ № 3 ИК-14,"Краснодарский край, Северский район,  пгт. Ильский, улица Завода Утяжелитель, 45"
УФИЦ № 1 ИК-2,"Калмыкия, Целинный район, с. Троицкое, Северная промзона"
УФИЦ № 2 ИК-2,"г. Элиста, ул. Ленина, д. 329"
Исправительный центр № 1,"г. Майкоп, ул. Кожевенная,11"
УФИЦ № 5 ИК-14,"Краснодарский край, Славянский район, пос. Вишневый, ул. Парковая д. 1"
УФИЦ ИК-6,"Краснодарский край, Выселковский район,  ст. Новомалороссийская, ул. Степная, д. 2"
УФИЦ № 1 ИК-14,"г. Славянск-на Кубани, ул. Донская 3 «а»"
УФИЦ № 3 ИК-2,"г.Элиста, Северная промышленная зона-2, д.172"
Исправительный центр № 1,"г. Волгоград, ул.им. Землячки, 14"
УФИЦ №2 ИК-4,"Краснодарский край, Успенский район, п. Мичуринский, ул. Садовая, 22"
УФИЦ №1 ИК-4,"г. Армавир, ул. Володарского 1а"
Исправительный центр № 2,"г. Волгоград, ул.им. Бахтурова, 6"
УФИЦ ИК-2,"Краснодарский край, Усть-Лабинский район, ст. Воронежская, ул. Крайняя 1"
УФИЦ №1 ИК-1,"г. Симферополь, пер. Элеваторный, 5"
УФИЦ № 2 ИК-14,"г. Краснодар, Восточная промышленная зона, ул. Тихорецкая, 20/1"
УФИЦ №4 ИК-14,"г. Краснодар, Западный обход, 2-ое отделение АФ «Солнечная», 7/4"
УФИЦ № 2 ИК-1,"Крым и Севастополь, пгт. Красногвардейское, ул. Строителей, д. 13"
СИЗО-2 Симферополь,"г. Симферополь, пер. Элеваторный, 4"
УФИЦ № 3 ИК-1,"Крым и Севастополь, Джанкойский район, с. Яркое, ул. Ленина, д. 12"
УФИЦ № 1 ИК-9,"г. Старая Русса, ул. Клубная д. 3"
УФИЦ № 2 ИК-9,"Новгородская область, п. Парфино, ул. Кирова д. 52/71"
Исправительный центр № 2,"г. Петрозаводск, ул.Жуковского, д.32 б"
УФИЦ ИК-25,"г. Сыктывкар, ул. 1-промышленная, д. 15"
УФИЦ №3 ИК-9,"Новгородская область, п. Крестцы ул. Краснова д. 2"
УФИЦ-2,"г. Петрозаводск, проезд Строителей, д.30 б"
Исправительный центр № 1,"г. Емва, ул. Калинина, д.55 а"
УФИЦ № 3 ИК-14,"Краснодарский край, Северский район,  пгт. Ильский, улица Завода Утяжелитель, 45"
УФИЦ № 1 ИК-2,"Калмыкия, Целинный район, с. Троицкое, Северная промзона"
УФИЦ № 2 ИК-2,"г. Элиста, ул. Ленина, д. 329"
Исправительный центр № 1,"г. Майкоп, ул. Кожевенная,11"
УФИЦ № 5 ИК-14,"Краснодарский край, Славянский район, пос. Вишневый, ул. Парковая д. 1"
УФИЦ ИК-6,"Краснодарский край, Выселковский район,  ст. Новомалороссийская, ул. Степная, д. 2"
УФИЦ № 1 ИК-14,"г. Славянск-на Кубани, ул. Донская 3 «а»"
УФИЦ № 3 ИК-2,"г.Элиста, Северная промышленная зона-2, д.172"
Исправительный центр № 1,"г. Волгоград, ул.им. Землячки, 14"
УФИЦ №2 ИК-4,"Краснодарский край, Успенский район, п. Мичуринский, ул. Садовая, 22"
УФИЦ №1 ИК-4,"г. Армавир, ул. Володарского 1а"
Исправительный центр № 2,"г. Волгоград, ул.им. Бахтурова, 6"
УФИЦ ИК-2,"Краснодарский край, Усть-Лабинский район, ст. Воронежская, ул. Крайняя 1"
УФИЦ №1 ИК-1,"г. Симферополь, пер. Элеваторный, 5"
УФИЦ № 2 ИК-14,"г. Краснодар, Восточная промышленная зона, ул. Тихорецкая, 20/1"
УФИЦ №4 ИК-14,"г. Краснодар, Западный обход, 2-ое отделение АФ «Солнечная», 7/4"
УФИЦ № 2 ИК-1,"Крым и Севастополь, пгт. Красногвардейское, ул. Строителей, д. 13"
СИЗО-2 Симферополь,"г. Симферополь, пер. Элеваторный, 4"
УФИЦ № 3 ИК-1,"Крым и Севастополь, Джанкойский район, с. Яркое, ул. Ленина, д. 12"
УФИЦ № 1 ИК-9,"г. Старая Русса, ул. Клубная д. 3"
УФИЦ № 2 ИК-9,"Новгородская область, п. Парфино, ул. Кирова д. 52/71"
Исправительный центр № 2,"г. Петрозаводск, ул.Жуковского, д.32 б"
УФИЦ ИК-25,"г. Сыктывкар, ул. 1-промышленная, д. 15"
УФИЦ №3 ИК-9,"Новгородская область, п. Крестцы ул. Краснова д. 2"
УФИЦ-2,"г. Петрозаводск, проезд Строителей, д.30 б"
Исправительный центр № 1,"г. Емва, ул. Калинина, д.55 а"
УФИЦ № 3 ИК-14,"Краснодарский край, Северский район,  пгт. Ильский, улица Завода Утяжелитель, 45"
УФИЦ № 1 ИК-2,"Калмыкия, Целинный район, с. Троицкое, Северная промзона"
УФИЦ № 2 ИК-2,"г. Элиста, ул. Ленина, д. 329"
Исправительный центр № 1,"г. Майкоп, ул. Кожевенная,11"
УФИЦ № 5 ИК-14,"Краснодарский край, Славянский район, пос. Вишневый, ул. Парковая д. 1"
УФИЦ ИК-6,"Краснодарский край, Выселковский район,  ст. Новомалороссийская, ул. Степная, д. 2"
УФИЦ № 1 ИК-14,"г. Славянск-на Кубани, ул. Донская 3 «а»"
УФИЦ № 3 ИК-2,"г.Элиста, Северная промышленная зона-2, д.172"
Исправительный центр № 1,"г. Волгоград, ул.им. Землячки, 14"
УФИЦ №2 ИК-4,"Краснодарский край, Успенский район, п. Мичуринский, ул. Садовая, 22"
УФИЦ №1 ИК-4,"г. Армавир, ул. Володарского 1а"
Исправительный центр № 2,"г. Волгоград, ул.им. Бахтурова, 6"
УФИЦ ИК-2,"Краснодарский край, Усть-Лабинский район, ст. Воронежская, ул. Крайняя 1"
УФИЦ №1 ИК-1,"г. Симферополь, пер. Элеваторный, 5"
УФИЦ № 2 ИК-14,"г. Краснодар, Восточная промышленная зона, ул. Тихорецкая, 20/1"
УФИЦ №4 ИК-14,"г. Краснодар, Западный обход, 2-ое отделение АФ «Солнечная», 7/4"
УФИЦ № 2 ИК-1,"Крым и Севастополь, пгт. Красногвардейское, ул. Строителей, д. 13"
СИЗО-2 Симферополь,"г. Симферополь, пер. Элеваторный, 4"
УФИЦ № 3 ИК-1,"Крым и Севастополь, Джанкойский район, с. Яркое, ул. Ленина, д. 12"
УФИЦ № 1 ИК-9,"г. Старая Русса, ул. Клубная д. 3"
УФИЦ № 2 ИК-9,"Новгородская область, п. Парфино, ул. Кирова д. 52/71"
Исправительный центр № 2,"г. Петрозаводск, ул.Жуковского, д.32 б"
УФИЦ ИК-25,"г. Сыктывкар, ул. 1-промышленная, д. 15"
УФИЦ №3 ИК-9,"Новгородская область, п. Крестцы ул. Краснова д. 2"
УФИЦ-2,"г. Петрозаводск, проезд Строителей, д.30 б"
Исправительный центр № 1,"г. Емва, ул. Калинина, д.55 а"
УФИЦ № 3 ИК-14,"Краснодарский край, Северский район,  пгт. Ильский, улица Завода Утяжелитель, 45"
УФИЦ № 1 ИК-2,"Калмыкия, Целинный район, с. Троицкое, Северная промзона"
УФИЦ № 2 ИК-2,"г. Элиста, ул. Ленина, д. 329"
Исправительный центр № 1,"г. Майкоп, ул. Кожевенная,11"
УФИЦ № 5 ИК-14,"Краснодарский край, Славянский район, пос. Вишневый, ул. Парковая д. 1"
УФИЦ ИК-6,"Краснодарский край, Выселковский район,  ст. Новомалороссийская, ул. Степная, д. 2"
УФИЦ № 1 ИК-14,"г. Славянск-на Кубани, ул. Донская 3 «а»"
УФИЦ № 3 ИК-2,"г.Элиста, Северная промышленная зона-2, д.172"
Исправительный центр № 1,"г. Волгоград, ул.им. Землячки, 14"
УФИЦ №2 ИК-4,"Краснодарский край, Успенский район, п. Мичуринский, ул. Садовая, 22"
УФИЦ №1 ИК-4,"г. Армавир, ул. Володарского 1а"
Исправительный центр № 2,"г. Волгоград, ул.им. Бахтурова, 6"
УФИЦ ИК-2,"Краснодарский край, Усть-Лабинский район, ст. Воронежская, ул. Крайняя 1"
УФИЦ №1 ИК-1,"г. Симферополь, пер. Элеваторный, 5"
УФИЦ № 2 ИК-14,"г. Краснодар, Восточная промышленная зона, ул. Тихорецкая, 20/1"
УФИЦ №4 ИК-14,"г. Краснодар, Западный обход, 2-ое отделение АФ «Солнечная», 7/4"
УФИЦ № 2 ИК-1,"Крым и Севастополь, пгт. Красногвардейское, ул. Строителей, д. 13"
СИЗО-2 Симферополь,"г. Симферополь, пер. Элеваторный, 4"
УФИЦ № 3 ИК-1,"Крым и Севастополь, Джанкойский район, с. Яркое, ул. Ленина, д. 12"
УФИЦ № 1 ИК-9,"г. Старая Русса, ул. Клубная д. 3"
УФИЦ № 2 ИК-9,"Новгородская область, п. Парфино, ул. Кирова д. 52/71"
Исправительный центр № 2,"г. Петрозаводск, ул.Жуковского, д.32 б"
УФИЦ ИК-25,"г. Сыктывкар, ул. 1-промышленная, д. 15"
УФИЦ №3 ИК-9,"Новгородская область, п. Крестцы ул. Краснова д. 2"
УФИЦ-2,"г. Петрозаводск, проезд Строителей, д.30 б"
Исправительный центр № 1,"г. Емва, ул. Калинина, д.55 а"
УФИЦ № 3 ИК-14,"Краснодарский край, Северский район,  пгт. Ильский, улица Завода Утяжелитель, 45"
УФИЦ № 1 ИК-2,"Калмыкия, Целинный район, с. Троицкое, Северная промзона"
УФИЦ № 2 ИК-2,"г. Элиста, ул. Ленина, д. 329"
Исправительный центр № 1,"г. Майкоп, ул. Кожевенная,11"
УФИЦ № 5 ИК-14,"Краснодарский край, Славянский район, пос. Вишневый, ул. Парковая д. 1"
УФИЦ ИК-6,"Краснодарский край, Выселковский район,  ст. Новомалороссийская, ул. Степная, д. 2"
УФИЦ № 1 ИК-14,"г. Славянск-на Кубани, ул. Донская 3 «а»"
УФИЦ № 3 ИК-2,"г.Элиста, Северная промышленная зона-2, д.172"
Исправительный центр № 1,"г. Волгоград, ул.им. Землячки, 14"
УФИЦ №2 ИК-4,"Краснодарский край, Успенский район, п. Мичуринский, ул. Садовая, 22"
УФИЦ №1 ИК-4,"г. Армавир, ул. Володарского 1а"
Исправительный центр № 2,"г. Волгоград, ул.им. Бахтурова, 6"
УФИЦ ИК-2,"Краснодарский край, Усть-Лабинский район, ст. Воронежская, ул. Крайняя 1"
УФИЦ №1 ИК-1,"г. Симферополь, пер. Элеваторный, 5"
УФИЦ № 2 ИК-14,"г. Краснодар, Восточная промышленная зона, ул. Тихорецкая, 20/1"
УФИЦ №4 ИК-14,"г. Краснодар, Западный обход, 2-ое отделение АФ «Солнечная», 7/4"
УФИЦ № 2 ИК-1,"Крым и Севастополь, пгт. Красногвардейское, ул. Строителей, д. 13"
СИЗО-2 Симферополь,"г. Симферополь, пер. Элеваторный, 4"
УФИЦ № 3 ИК-1,"Крым и Севастополь, Джанкойский район, с. Яркое, ул. Ленина, д. 12"
УФИЦ № 1 ИК-9,"г. Старая Русса, ул. Клубная д. 3"
УФИЦ № 2 ИК-9,"Новгородская область, п. Парфино, ул. Кирова д. 52/71"
Исправительный центр № 2,"г. Петрозаводск, ул.Жуковского, д.32 б"
УФИЦ ИК-25,"г. Сыктывкар, ул. 1-промышленная, д. 15"
УФИЦ №3 ИК-9,"Новгородская область, п. Крестцы ул. Краснова д. 2"
УФИЦ-2,"г. Петрозаводск, проезд Строителей, д.30 б"
Исправительный центр № 1,"г. Емва, ул. Калинина, д.55 а"
УФИЦ № 3 ИК-14,"Краснодарский край, Северский район,  пгт. Ильский, улица Завода Утяжелитель, 45"
УФИЦ № 1 ИК-2,"Калмыкия, Целинный район, с. Троицкое, Северная промзона"
УФИЦ № 2 ИК-2,"г. Элиста, ул. Ленина, д. 329"
Исправительный центр № 1,"г. Майкоп, ул. Кожевенная,11"
УФИЦ № 5 ИК-14,"Краснодарский край, Славянский район, пос. Вишневый, ул. Парковая д. 1"
УФИЦ ИК-6,"Краснодарский край, Выселковский район,  ст. Новомалороссийская, ул. Степная, д. 2"
УФИЦ № 1 ИК-14,"г. Славянск-на Кубани, ул. Донская 3 «а»"
УФИЦ № 3 ИК-2,"г.Элиста, Северная промышленная зона-2, д.172"
Исправительный центр № 1,"г. Волгоград, ул.им. Землячки, 14"
УФИЦ №2 ИК-4,"Краснодарский край, Успенский район, п. Мичуринский, ул. Садовая, 22"
УФИЦ №1 ИК-4,"г. Армавир, ул. Володарского 1а"
Исправительный центр № 2,"г. Волгоград, ул.им. Бахтурова, 6"
УФИЦ ИК-2,"Краснодарский край, Усть-Лабинский район, ст. Воронежская, ул. Крайняя 1"
УФИЦ №1 ИК-1,"г. Симферополь, пер. Элеваторный, 5"
УФИЦ № 2 ИК-14,"г. Краснодар, Восточная промышленная зона, ул. Тихорецкая, 20/1"
УФИЦ №4 ИК-14,"г. Краснодар, Западный обход, 2-ое отделение АФ «Солнечная», 7/4"
УФИЦ № 2 ИК-1,"Крым и Севастополь, пгт. Красногвардейское, ул. Строителей, д. 13"
СИЗО-2 Симферополь,"г. Симферополь, пер. Элеваторный, 4"
УФИЦ № 3 ИК-1,"Крым и Севастополь, Джанкойский район, с. Яркое, ул. Ленина, д. 12"
УФИЦ № 1 ИК-9,"г. Старая Русса, ул. Клубная д. 3"
УФИЦ № 2 ИК-9,"Новгородская область, п. Парфино, ул. Кирова д. 52/71"
Исправительный центр № 2,"г. Петрозаводск, ул.Жуковского, д.32 б"
УФИЦ ИК-25,"г. Сыктывкар, ул. 1-промышленная, д. 15"
УФИЦ №3 ИК-9,"Новгородская область, п. Крестцы ул. Краснова д. 2"
УФИЦ-2,"г. Петрозаводск, проезд Строителей, д.30 б"
Исправительный центр № 1,"г. Емва, ул. Калинина, д.55 а"
УФИЦ № 3 ИК-14,"Краснодарский край, Северский район,  пгт. Ильский, улица Завода Утяжелитель, 45"
УФИЦ № 1 ИК-2,"Калмыкия, Целинный район, с. Троицкое, Северная промзона"
УФИЦ № 2 ИК-2,"г. Элиста, ул. Ленина, д. 329"
Исправительный центр № 1,"г. Майкоп, ул. Кожевенная,11"
УФИЦ № 5 ИК-14,"Краснодарский край, Славянский район, пос. Вишневый, ул. Парковая д. 1"
УФИЦ ИК-6,"Краснодарский край, Выселковский район,  ст. Новомалороссийская, ул. Степная, д. 2"
УФИЦ № 1 ИК-14,"г. Славянск-на Кубани, ул. Донская 3 «а»"
УФИЦ № 3 ИК-2,"г.Элиста, Северная промышленная зона-2, д.172"
Исправительный центр № 1,"г. Волгоград, ул.им. Землячки, 14"
УФИЦ №2 ИК-4,"Краснодарский край, Успенский район, п. Мичуринский, ул. Садовая, 22"
УФИЦ №1 ИК-4,"г. Армавир, ул. Володарского 1а"
Исправительный центр № 2,"г. Волгоград, ул.им. Бахтурова, 6"
УФИЦ ИК-2,"Краснодарский край, Усть-Лабинский район, ст. Воронежская, ул. Крайняя 1"
УФИЦ №1 ИК-1,"г. Симферополь, пер. Элеваторный, 5"
УФИЦ № 2 ИК-14,"г. Краснодар, Восточная промышленная зона, ул. Тихорецкая, 20/1"
УФИЦ №4 ИК-14,"г. Краснодар, Западный обход, 2-ое отделение АФ «Солнечная», 7/4"
УФИЦ № 2 ИК-1,"Крым и Севастополь, пгт. Красногвардейское, ул. Строителей, д. 13"
СИЗО-2 Симферополь,"г. Симферополь, пер. Элеваторный, 4"
УФИЦ № 3 ИК-1,"Крым и Севастополь, Джанкойский район, с. Яркое, ул. Ленина, д. 12"
УФИЦ № 1 ИК-9,"г. Старая Русса, ул. Клубная д. 3"
УФИЦ № 2 ИК-9,"Новгородская область, п. Парфино, ул. Кирова д. 52/71"
Исправительный центр № 2,"г. Петрозаводск, ул.Жуковского, д.32 б"
УФИЦ ИК-25,"г. Сыктывкар, ул. 1-промышленная, д. 15"
УФИЦ №3 ИК-9,"Новгородская область, п. Крестцы ул. Краснова д. 2"
УФИЦ-2,"г. Петрозаводск, проезд Строителей, д.30 б"
Исправительный центр № 1,"г. Емва, ул. Калинина, д.55 а"
УФИЦ № 3 ИК-14,"Краснодарский край, Северский район,  пгт. Ильский, улица Завода Утяжелитель, 45"
УФИЦ № 1 ИК-2,"Калмыкия, Целинный район, с. Троицкое, Северная промзона"
УФИЦ № 2 ИК-2,"г. Элиста, ул. Ленина, д. 329"
Исправительный центр № 1,"г. Майкоп, ул. Кожевенная,11"
УФИЦ № 5 ИК-14,"Краснодарский край, Славянский район, пос. Вишневый, ул. Парковая д. 1"
УФИЦ ИК-6,"Краснодарский край, Выселковский район,  ст. Новомалороссийская, ул. Степная, д. 2"
УФИЦ № 1 ИК-14,"г. Славянск-на Кубани, ул. Донская 3 «а»"
УФИЦ № 3 ИК-2,"г.Элиста, Северная промышленная зона-2, д.172"
Исправительный центр № 1,"г. Волгоград, ул.им. Землячки, 14"
УФИЦ №2 ИК-4,"Краснодарский край, Успенский район, п. Мичуринский, ул. Садовая, 22"
УФИЦ №1 ИК-4,"г. Армавир, ул. Володарского 1а"
Исправительный центр № 2,"г. Волгоград, ул.им. Бахтурова, 6"
УФИЦ ИК-2,"Краснодарский край, Усть-Лабинский район, ст. Воронежская, ул. Крайняя 1"
УФИЦ №1 ИК-1,"г. Симферополь, пер. Элеваторный, 5"
УФИЦ № 2 ИК-14,"г. Краснодар, Восточная промышленная зона, ул. Тихорецкая, 20/1"
УФИЦ №4 ИК-14,"г. Краснодар, Западный обход, 2-ое отделение АФ «Солнечная», 7/4"
УФИЦ № 2 ИК-1,"Крым и Севастополь, пгт. Красногвардейское, ул. Строителей, д. 13"
СИЗО-2 Симферополь,"г. Симферополь, пер. Элеваторный, 4"
УФИЦ № 3 ИК-1,"Крым и Севастополь, Джанкойский район, с. Яркое, ул. Ленина, д. 12"
УФИЦ № 1 ИК-9,"г. Старая Русса, ул. Клубная д. 3"
УФИЦ № 2 ИК-9,"Новгородская область, п. Парфино, ул. Кирова д. 52/71"
Исправительный центр № 2,"г. Петрозаводск, ул.Жуковского, д.32 б"
УФИЦ ИК-25,"г. Сыктывкар, ул. 1-промышленная, д. 15"
УФИЦ №3 ИК-9,"Новгородская область, п. Крестцы ул. Краснова д. 2"
УФИЦ-2,"г. Петрозаводск, проезд Строителей, д.30 б"
Исправительный центр № 1,"г. Емва, ул. Калинина, д.55 а"
УФИЦ № 3 ИК-14,"Краснодарский край, Северский район,  пгт. Ильский, улица Завода Утяжелитель, 45"
УФИЦ № 1 ИК-2,"Калмыкия, Целинный район, с. Троицкое, Северная промзона"
УФИЦ № 2 ИК-2,"г. Элиста, ул. Ленина, д. 329"
Исправительный центр № 1,"г. Майкоп, ул. Кожевенная,11"
УФИЦ № 5 ИК-14,"Краснодарский край, Славянский район, пос. Вишневый, ул. Парковая д. 1"
УФИЦ ИК-6,"Краснодарский край, Выселковский район,  ст. Новомалороссийская, ул. Степная, д. 2"
УФИЦ № 1 ИК-14,"г. Славянск-на Кубани, ул. Донская 3 «а»"
УФИЦ № 3 ИК-2,"г.Элиста, Северная промышленная зона-2, д.172"
Исправительный центр № 1,"г. Волгоград, ул.им. Землячки, 14"
УФИЦ №2 ИК-4,"Краснодарский край, Успенский район, п. Мичуринский, ул. Садовая, 22"
УФИЦ №1 ИК-4,"г. Армавир, ул. Володарского 1а"
Исправительный центр № 2,"г. Волгоград, ул.им. Бахтурова, 6"
УФИЦ ИК-2,"Краснодарский край, Усть-Лабинский район, ст. Воронежская, ул. Крайняя 1"
УФИЦ №1 ИК-1,"г. Симферополь, пер. Элеваторный, 5"
УФИЦ № 2 ИК-14,"г. Краснодар, Восточная промышленная зона, ул. Тихорецкая, 20/1"
УФИЦ №4 ИК-14,"г. Краснодар, Западный обход, 2-ое отделение АФ «Солнечная», 7/4"
УФИЦ № 2 ИК-1,"Крым и Севастополь, пгт. Красногвардейское, ул. Строителей, д. 13"
СИЗО-2 Симферополь,"г. Симферополь, пер. Элеваторный, 4"
УФИЦ № 3 ИК-1,"Крым и Севастополь, Джанкойский район, с. Яркое, ул. Ленина, д. 12"
УФИЦ № 1 ИК-9,"г. Старая Русса, ул. Клубная д. 3"
УФИЦ № 2 ИК-9,"Новгородская область, п. Парфино, ул. Кирова д. 52/71"
Исправительный центр № 2,"г. Петрозаводск, ул.Жуковского, д.32 б"
УФИЦ ИК-25,"г. Сыктывкар, ул. 1-промышленная, д. 15"
УФИЦ №3 ИК-9,"Новгородская область, п. Крестцы ул. Краснова д. 2"
УФИЦ-2,"г. Петрозаводск, проезд Строителей, д.30 б"
Исправительный центр № 1,"г. Емва, ул. Калинина, д.55 а"
УФИЦ № 3 ИК-14,"Краснодарский край, Северский район,  пгт. Ильский, улица Завода Утяжелитель, 45"
УФИЦ № 1 ИК-2,"Калмыкия, Целинный район, с. Троицкое, Северная промзона"
УФИЦ № 2 ИК-2,"г. Элиста, ул. Ленина, д. 329"
Исправительный центр № 1,"г. Майкоп, ул. Кожевенная,11"
УФИЦ № 5 ИК-14,"Краснодарский край, Славянский район, пос. Вишневый, ул. Парковая д. 1"
УФИЦ ИК-6,"Краснодарский край, Выселковский район,  ст. Новомалороссийская, ул. Степная, д. 2"
УФИЦ № 1 ИК-14,"г. Славянск-на Кубани, ул. Донская 3 «а»"
УФИЦ № 3 ИК-2,"г.Элиста, Северная промышленная зона-2, д.172"
Исправительный центр № 1,"г. Волгоград, ул.им. Землячки, 14"
УФИЦ №2 ИК-4,"Краснодарский край, Успенский район, п. Мичуринский, ул. Садовая, 22"
УФИЦ №1 ИК-4,"г. Армавир, ул. Володарского 1а"
Исправительный центр № 2,"г. Волгоград, ул.им. Бахтурова, 6"
УФИЦ ИК-2,"Краснодарский край, Усть-Лабинский район, ст. Воронежская, ул. Крайняя 1"
УФИЦ №1 ИК-1,"г. Симферополь, пер. Элеваторный, 5"
УФИЦ № 2 ИК-14,"г. Краснодар, Восточная промышленная зона, ул. Тихорецкая, 20/1"
УФИЦ №4 ИК-14,"г. Краснодар, Западный обход, 2-ое отделение АФ «Солнечная», 7/4"
УФИЦ № 2 ИК-1,"Крым и Севастополь, пгт. Красногвардейское, ул. Строителей, д. 13"
СИЗО-2 Симферополь,"г. Симферополь, пер. Элеваторный, 4"
УФИЦ № 3 ИК-1,"Крым и Севастополь, Джанкойский район, с. Яркое, ул. Ленина, д. 12"
УФИЦ № 1 ИК-9,"г. Старая Русса, ул. Клубная д. 3"
УФИЦ № 2 ИК-9,"Новгородская область, п. Парфино, ул. Кирова д. 52/71"
Исправительный центр № 2,"г. Петрозаводск, ул.Жуковского, д.32 б"
УФИЦ ИК-25,"г. Сыктывкар, ул. 1-промышленная, д. 15"
УФИЦ №3 ИК-9,"Новгородская область, п. Крестцы ул. Краснова д. 2"
УФИЦ-2,"г. Петрозаводск, проезд Строителей, д.30 б"
Исправительный центр № 1,"г. Емва, ул. Калинина, д.55 а"
УФИЦ № 3 ИК-14,"Краснодарский край, Северский район,  пгт. Ильский, улица Завода Утяжелитель, 45"
УФИЦ № 1 ИК-2,"Калмыкия, Целинный район, с. Троицкое, Северная промзона"
УФИЦ № 2 ИК-2,"г. Элиста, ул. Ленина, д. 329"
Исправительный центр № 1,"г. Майкоп, ул. Кожевенная,11"
УФИЦ № 5 ИК-14,"Краснодарский край, Славянский район, пос. Вишневый, ул. Парковая д. 1"
УФИЦ ИК-6,"Краснодарский край, Выселковский район,  ст. Новомалороссийская, ул. Степная, д. 2"
УФИЦ № 1 ИК-14,"г. Славянск-на Кубани, ул. Донская 3 «а»"
УФИЦ № 3 ИК-2,"г.Элиста, Северная промышленная зона-2, д.172"
Исправительный центр № 1,"г. Волгоград, ул.им. Землячки, 14"
УФИЦ №2 ИК-4,"Краснодарский край, Успенский район, п. Мичуринский, ул. Садовая, 22"
УФИЦ №1 ИК-4,"г. Армавир, ул. Володарского 1а"
Исправительный центр № 2,"г. Волгоград, ул.им. Бахтурова, 6"
УФИЦ ИК-2,"Краснодарский край, Усть-Лабинский район, ст. Воронежская, ул. Крайняя 1"
УФИЦ №1 ИК-1,"г. Симферополь, пер. Элеваторный, 5"
УФИЦ № 2 ИК-14,"г. Краснодар, Восточная промышленная зона, ул. Тихорецкая, 20/1"
УФИЦ №4 ИК-14,"г. Краснодар, Западный обход, 2-ое отделение АФ «Солнечная», 7/4"
УФИЦ № 2 ИК-1,"Крым и Севастополь, пгт. Красногвардейское, ул. Строителей, д. 13"
СИЗО-2 Симферополь,"г. Симферополь, пер. Элеваторный, 4"
УФИЦ № 3 ИК-1,"Крым и Севастополь, Джанкойский район, с. Яркое, ул. Ленина, д. 12"
УФИЦ № 1 ИК-9,"г. Старая Русса, ул. Клубная д. 3"
УФИЦ № 2 ИК-9,"Новгородская область, п. Парфино, ул. Кирова д. 52/71"
Исправительный центр № 2,"г. Петрозаводск, ул.Жуковского, д.32 б"
УФИЦ ИК-25,"г. Сыктывкар, ул. 1-промышленная, д. 15"
УФИЦ №3 ИК-9,"Новгородская область, п. Крестцы ул. Краснова д. 2"
УФИЦ-2,"г. Петрозаводск, проезд Строителей, д.30 б"
Исправительный центр № 1,"г. Емва, ул. Калинина, д.55 а"
УФИЦ № 3 ИК-14,"Краснодарский край, Северский район,  пгт. Ильский, улица Завода Утяжелитель, 45"
УФИЦ № 1 ИК-2,"Калмыкия, Целинный район, с. Троицкое, Северная промзона"
УФИЦ № 2 ИК-2,"г. Элиста, ул. Ленина, д. 329"
Исправительный центр № 1,"г. Майкоп, ул. Кожевенная,11"
УФИЦ № 5 ИК-14,"Краснодарский край, Славянский район, пос. Вишневый, ул. Парковая д. 1"
УФИЦ ИК-6,"Краснодарский край, Выселковский район,  ст. Новомалороссийская, ул. Степная, д. 2"
УФИЦ № 1 ИК-14,"г. Славянск-на Кубани, ул. Донская 3 «а»"
УФИЦ № 3 ИК-2,"г.Элиста, Северная промышленная зона-2, д.172"
Исправительный центр № 1,"г. Волгоград, ул.им. Землячки, 14"
УФИЦ №2 ИК-4,"Краснодарский край, Успенский район, п. Мичуринский, ул. Садовая, 22"
УФИЦ №1 ИК-4,"г. Армавир, ул. Володарского 1а"
Исправительный центр № 2,"г. Волгоград, ул.им. Бахтурова, 6"
УФИЦ ИК-2,"Краснодарский край, Усть-Лабинский район, ст. Воронежская, ул. Крайняя 1"
УФИЦ №1 ИК-1,"г. Симферополь, пер. Элеваторный, 5"
УФИЦ № 2 ИК-14,"г. Краснодар, Восточная промышленная зона, ул. Тихорецкая, 20/1"
УФИЦ №4 ИК-14,"г. Краснодар, Западный обход, 2-ое отделение АФ «Солнечная», 7/4"
УФИЦ № 2 ИК-1,"Крым и Севастополь, пгт. Красногвардейское, ул. Строителей, д. 13"
СИЗО-2 Симферополь,"г. Симферополь, пер. Элеваторный, 4"
УФИЦ № 3 ИК-1,"Крым и Севастополь, Джанкойский район, с. Яркое, ул. Ленина, д. 12"
УФИЦ № 1 ИК-9,"г. Старая Русса, ул. Клубная д. 3"
УФИЦ № 2 ИК-9,"Новгородская область, п. Парфино, ул. Кирова д. 52/71"
Исправительный центр № 2,"г. Петрозаводск, ул.Жуковского, д.32 б"
УФИЦ ИК-25,"г. Сыктывкар, ул. 1-промышленная, д. 15"
УФИЦ №3 ИК-9,"Новгородская область, п. Крестцы ул. Краснова д. 2"
УФИЦ-2,"г. Петрозаводск, проезд Строителей, д.30 б"
Исправительный центр № 1,"г. Емва, ул. Калинина, д.55 а"
УФИЦ № 3 ИК-14,"Краснодарский край, Северский район,  пгт. Ильский, улица Завода Утяжелитель, 45"
УФИЦ № 1 ИК-2,"Калмыкия, Целинный район, с. Троицкое, Северная промзона"
УФИЦ № 2 ИК-2,"г. Элиста, ул. Ленина, д. 329"
Исправительный центр № 1,"г. Майкоп, ул. Кожевенная,11"
УФИЦ № 5 ИК-14,"Краснодарский край, Славянский район, пос. Вишневый, ул. Парковая д. 1"
УФИЦ ИК-6,"Краснодарский край, Выселковский район,  ст. Новомалороссийская, ул. Степная, д. 2"
УФИЦ № 1 ИК-14,"г. Славянск-на Кубани, ул. Донская 3 «а»"
УФИЦ № 3 ИК-2,"г.Элиста, Северная промышленная зона-2, д.172"
Исправительный центр № 1,"г. Волгоград, ул.им. Землячки, 14"
УФИЦ №2 ИК-4,"Краснодарский край, Успенский район, п. Мичуринский, ул. Садовая, 22"
УФИЦ №1 ИК-4,"г. Армавир, ул. Володарского 1а"
Исправительный центр № 2,"г. Волгоград, ул.им. Бахтурова, 6"
УФИЦ ИК-2,"Краснодарский край, Усть-Лабинский район, ст. Воронежская, ул. Крайняя 1"
УФИЦ №1 ИК-1,"г. Симферополь, пер. Элеваторный, 5"
УФИЦ № 2 ИК-14,"г. Краснодар, Восточная промышленная зона, ул. Тихорецкая, 20/1"
УФИЦ №4 ИК-14,"г. Краснодар, Западный обход, 2-ое отделение АФ «Солнечная», 7/4"
УФИЦ № 2 ИК-1,"Крым и Севастополь, пгт. Красногвардейское, ул. Строителей, д. 13"
СИЗО-2 Симферополь,"г. Симферополь, пер. Элеваторный, 4"
УФИЦ № 3 ИК-1,"Крым и Севастополь, Джанкойский район, с. Яркое, ул. Ленина, д. 12"
УФИЦ № 1 ИК-9,"г. Старая Русса, ул. Клубная д. 3"
УФИЦ № 2 ИК-9,"Новгородская область, п. Парфино, ул. Кирова д. 52/71"
Исправительный центр № 2,"г. Петрозаводск, ул.Жуковского, д.32 б"
УФИЦ ИК-25,"г. Сыктывкар, ул. 1-промышленная, д. 15"
УФИЦ №3 ИК-9,"Новгородская область, п. Крестцы ул. Краснова д. 2"
УФИЦ-2,"г. Петрозаводск, проезд Строителей, д.30 б"
Исправительный центр № 1,"г. Емва, ул. Калинина, д.55 а"
УФИЦ № 3 ИК-14,"Краснодарский край, Северский район,  пгт. Ильский, улица Завода Утяжелитель, 45"
УФИЦ № 1 ИК-2,"Калмыкия, Целинный район, с. Троицкое, Северная промзона"
УФИЦ № 2 ИК-2,"г. Элиста, ул. Ленина, д. 329"
Исправительный центр № 1,"г. Майкоп, ул. Кожевенная,11"
УФИЦ № 5 ИК-14,"Краснодарский край, Славянский район, пос. Вишневый, ул. Парковая д. 1"
УФИЦ ИК-6,"Краснодарский край, Выселковский район,  ст. Новомалороссийская, ул. Степная, д. 2"
УФИЦ № 1 ИК-14,"г. Славянск-на Кубани, ул. Донская 3 «а»"
УФИЦ № 3 ИК-2,"г.Элиста, Северная промышленная зона-2, д.172"
Исправительный центр № 1,"г. Волгоград, ул.им. Землячки, 14"
УФИЦ №2 ИК-4,"Краснодарский край, Успенский район, п. Мичуринский, ул. Садовая, 22"
УФИЦ №1 ИК-4,"г. Армавир, ул. Володарского 1а"
Исправительный центр № 2,"г. Волгоград, ул.им. Бахтурова, 6"
УФИЦ ИК-2,"Краснодарский край, Усть-Лабинский район, ст. Воронежская, ул. Крайняя 1"
УФИЦ №1 ИК-1,"г. Симферополь, пер. Элеваторный, 5"
УФИЦ № 2 ИК-14,"г. Краснодар, Восточная промышленная зона, ул. Тихорецкая, 20/1"
УФИЦ №4 ИК-14,"г. Краснодар, Западный обход, 2-ое отделение АФ «Солнечная», 7/4"
УФИЦ № 2 ИК-1,"Крым и Севастополь, пгт. Красногвардейское, ул. Строителей, д. 13"
СИЗО-2 Симферополь,"г. Симферополь, пер. Элеваторный, 4"
УФИЦ № 3 ИК-1,"Крым и Севастополь, Джанкойский район, с. Яркое, ул. Ленина, д. 12"
УФИЦ № 1 ИК-9,"г. Старая Русса, ул. Клубная д. 3"
УФИЦ № 2 ИК-9,"Новгородская область, п. Парфино, ул. Кирова д. 52/71"
Исправительный центр № 2,"г. Петрозаводск, ул.Жуковского, д.32 б"
УФИЦ ИК-25,"г. Сыктывкар, ул. 1-промышленная, д. 15"
УФИЦ №3 ИК-9,"Новгородская область, п. Крестцы ул. Краснова д. 2"
УФИЦ-2,"г. Петрозаводск, проезд Строителей, д.30 б"
Исправительный центр № 1,"г. Емва, ул. Калинина, д.55 а"
УФИЦ № 3 ИК-14,"Краснодарский край, Северский район,  пгт. Ильский, улица Завода Утяжелитель, 45"
УФИЦ № 1 ИК-2,"Калмыкия, Целинный район, с. Троицкое, Северная промзона"
УФИЦ № 2 ИК-2,"г. Элиста, ул. Ленина, д. 329"
Исправительный центр № 1,"г. Майкоп, ул. Кожевенная,11"
УФИЦ № 5 ИК-14,"Краснодарский край, Славянский район, пос. Вишневый, ул. Парковая д. 1"
УФИЦ ИК-6,"Краснодарский край, Выселковский район,  ст. Новомалороссийская, ул. Степная, д. 2"
УФИЦ № 1 ИК-14,"г. Славянск-на Кубани, ул. Донская 3 «а»"
УФИЦ № 3 ИК-2,"г.Элиста, Северная промышленная зона-2, д.172"
Исправительный центр № 1,"г. Волгоград, ул.им. Землячки, 14"
УФИЦ №2 ИК-4,"Краснодарский край, Успенский район, п. Мичуринский, ул. Садовая, 22"
УФИЦ №1 ИК-4,"г. Армавир, ул. Володарского 1а"
Исправительный центр № 2,"г. Волгоград, ул.им. Бахтурова, 6"
УФИЦ ИК-2,"Краснодарский край, Усть-Лабинский район, ст. Воронежская, ул. Крайняя 1"
УФИЦ №1 ИК-1,"г. Симферополь, пер. Элеваторный, 5"
УФИЦ № 2 ИК-14,"г. Краснодар, Восточная промышленная зона, ул. Тихорецкая, 20/1"
УФИЦ №4 ИК-14,"г. Краснодар, Западный обход, 2-ое отделение АФ «Солнечная», 7/4"
УФИЦ № 2 ИК-1,"Крым и Севастополь, пгт. Красногвардейское, ул. Строителей, д. 13"
СИЗО-2 Симферополь,"г. Симферополь, пер. Элеваторный, 4"
УФИЦ № 3 ИК-1,"Крым и Севастополь, Джанкойский район, с. Яркое, ул. Ленина, д. 12"
УФИЦ № 1 ИК-9,"г. Старая Русса, ул. Клубная д. 3"
УФИЦ № 2 ИК-9,"Новгородская область, п. Парфино, ул. Кирова д. 52/71"
Исправительный центр № 2,"г. Петрозаводск, ул.Жуковского, д.32 б"
УФИЦ ИК-25,"г. Сыктывкар, ул. 1-промышленная, д. 15"
УФИЦ №3 ИК-9,"Новгородская область, п. Крестцы ул. Краснова д. 2"
УФИЦ-2,"г. Петрозаводск, проезд Строителей, д.30 б"
Исправительный центр № 1,"г. Емва, ул. Калинина, д.55 а"
УФИЦ № 3 ИК-14,"Краснодарский край, Северский район,  пгт. Ильский, улица Завода Утяжелитель, 45"
УФИЦ № 1 ИК-2,"Калмыкия, Целинный район, с. Троицкое, Северная промзона"
УФИЦ № 2 ИК-2,"г. Элиста, ул. Ленина, д. 329"
Исправительный центр № 1,"г. Майкоп, ул. Кожевенная,11"
УФИЦ № 5 ИК-14,"Краснодарский край, Славянский район, пос. Вишневый, ул. Парковая д. 1"
УФИЦ ИК-6,"Краснодарский край, Выселковский район,  ст. Новомалороссийская, ул. Степная, д. 2"
УФИЦ № 1 ИК-14,"г. Славянск-на Кубани, ул. Донская 3 «а»"
УФИЦ № 3 ИК-2,"г.Элиста, Северная промышленная зона-2, д.172"
Исправительный центр № 1,"г. Волгоград, ул.им. Землячки, 14"
УФИЦ №2 ИК-4,"Краснодарский край, Успенский район, п. Мичуринский, ул. Садовая, 22"
УФИЦ №1 ИК-4,"г. Армавир, ул. Володарского 1а"
Исправительный центр № 2,"г. Волгоград, ул.им. Бахтурова, 6"
УФИЦ ИК-2,"Краснодарский край, Усть-Лабинский район, ст. Воронежская, ул. Крайняя 1"
УФИЦ №1 ИК-1,"г. Симферополь, пер. Элеваторный, 5"
УФИЦ № 2 ИК-14,"г. Краснодар, Восточная промышленная зона, ул. Тихорецкая, 20/1"
УФИЦ №4 ИК-14,"г. Краснодар, Западный обход, 2-ое отделение АФ «Солнечная», 7/4"
УФИЦ № 2 ИК-1,"Крым и Севастополь, пгт. Красногвардейское, ул. Строителей, д. 13"
СИЗО-2 Симферополь,"г. Симферополь, пер. Элеваторный, 4"
УФИЦ № 3 ИК-1,"Крым и Севастополь, Джанкойский район, с. Яркое, ул. Ленина, д. 12"
УФИЦ № 1 ИК-9,"г. Старая Русса, ул. Клубная д. 3"
УФИЦ № 2 ИК-9,"Новгородская область, п. Парфино, ул. Кирова д. 52/71"
Исправительный центр № 2,"г. Петрозаводск, ул.Жуковского, д.32 б"
УФИЦ ИК-25,"г. Сыктывкар, ул. 1-промышленная, д. 15"
УФИЦ №3 ИК-9,"Новгородская область, п. Крестцы ул. Краснова д. 2"
УФИЦ-2,"г. Петрозаводск, проезд Строителей, д.30 б"
Исправительный центр № 1,"г. Емва, ул. Калинина, д.55 а"
УФИЦ № 3 ИК-14,"Краснодарский край, Северский район,  пгт. Ильский, улица Завода Утяжелитель, 45"
УФИЦ № 1 ИК-2,"Калмыкия, Целинный район, с. Троицкое, Северная промзона"
УФИЦ № 2 ИК-2,"г. Элиста, ул. Ленина, д. 329"
Исправительный центр № 1,"г. Майкоп, ул. Кожевенная,11"
УФИЦ № 5 ИК-14,"Краснодарский край, Славянский район, пос. Вишневый, ул. Парковая д. 1"
УФИЦ ИК-6,"Краснодарский край, Выселковский район,  ст. Новомалороссийская, ул. Степная, д. 2"
УФИЦ № 1 ИК-14,"г. Славянск-на Кубани, ул. Донская 3 «а»"
УФИЦ № 3 ИК-2,"г.Элиста, Северная промышленная зона-2, д.172"
Исправительный центр № 1,"г. Волгоград, ул.им. Землячки, 14"
УФИЦ №2 ИК-4,"Краснодарский край, Успенский район, п. Мичуринский, ул. Садовая, 22"
УФИЦ №1 ИК-4,"г. Армавир, ул. Володарского 1а"
Исправительный центр № 2,"г. Волгоград, ул.им. Бахтурова, 6"
УФИЦ ИК-2,"Краснодарский край, Усть-Лабинский район, ст. Воронежская, ул. Крайняя 1"
УФИЦ №1 ИК-1,"г. Симферополь, пер. Элеваторный, 5"
УФИЦ № 2 ИК-14,"г. Краснодар, Восточная промышленная зона, ул. Тихорецкая, 20/1"
УФИЦ №4 ИК-14,"г. Краснодар, Западный обход, 2-ое отделение АФ «Солнечная», 7/4"
УФИЦ № 2 ИК-1,"Крым и Севастополь, пгт. Красногвардейское, ул. Строителей, д. 13"
СИЗО-2 Симферополь,"г. Симферополь, пер. Элеваторный, 4"
УФИЦ № 3 ИК-1,"Крым и Севастополь, Джанкойский район, с. Яркое, ул. Ленина, д. 12"
УФИЦ № 1 ИК-9,"г. Старая Русса, ул. Клубная д. 3"
УФИЦ № 2 ИК-9,"Новгородская область, п. Парфино, ул. Кирова д. 52/71"
Исправительный центр № 2,"г. Петрозаводск, ул.Жуковского, д.32 б"
УФИЦ ИК-25,"г. Сыктывкар, ул. 1-промышленная, д. 15"
УФИЦ №3 ИК-9,"Новгородская область, п. Крестцы ул. Краснова д. 2"
УФИЦ-2,"г. Петрозаводск, проезд Строителей, д.30 б"
Исправительный центр № 1,"г. Емва, ул. Калинина, д.55 а"
УФИЦ № 3 ИК-14,"Краснодарский край, Северский район,  пгт. Ильский, улица Завода Утяжелитель, 45"
УФИЦ № 1 ИК-2,"Калмыкия, Целинный район, с. Троицкое, Северная промзона"
УФИЦ № 2 ИК-2,"г. Элиста, ул. Ленина, д. 329"
Исправительный центр № 1,"г. Майкоп, ул. Кожевенная,11"
УФИЦ № 5 ИК-14,"Краснодарский край, Славянский район, пос. Вишневый, ул. Парковая д. 1"
УФИЦ ИК-6,"Краснодарский край, Выселковский район,  ст. Новомалороссийская, ул. Степная, д. 2"
УФИЦ № 1 ИК-14,"г. Славянск-на Кубани, ул. Донская 3 «а»"
УФИЦ № 3 ИК-2,"г.Элиста, Северная промышленная зона-2, д.172"
Исправительный центр № 1,"г. Волгоград, ул.им. Землячки, 14"
УФИЦ №2 ИК-4,"Краснодарский край, Успенский район, п. Мичуринский, ул. Садовая, 22"
УФИЦ №1 ИК-4,"г. Армавир, ул. Володарского 1а"
Исправительный центр № 2,"г. Волгоград, ул.им. Бахтурова, 6"
УФИЦ ИК-2,"Краснодарский край, Усть-Лабинский район, ст. Воронежская, ул. Крайняя 1"
УФИЦ №1 ИК-1,"г. Симферополь, пер. Элеваторный, 5"
УФИЦ № 2 ИК-14,"г. Краснодар, Восточная промышленная зона, ул. Тихорецкая, 20/1"
УФИЦ №4 ИК-14,"г. Краснодар, Западный обход, 2-ое отделение АФ «Солнечная», 7/4"
УФИЦ № 2 ИК-1,"Крым и Севастополь, пгт. Красногвардейское, ул. Строителей, д. 13"
СИЗО-2 Симферополь,"г. Симферополь, пер. Элеваторный, 4"
УФИЦ № 3 ИК-1,"Крым и Севастополь, Джанкойский район, с. Яркое, ул. Ленина, д. 12"
УФИЦ № 1 ИК-9,"г. Старая Русса, ул. Клубная д. 3"
УФИЦ № 2 ИК-9,"Новгородская область, п. Парфино, ул. Кирова д. 52/71"
Исправительный центр № 2,"г. Петрозаводск, ул.Жуковского, д.32 б"
УФИЦ ИК-25,"г. Сыктывкар, ул. 1-промышленная, д. 15"
УФИЦ №3 ИК-9,"Новгородская область, п. Крестцы ул. Краснова д. 2"
УФИЦ-2,"г. Петрозаводск, проезд Строителей, д.30 б"
Исправительный центр № 1,"г. Емва, ул. Калинина, д.55 а"
УФИЦ № 3 ИК-14,"Краснодарский край, Северский район,  пгт. Ильский, улица Завода Утяжелитель, 45"
УФИЦ № 1 ИК-2,"Калмыкия, Целинный район, с. Троицкое, Северная промзона"
УФИЦ № 2 ИК-2,"г. Элиста, ул. Ленина, д. 329"
Исправительный центр № 1,"г. Майкоп, ул. Кожевенная,11"
УФИЦ № 5 ИК-14,"Краснодарский край, Славянский район, пос. Вишневый, ул. Парковая д. 1"
УФИЦ ИК-6,"Краснодарский край, Выселковский район,  ст. Новомалороссийская, ул. Степная, д. 2"
УФИЦ № 1 ИК-14,"г. Славянск-на Кубани, ул. Донская 3 «а»"
УФИЦ № 3 ИК-2,"г.Элиста, Северная промышленная зона-2, д.172"
Исправительный центр № 1,"г. Волгоград, ул.им. Землячки, 14"
УФИЦ №2 ИК-4,"Краснодарский край, Успенский район, п. Мичуринский, ул. Садовая, 22"
УФИЦ №1 ИК-4,"г. Армавир, ул. Володарского 1а"
Исправительный центр № 2,"г. Волгоград, ул.им. Бахтурова, 6"
УФИЦ ИК-2,"Краснодарский край, Усть-Лабинский район, ст. Воронежская, ул. Крайняя 1"
УФИЦ №1 ИК-1,"г. Симферополь, пер. Элеваторный, 5"
УФИЦ № 2 ИК-14,"г. Краснодар, Восточная промышленная зона, ул. Тихорецкая, 20/1"
УФИЦ №4 ИК-14,"г. Краснодар, Западный обход, 2-ое отделение АФ «Солнечная», 7/4"
УФИЦ № 2 ИК-1,"Крым и Севастополь, пгт. Красногвардейское, ул. Строителей, д. 13"
СИЗО-2 Симферополь,"г. Симферополь, пер. Элеваторный, 4"
УФИЦ № 3 ИК-1,"Крым и Севастополь, Джанкойский район, с. Яркое, ул. Ленина, д. 12"
УФИЦ № 1 ИК-9,"г. Старая Русса, ул. Клубная д. 3"
УФИЦ № 2 ИК-9,"Новгородская область, п. Парфино, ул. Кирова д. 52/71"
Исправительный центр № 2,"г. Петрозаводск, ул.Жуковского, д.32 б"
УФИЦ ИК-25,"г. Сыктывкар, ул. 1-промышленная, д. 15"
УФИЦ №3 ИК-9,"Новгородская область, п. Крестцы ул. Краснова д. 2"
УФИЦ-2,"г. Петрозаводск, проезд Строителей, д.30 б"
Исправительный центр № 1,"г. Емва, ул. Калинина, д.55 а"
УФИЦ № 3 ИК-14,"Краснодарский край, Северский район,  пгт. Ильский, улица Завода Утяжелитель, 45"
УФИЦ № 1 ИК-2,"Калмыкия, Целинный район, с. Троицкое, Северная промзона"
УФИЦ № 2 ИК-2,"г. Элиста, ул. Ленина, д. 329"
Исправительный центр № 1,"г. Майкоп, ул. Кожевенная,11"
УФИЦ № 5 ИК-14,"Краснодарский край, Славянский район, пос. Вишневый, ул. Парковая д. 1"
УФИЦ ИК-6,"Краснодарский край, Выселковский район,  ст. Новомалороссийская, ул. Степная, д. 2"
УФИЦ № 1 ИК-14,"г. Славянск-на Кубани, ул. Донская 3 «а»"
УФИЦ № 3 ИК-2,"г.Элиста, Северная промышленная зона-2, д.172"
Исправительный центр № 1,"г. Волгоград, ул.им. Землячки, 14"
УФИЦ №2 ИК-4,"Краснодарский край, Успенский район, п. Мичуринский, ул. Садовая, 22"
УФИЦ №1 ИК-4,"г. Армавир, ул. Володарского 1а"
Исправительный центр № 2,"г. Волгоград, ул.им. Бахтурова, 6"
УФИЦ ИК-2,"Краснодарский край, Усть-Лабинский район, ст. Воронежская, ул. Крайняя 1"
УФИЦ №1 ИК-1,"г. Симферополь, пер. Элеваторный, 5"
УФИЦ № 2 ИК-14,"г. Краснодар, Восточная промышленная зона, ул. Тихорецкая, 20/1"
УФИЦ №4 ИК-14,"г. Краснодар, Западный обход, 2-ое отделение АФ «Солнечная», 7/4"
УФИЦ № 2 ИК-1,"Крым и Севастополь, пгт. Красногвардейское, ул. Строителей, д. 13"
СИЗО-2 Симферополь,"г. Симферополь, пер. Элеваторный, 4"
УФИЦ № 3 ИК-1,"Крым и Севастополь, Джанкойский район, с. Яркое, ул. Ленина, д. 12"
УФИЦ № 1 ИК-9,"г. Старая Русса, ул. Клубная д. 3"
УФИЦ № 2 ИК-9,"Новгородская область, п. Парфино, ул. Кирова д. 52/71"
Исправительный центр № 2,"г. Петрозаводск, ул.Жуковского, д.32 б"
УФИЦ ИК-25,"г. Сыктывкар, ул. 1-промышленная, д. 15"
УФИЦ №3 ИК-9,"Новгородская область, п. Крестцы ул. Краснова д. 2"
УФИЦ-2,"г. Петрозаводск, проезд Строителей, д.30 б"
Исправительный центр № 1,"г. Емва, ул. Калинина, д.55 а"
УФИЦ № 3 ИК-14,"Краснодарский край, Северский район,  пгт. Ильский, улица Завода Утяжелитель, 45"
УФИЦ № 1 ИК-2,"Калмыкия, Целинный район, с. Троицкое, Северная промзона"
УФИЦ № 2 ИК-2,"г. Элиста, ул. Ленина, д. 329"
Исправительный центр № 1,"г. Майкоп, ул. Кожевенная,11"
УФИЦ № 5 ИК-14,"Краснодарский край, Славянский район, пос. Вишневый, ул. Парковая д. 1"
УФИЦ ИК-6,"Краснодарский край, Выселковский район,  ст. Новомалороссийская, ул. Степная, д. 2"
УФИЦ № 1 ИК-14,"г. Славянск-на Кубани, ул. Донская 3 «а»"
УФИЦ № 3 ИК-2,"г.Элиста, Северная промышленная зона-2, д.172"
Исправительный центр № 1,"г. Волгоград, ул.им. Землячки, 14"
УФИЦ №2 ИК-4,"Краснодарский край, Успенский район, п. Мичуринский, ул. Садовая, 22"
УФИЦ №1 ИК-4,"г. Армавир, ул. Володарского 1а"
Исправительный центр № 2,"г. Волгоград, ул.им. Бахтурова, 6"
УФИЦ ИК-2,"Краснодарский край, Усть-Лабинский район, ст. Воронежская, ул. Крайняя 1"
УФИЦ №1 ИК-1,"г. Симферополь, пер. Элеваторный, 5"
УФИЦ № 2 ИК-14,"г. Краснодар, Восточная промышленная зона, ул. Тихорецкая, 20/1"
УФИЦ №4 ИК-14,"г. Краснодар, Западный обход, 2-ое отделение АФ «Солнечная», 7/4"
УФИЦ № 2 ИК-1,"Крым и Севастополь, пгт. Красногвардейское, ул. Строителей, д. 13"
СИЗО-2 Симферополь,"г. Симферополь, пер. Элеваторный, 4"
УФИЦ № 3 ИК-1,"Крым и Севастополь, Джанкойский район, с. Яркое, ул. Ленина, д. 12"
УФИЦ № 1 ИК-9,"г. Старая Русса, ул. Клубная д. 3"
УФИЦ № 2 ИК-9,"Новгородская область, п. Парфино, ул. Кирова д. 52/71"
Исправительный центр № 2,"г. Петрозаводск, ул.Жуковского, д.32 б"
УФИЦ ИК-25,"г. Сыктывкар, ул. 1-промышленная, д. 15"
УФИЦ №3 ИК-9,"Новгородская область, п. Крестцы ул. Краснова д. 2"
УФИЦ-2,"г. Петрозаводск, проезд Строителей, д.30 б"
Исправительный центр № 1,"г. Емва, ул. Калинина, д.55 а"
УФИЦ № 3 ИК-14,"Краснодарский край, Северский район,  пгт. Ильский, улица Завода Утяжелитель, 45"
УФИЦ № 1 ИК-2,"Калмыкия, Целинный район, с. Троицкое, Северная промзона"
УФИЦ № 2 ИК-2,"г. Элиста, ул. Ленина, д. 329"
Исправительный центр № 1,"г. Майкоп, ул. Кожевенная,11"
УФИЦ № 5 ИК-14,"Краснодарский край, Славянский район, пос. Вишневый, ул. Парковая д. 1"
УФИЦ ИК-6,"Краснодарский край, Выселковский район,  ст. Новомалороссийская, ул. Степная, д. 2"
УФИЦ № 1 ИК-14,"г. Славянск-на Кубани, ул. Донская 3 «а»"
УФИЦ № 3 ИК-2,"г.Элиста, Северная промышленная зона-2, д.172"
Исправительный центр № 1,"г. Волгоград, ул.им. Землячки, 14"
УФИЦ №2 ИК-4,"Краснодарский край, Успенский район, п. Мичуринский, ул. Садовая, 22"
УФИЦ №1 ИК-4,"г. Армавир, ул. Володарского 1а"
Исправительный центр № 2,"г. Волгоград, ул.им. Бахтурова, 6"
УФИЦ ИК-2,"Краснодарский край, Усть-Лабинский район, ст. Воронежская, ул. Крайняя 1"
УФИЦ №1 ИК-1,"г. Симферополь, пер. Элеваторный, 5"
УФИЦ № 2 ИК-14,"г. Краснодар, Восточная промышленная зона, ул. Тихорецкая, 20/1"
УФИЦ №4 ИК-14,"г. Краснодар, Западный обход, 2-ое отделение АФ «Солнечная», 7/4"
УФИЦ № 2 ИК-1,"Крым и Севастополь, пгт. Красногвардейское, ул. Строителей, д. 13"
СИЗО-2 Симферополь,"г. Симферополь, пер. Элеваторный, 4"
УФИЦ № 3 ИК-1,"Крым и Севастополь, Джанкойский район, с. Яркое, ул. Ленина, д. 12"
УФИЦ № 1 ИК-9,"г. Старая Русса, ул. Клубная д. 3"
УФИЦ № 2 ИК-9,"Новгородская область, п. Парфино, ул. Кирова д. 52/71"
Исправительный центр № 2,"г. Петрозаводск, ул.Жуковского, д.32 б"
УФИЦ ИК-25,"г. Сыктывкар, ул. 1-промышленная, д. 15"
УФИЦ №3 ИК-9,"Новгородская область, п. Крестцы ул. Краснова д. 2"
УФИЦ-2,"г. Петрозаводск, проезд Строителей, д.30 б"
Исправительный центр № 1,"г. Емва, ул. Калинина, д.55 а"
УФИЦ № 3 ИК-14,"Краснодарский край, Северский район,  пгт. Ильский, улица Завода Утяжелитель, 45"
УФИЦ № 1 ИК-2,"Калмыкия, Целинный район, с. Троицкое, Северная промзона"
УФИЦ № 2 ИК-2,"г. Элиста, ул. Ленина, д. 329"
Исправительный центр № 1,"г. Майкоп, ул. Кожевенная,11"
УФИЦ № 5 ИК-14,"Краснодарский край, Славянский район, пос. Вишневый, ул. Парковая д. 1"
УФИЦ ИК-6,"Краснодарский край, Выселковский район,  ст. Новомалороссийская, ул. Степная, д. 2"
УФИЦ № 1 ИК-14,"г. Славянск-на Кубани, ул. Донская 3 «а»"
УФИЦ № 3 ИК-2,"г.Элиста, Северная промышленная зона-2, д.172"
Исправительный центр № 1,"г. Волгоград, ул.им. Землячки, 14"
УФИЦ №2 ИК-4,"Краснодарский край, Успенский район, п. Мичуринский, ул. Садовая, 22"
УФИЦ №1 ИК-4,"г. Армавир, ул. Володарского 1а"
Исправительный центр № 2,"г. Волгоград, ул.им. Бахтурова, 6"
УФИЦ ИК-2,"Краснодарский край, Усть-Лабинский район, ст. Воронежская, ул. Крайняя 1"
УФИЦ №1 ИК-1,"г. Симферополь, пер. Элеваторный, 5"
УФИЦ № 2 ИК-14,"г. Краснодар, Восточная промышленная зона, ул. Тихорецкая, 20/1"
УФИЦ №4 ИК-14,"г. Краснодар, Западный обход, 2-ое отделение АФ «Солнечная», 7/4"
УФИЦ № 2 ИК-1,"Крым и Севастополь, пгт. Красногвардейское, ул. Строителей, д. 13"
СИЗО-2 Симферополь,"г. Симферополь, пер. Элеваторный, 4"
УФИЦ № 3 ИК-1,"Крым и Севастополь, Джанкойский район, с. Яркое, ул. Ленина, д. 12"
УФИЦ № 1 ИК-9,"г. Старая Русса, ул. Клубная д. 3"
УФИЦ № 2 ИК-9,"Новгородская область, п. Парфино, ул. Кирова д. 52/71"
Исправительный центр № 2,"г. Петрозаводск, ул.Жуковского, д.32 б"
УФИЦ ИК-25,"г. Сыктывкар, ул. 1-промышленная, д. 15"
УФИЦ №3 ИК-9,"Новгородская область, п. Крестцы ул. Краснова д. 2"
УФИЦ-2,"г. Петрозаводск, проезд Строителей, д.30 б"
Исправительный центр № 1,"г. Емва, ул. Калинина, д.55 а"
УФИЦ № 3 ИК-14,"Краснодарский край, Северский район,  пгт. Ильский, улица Завода Утяжелитель, 45"
УФИЦ № 1 ИК-2,"Калмыкия, Целинный район, с. Троицкое, Северная промзона"
УФИЦ № 2 ИК-2,"г. Элиста, ул. Ленина, д. 329"
Исправительный центр № 1,"г. Майкоп, ул. Кожевенная,11"
УФИЦ № 5 ИК-14,"Краснодарский край, Славянский район, пос. Вишневый, ул. Парковая д. 1"
УФИЦ ИК-6,"Краснодарский край, Выселковский район,  ст. Новомалороссийская, ул. Степная, д. 2"
УФИЦ № 1 ИК-14,"г. Славянск-на Кубани, ул. Донская 3 «а»"
УФИЦ № 3 ИК-2,"г.Элиста, Северная промышленная зона-2, д.172"
Исправительный центр № 1,"г. Волгоград, ул.им. Землячки, 14"
УФИЦ №2 ИК-4,"Краснодарский край, Успенский район, п. Мичуринский, ул. Садовая, 22"
УФИЦ №1 ИК-4,"г. Армавир, ул. Володарского 1а"
Исправительный центр № 2,"г. Волгоград, ул.им. Бахтурова, 6"
УФИЦ ИК-2,"Краснодарский край, Усть-Лабинский район, ст. Воронежская, ул. Крайняя 1"
УФИЦ №1 ИК-1,"г. Симферополь, пер. Элеваторный, 5"
УФИЦ № 2 ИК-14,"г. Краснодар, Восточная промышленная зона, ул. Тихорецкая, 20/1"
УФИЦ №4 ИК-14,"г. Краснодар, Западный обход, 2-ое отделение АФ «Солнечная», 7/4"
УФИЦ № 2 ИК-1,"Крым и Севастополь, пгт. Красногвардейское, ул. Строителей, д. 13"
СИЗО-2 Симферополь,"г. Симферополь, пер. Элеваторный, 4"
УФИЦ № 3 ИК-1,"Крым и Севастополь, Джанкойский район, с. Яркое, ул. Ленина, д. 12"
УФИЦ № 1 ИК-9,"г. Старая Русса, ул. Клубная д. 3"
УФИЦ № 2 ИК-9,"Новгородская область, п. Парфино, ул. Кирова д. 52/71"
Исправительный центр № 2,"г. Петрозаводск, ул.Жуковского, д.32 б"
УФИЦ ИК-25,"г. Сыктывкар, ул. 1-промышленная, д. 15"
УФИЦ №3 ИК-9,"Новгородская область, п. Крестцы ул. Краснова д. 2"
УФИЦ-2,"г. Петрозаводск, проезд Строителей, д.30 б"
Исправительный центр № 1,"г. Емва, ул. Калинина, д.55 а"
УФИЦ № 3 ИК-14,"Краснодарский край, Северский район,  пгт. Ильский, улица Завода Утяжелитель, 45"
УФИЦ № 1 ИК-2,"Калмыкия, Целинный район, с. Троицкое, Северная промзона"
УФИЦ № 2 ИК-2,"г. Элиста, ул. Ленина, д. 329"
Исправительный центр № 1,"г. Майкоп, ул. Кожевенная,11"
УФИЦ № 5 ИК-14,"Краснодарский край, Славянский район, пос. Вишневый, ул. Парковая д. 1"
УФИЦ ИК-6,"Краснодарский край, Выселковский район,  ст. Новомалороссийская, ул. Степная, д. 2"
УФИЦ № 1 ИК-14,"г. Славянск-на Кубани, ул. Донская 3 «а»"
УФИЦ № 3 ИК-2,"г.Элиста, Северная промышленная зона-2, д.172"
Исправительный центр № 1,"г. Волгоград, ул.им. Землячки, 14"
УФИЦ №2 ИК-4,"Краснодарский край, Успенский район, п. Мичуринский, ул. Садовая, 22"
УФИЦ №1 ИК-4,"г. Армавир, ул. Володарского 1а"
Исправительный центр № 2,"г. Волгоград, ул.им. Бахтурова, 6"
УФИЦ ИК-2,"Краснодарский край, Усть-Лабинский район, ст. Воронежская, ул. Крайняя 1"
УФИЦ №1 ИК-1,"г. Симферополь, пер. Элеваторный, 5"
УФИЦ № 2 ИК-14,"г. Краснодар, Восточная промышленная зона, ул. Тихорецкая, 20/1"
УФИЦ №4 ИК-14,"г. Краснодар, Западный обход, 2-ое отделение АФ «Солнечная», 7/4"
УФИЦ № 2 ИК-1,"Крым и Севастополь, пгт. Красногвардейское, ул. Строителей, д. 13"
СИЗО-2 Симферополь,"г. Симферополь, пер. Элеваторный, 4"
УФИЦ № 3 ИК-1,"Крым и Севастополь, Джанкойский район, с. Яркое, ул. Ленина, д. 12"
УФИЦ № 1 ИК-9,"г. Старая Русса, ул. Клубная д. 3"
УФИЦ № 2 ИК-9,"Новгородская область, п. Парфино, ул. Кирова д. 52/71"
Исправительный центр № 2,"г. Петрозаводск, ул.Жуковского, д.32 б"
УФИЦ ИК-25,"г. Сыктывкар, ул. 1-промышленная, д. 15"
УФИЦ №3 ИК-9,"Новгородская область, п. Крестцы ул. Краснова д. 2"
УФИЦ-2,"г. Петрозаводск, проезд Строителей, д.30 б"
Исправительный центр № 1,"г. Емва, ул. Калинина, д.55 а"
УФИЦ № 3 ИК-14,"Краснодарский край, Северский район,  пгт. Ильский, улица Завода Утяжелитель, 45"
УФИЦ № 1 ИК-2,"Калмыкия, Целинный район, с. Троицкое, Северная промзона"
УФИЦ № 2 ИК-2,"г. Элиста, ул. Ленина, д. 329"
Исправительный центр № 1,"г. Майкоп, ул. Кожевенная,11"
УФИЦ № 5 ИК-14,"Краснодарский край, Славянский район, пос. Вишневый, ул. Парковая д. 1"
УФИЦ ИК-6,"Краснодарский край, Выселковский район,  ст. Новомалороссийская, ул. Степная, д. 2"
УФИЦ № 1 ИК-14,"г. Славянск-на Кубани, ул. Донская 3 «а»"
УФИЦ № 3 ИК-2,"г.Элиста, Северная промышленная зона-2, д.172"
Исправительный центр № 1,"г. Волгоград, ул.им. Землячки, 14"
УФИЦ №2 ИК-4,"Краснодарский край, Успенский район, п. Мичуринский, ул. Садовая, 22"
УФИЦ №1 ИК-4,"г. Армавир, ул. Володарского 1а"
Исправительный центр № 2,"г. Волгоград, ул.им. Бахтурова, 6"
УФИЦ ИК-2,"Краснодарский край, Усть-Лабинский район, ст. Воронежская, ул. Крайняя 1"
УФИЦ №1 ИК-1,"г. Симферополь, пер. Элеваторный, 5"
УФИЦ № 2 ИК-14,"г. Краснодар, Восточная промышленная зона, ул. Тихорецкая, 20/1"
УФИЦ №4 ИК-14,"г. Краснодар, Западный обход, 2-ое отделение АФ «Солнечная», 7/4"
УФИЦ № 2 ИК-1,"Крым и Севастополь, пгт. Красногвардейское, ул. Строителей, д. 13"
СИЗО-2 Симферополь,"г. Симферополь, пер. Элеваторный, 4"
УФИЦ № 3 ИК-1,"Крым и Севастополь, Джанкойский район, с. Яркое, ул. Ленина, д. 12"
УФИЦ № 1 ИК-9,"г. Старая Русса, ул. Клубная д. 3"
УФИЦ № 2 ИК-9,"Новгородская область, п. Парфино, ул. Кирова д. 52/71"
Исправительный центр № 2,"г. Петрозаводск, ул.Жуковского, д.32 б"
УФИЦ ИК-25,"г. Сыктывкар, ул. 1-промышленная, д. 15"
УФИЦ №3 ИК-9,"Новгородская область, п. Крестцы ул. Краснова д. 2"
УФИЦ-2,"г. Петрозаводск, проезд Строителей, д.30 б"
Исправительный центр № 1,"г. Емва, ул. Калинина, д.55 а"
УФИЦ № 3 ИК-14,"Краснодарский край, Северский район,  пгт. Ильский, улица Завода Утяжелитель, 45"
УФИЦ № 1 ИК-2,"Калмыкия, Целинный район, с. Троицкое, Северная промзона"
УФИЦ № 2 ИК-2,"г. Элиста, ул. Ленина, д. 329"
Исправительный центр № 1,"г. Майкоп, ул. Кожевенная,11"
УФИЦ № 5 ИК-14,"Краснодарский край, Славянский район, пос. Вишневый, ул. Парковая д. 1"
УФИЦ ИК-6,"Краснодарский край, Выселковский район,  ст. Новомалороссийская, ул. Степная, д. 2"
УФИЦ № 1 ИК-14,"г. Славянск-на Кубани, ул. Донская 3 «а»"
УФИЦ № 3 ИК-2,"г.Элиста, Северная промышленная зона-2, д.172"
Исправительный центр № 1,"г. Волгоград, ул.им. Землячки, 14"
УФИЦ №2 ИК-4,"Краснодарский край, Успенский район, п. Мичуринский, ул. Садовая, 22"
УФИЦ №1 ИК-4,"г. Армавир, ул. Володарского 1а"
Исправительный центр № 2,"г. Волгоград, ул.им. Бахтурова, 6"
УФИЦ ИК-2,"Краснодарский край, Усть-Лабинский район, ст. Воронежская, ул. Крайняя 1"
УФИЦ №1 ИК-1,"г. Симферополь, пер. Элеваторный, 5"
УФИЦ № 2 ИК-14,"г. Краснодар, Восточная промышленная зона, ул. Тихорецкая, 20/1"
УФИЦ №4 ИК-14,"г. Краснодар, Западный обход, 2-ое отделение АФ «Солнечная», 7/4"
УФИЦ № 2 ИК-1,"Крым и Севастополь, пгт. Красногвардейское, ул. Строителей, д. 13"
СИЗО-2 Симферополь,"г. Симферополь, пер. Элеваторный, 4"
УФИЦ № 3 ИК-1,"Крым и Севастополь, Джанкойский район, с. Яркое, ул. Ленина, д. 12"
УФИЦ № 1 ИК-9,"г. Старая Русса, ул. Клубная д. 3"
УФИЦ № 2 ИК-9,"Новгородская область, п. Парфино, ул. Кирова д. 52/71"
Исправительный центр № 2,"г. Петрозаводск, ул.Жуковского, д.32 б"
УФИЦ ИК-25,"г. Сыктывкар, ул. 1-промышленная, д. 15"
УФИЦ №3 ИК-9,"Новгородская область, п. Крестцы ул. Краснова д. 2"
УФИЦ-2,"г. Петрозаводск, проезд Строителей, д.30 б"
Исправительный центр № 1,"г. Емва, ул. Калинина, д.55 а"
УФИЦ № 3 ИК-14,"Краснодарский край, Северский район,  пгт. Ильский, улица Завода Утяжелитель, 45"
УФИЦ № 1 ИК-2,"Калмыкия, Целинный район, с. Троицкое, Северная промзона"
УФИЦ № 2 ИК-2,"г. Элиста, ул. Ленина, д. 329"
Исправительный центр № 1,"г. Майкоп, ул. Кожевенная,11"
УФИЦ № 5 ИК-14,"Краснодарский край, Славянский район, пос. Вишневый, ул. Парковая д. 1"
УФИЦ ИК-6,"Краснодарский край, Выселковский район,  ст. Новомалороссийская, ул. Степная, д. 2"
УФИЦ № 1 ИК-14,"г. Славянск-на Кубани, ул. Донская 3 «а»"
УФИЦ № 3 ИК-2,"г.Элиста, Северная промышленная зона-2, д.172"
Исправительный центр № 1,"г. Волгоград, ул.им. Землячки, 14"
УФИЦ №2 ИК-4,"Краснодарский край, Успенский район, п. Мичуринский, ул. Садовая, 22"
УФИЦ №1 ИК-4,"г. Армавир, ул. Володарского 1а"
Исправительный центр № 2,"г. Волгоград, ул.им. Бахтурова, 6"
УФИЦ ИК-2,"Краснодарский край, Усть-Лабинский район, ст. Воронежская, ул. Крайняя 1"
УФИЦ №1 ИК-1,"г. Симферополь, пер. Элеваторный, 5"
УФИЦ № 2 ИК-14,"г. Краснодар, Восточная промышленная зона, ул. Тихорецкая, 20/1"
УФИЦ №4 ИК-14,"г. Краснодар, Западный обход, 2-ое отделение АФ «Солнечная», 7/4"
УФИЦ № 2 ИК-1,"Крым и Севастополь, пгт. Красногвардейское, ул. Строителей, д. 13"
СИЗО-2 Симферополь,"г. Симферополь, пер. Элеваторный, 4"
УФИЦ № 3 ИК-1,"Крым и Севастополь, Джанкойский район, с. Яркое, ул. Ленина, д. 12"
УФИЦ № 1 ИК-9,"г. Старая Русса, ул. Клубная д. 3"
УФИЦ № 2 ИК-9,"Новгородская область, п. Парфино, ул. Кирова д. 52/71"
Исправительный центр № 2,"г. Петрозаводск, ул.Жуковского, д.32 б"
УФИЦ ИК-25,"г. Сыктывкар, ул. 1-промышленная, д. 15"
УФИЦ №3 ИК-9,"Новгородская область, п. Крестцы ул. Краснова д. 2"
УФИЦ-2,"г. Петрозаводск, проезд Строителей, д.30 б"
Исправительный центр № 1,"г. Емва, ул. Калинина, д.55 а"
УФИЦ № 3 ИК-14,"Краснодарский край, Северский район,  пгт. Ильский, улица Завода Утяжелитель, 45"
УФИЦ № 1 ИК-2,"Калмыкия, Целинный район, с. Троицкое, Северная промзона"
УФИЦ № 2 ИК-2,"г. Элиста, ул. Ленина, д. 329"
Исправительный центр № 1,"г. Майкоп, ул. Кожевенная,11"
УФИЦ № 5 ИК-14,"Краснодарский край, Славянский район, пос. Вишневый, ул. Парковая д. 1"
УФИЦ ИК-6,"Краснодарский край, Выселковский район,  ст. Новомалороссийская, ул. Степная, д. 2"
УФИЦ № 1 ИК-14,"г. Славянск-на Кубани, ул. Донская 3 «а»"
УФИЦ № 3 ИК-2,"г.Элиста, Северная промышленная зона-2, д.172"
Исправительный центр № 1,"г. Волгоград, ул.им. Землячки, 14"
УФИЦ №2 ИК-4,"Краснодарский край, Успенский район, п. Мичуринский, ул. Садовая, 22"
УФИЦ №1 ИК-4,"г. Армавир, ул. Володарского 1а"
Исправительный центр № 2,"г. Волгоград, ул.им. Бахтурова, 6"
УФИЦ ИК-2,"Краснодарский край, Усть-Лабинский район, ст. Воронежская, ул. Крайняя 1"
УФИЦ №1 ИК-1,"г. Симферополь, пер. Элеваторный, 5"
УФИЦ № 2 ИК-14,"г. Краснодар, Восточная промышленная зона, ул. Тихорецкая, 20/1"
УФИЦ №4 ИК-14,"г. Краснодар, Западный обход, 2-ое отделение АФ «Солнечная», 7/4"
УФИЦ № 2 ИК-1,"Крым и Севастополь, пгт. Красногвардейское, ул. Строителей, д. 13"
СИЗО-2 Симферополь,"г. Симферополь, пер. Элеваторный, 4"
УФИЦ № 3 ИК-1,"Крым и Севастополь, Джанкойский район, с. Яркое, ул. Ленина, д. 12"
УФИЦ № 1 ИК-9,"г. Старая Русса, ул. Клубная д. 3"
УФИЦ № 2 ИК-9,"Новгородская область, п. Парфино, ул. Кирова д. 52/71"
Исправительный центр № 2,"г. Петрозаводск, ул.Жуковского, д.32 б"
УФИЦ ИК-25,"г. Сыктывкар, ул. 1-промышленная, д. 15"
УФИЦ №3 ИК-9,"Новгородская область, п. Крестцы ул. Краснова д. 2"
УФИЦ-2,"г. Петрозаводск, проезд Строителей, д.30 б"
Исправительный центр № 1,"г. Емва, ул. Калинина, д.55 а"
УФИЦ № 3 ИК-14,"Краснодарский край, Северский район,  пгт. Ильский, улица Завода Утяжелитель, 45"
УФИЦ № 1 ИК-2,"Калмыкия, Целинный район, с. Троицкое, Северная промзона"
УФИЦ № 2 ИК-2,"г. Элиста, ул. Ленина, д. 329"
Исправительный центр № 1,"г. Майкоп, ул. Кожевенная,11"
УФИЦ № 5 ИК-14,"Краснодарский край, Славянский район, пос. Вишневый, ул. Парковая д. 1"
УФИЦ ИК-6,"Краснодарский край, Выселковский район,  ст. Новомалороссийская, ул. Степная, д. 2"
УФИЦ № 1 ИК-14,"г. Славянск-на Кубани, ул. Донская 3 «а»"
УФИЦ № 3 ИК-2,"г.Элиста, Северная промышленная зона-2, д.172"
Исправительный центр № 1,"г. Волгоград, ул.им. Землячки, 14"
УФИЦ №2 ИК-4,"Краснодарский край, Успенский район, п. Мичуринский, ул. Садовая, 22"
УФИЦ №1 ИК-4,"г. Армавир, ул. Володарского 1а"
Исправительный центр № 2,"г. Волгоград, ул.им. Бахтурова, 6"
УФИЦ ИК-2,"Краснодарский край, Усть-Лабинский район, ст. Воронежская, ул. Крайняя 1"
УФИЦ №1 ИК-1,"г. Симферополь, пер. Элеваторный, 5"
УФИЦ № 2 ИК-14,"г. Краснодар, Восточная промышленная зона, ул. Тихорецкая, 20/1"
УФИЦ №4 ИК-14,"г. Краснодар, Западный обход, 2-ое отделение АФ «Солнечная», 7/4"
УФИЦ № 2 ИК-1,"Крым и Севастополь, пгт. Красногвардейское, ул. Строителей, д. 13"
СИЗО-2 Симферополь,"г. Симферополь, пер. Элеваторный, 4"
УФИЦ № 3 ИК-1,"Крым и Севастополь, Джанкойский район, с. Яркое, ул. Ленина, д. 12"
УФИЦ № 1 ИК-9,"г. Старая Русса, ул. Клубная д. 3"
УФИЦ № 2 ИК-9,"Новгородская область, п. Парфино, ул. Кирова д. 52/71"
Исправительный центр № 2,"г. Петрозаводск, ул.Жуковского, д.32 б"
УФИЦ ИК-25,"г. Сыктывкар, ул. 1-промышленная, д. 15"
УФИЦ №3 ИК-9,"Новгородская область, п. Крестцы ул. Краснова д. 2"
УФИЦ-2,"г. Петрозаводск, проезд Строителей, д.30 б"
Исправительный центр № 1,"г. Емва, ул. Калинина, д.55 а"
УФИЦ № 3 ИК-14,"Краснодарский край, Северский район,  пгт. Ильский, улица Завода Утяжелитель, 45"
УФИЦ № 1 ИК-2,"Калмыкия, Целинный район, с. Троицкое, Северная промзона"
УФИЦ № 2 ИК-2,"г. Элиста, ул. Ленина, д. 329"
Исправительный центр № 1,"г. Майкоп, ул. Кожевенная,11"
УФИЦ № 5 ИК-14,"Краснодарский край, Славянский район, пос. Вишневый, ул. Парковая д. 1"
УФИЦ ИК-6,"Краснодарский край, Выселковский район,  ст. Новомалороссийская, ул. Степная, д. 2"
УФИЦ № 1 ИК-14,"г. Славянск-на Кубани, ул. Донская 3 «а»"
УФИЦ № 3 ИК-2,"г.Элиста, Северная промышленная зона-2, д.172"
Исправительный центр № 1,"г. Волгоград, ул.им. Землячки, 14"
УФИЦ №2 ИК-4,"Краснодарский край, Успенский район, п. Мичуринский, ул. Садовая, 22"
УФИЦ №1 ИК-4,"г. Армавир, ул. Володарского 1а"
Исправительный центр № 2,"г. Волгоград, ул.им. Бахтурова, 6"
УФИЦ ИК-2,"Краснодарский край, Усть-Лабинский район, ст. Воронежская, ул. Крайняя 1"
УФИЦ №1 ИК-1,"г. Симферополь, пер. Элеваторный, 5"
УФИЦ № 2 ИК-14,"г. Краснодар, Восточная промышленная зона, ул. Тихорецкая, 20/1"
УФИЦ №4 ИК-14,"г. Краснодар, Западный обход, 2-ое отделение АФ «Солнечная», 7/4"
УФИЦ № 2 ИК-1,"Крым и Севастополь, пгт. Красногвардейское, ул. Строителей, д. 13"
СИЗО-2 Симферополь,"г. Симферополь, пер. Элеваторный, 4"
УФИЦ № 3 ИК-1,"Крым и Севастополь, Джанкойский район, с. Яркое, ул. Ленина, д. 12"
УФИЦ № 1 ИК-9,"г. Старая Русса, ул. Клубная д. 3"
УФИЦ № 2 ИК-9,"Новгородская область, п. Парфино, ул. Кирова д. 52/71"
Исправительный центр № 2,"г. Петрозаводск, ул.Жуковского, д.32 б"
УФИЦ ИК-25,"г. Сыктывкар, ул. 1-промышленная, д. 15"
УФИЦ №3 ИК-9,"Новгородская область, п. Крестцы ул. Краснова д. 2"
УФИЦ-2,"г. Петрозаводск, проезд Строителей, д.30 б"
Исправительный центр № 1,"г. Емва, ул. Калинина, д.55 а"
УФИЦ № 3 ИК-14,"Краснодарский край, Северский район,  пгт. Ильский, улица Завода Утяжелитель, 45"
УФИЦ № 1 ИК-2,"Калмыкия, Целинный район, с. Троицкое, Северная промзона"
УФИЦ № 2 ИК-2,"г. Элиста, ул. Ленина, д. 329"
Исправительный центр № 1,"г. Майкоп, ул. Кожевенная,11"
УФИЦ № 5 ИК-14,"Краснодарский край, Славянский район, пос. Вишневый, ул. Парковая д. 1"
УФИЦ ИК-6,"Краснодарский край, Выселковский район,  ст. Новомалороссийская, ул. Степная, д. 2"
УФИЦ № 1 ИК-14,"г. Славянск-на Кубани, ул. Донская 3 «а»"
УФИЦ № 3 ИК-2,"г.Элиста, Северная промышленная зона-2, д.172"
Исправительный центр № 1,"г. Волгоград, ул.им. Землячки, 14"
УФИЦ №2 ИК-4,"Краснодарский край, Успенский район, п. Мичуринский, ул. Садовая, 22"
УФИЦ №1 ИК-4,"г. Армавир, ул. Володарского 1а"
Исправительный центр № 2,"г. Волгоград, ул.им. Бахтурова, 6"
УФИЦ ИК-2,"Краснодарский край, Усть-Лабинский район, ст. Воронежская, ул. Крайняя 1"
УФИЦ №1 ИК-1,"г. Симферополь, пер. Элеваторный, 5"
УФИЦ № 2 ИК-14,"г. Краснодар, Восточная промышленная зона, ул. Тихорецкая, 20/1"
УФИЦ №4 ИК-14,"г. Краснодар, Западный обход, 2-ое отделение АФ «Солнечная», 7/4"
УФИЦ № 2 ИК-1,"Крым и Севастополь, пгт. Красногвардейское, ул. Строителей, д. 13"
СИЗО-2 Симферополь,"г. Симферополь, пер. Элеваторный, 4"
УФИЦ № 3 ИК-1,"Крым и Севастополь, Джанкойский район, с. Яркое, ул. Ленина, д. 12"
УФИЦ № 1 ИК-9,"г. Старая Русса, ул. Клубная д. 3"
УФИЦ № 2 ИК-9,"Новгородская область, п. Парфино, ул. Кирова д. 52/71"
Исправительный центр № 2,"г. Петрозаводск, ул.Жуковского, д.32 б"
УФИЦ ИК-25,"г. Сыктывкар, ул. 1-промышленная, д. 15"
УФИЦ №3 ИК-9,"Новгородская область, п. Крестцы ул. Краснова д. 2"
УФИЦ-2,"г. Петрозаводск, проезд Строителей, д.30 б"
Исправительный центр № 1,"г. Емва, ул. Калинина, д.55 а"
УФИЦ № 3 ИК-14,"Краснодарский край, Северский район,  пгт. Ильский, улица Завода Утяжелитель, 45"
УФИЦ № 1 ИК-2,"Калмыкия, Целинный район, с. Троицкое, Северная промзона"
УФИЦ № 2 ИК-2,"г. Элиста, ул. Ленина, д. 329"
Исправительный центр № 1,"г. Майкоп, ул. Кожевенная,11"
УФИЦ № 5 ИК-14,"Краснодарский край, Славянский район, пос. Вишневый, ул. Парковая д. 1"
УФИЦ ИК-6,"Краснодарский край, Выселковский район,  ст. Новомалороссийская, ул. Степная, д. 2"
УФИЦ № 1 ИК-14,"г. Славянск-на Кубани, ул. Донская 3 «а»"
УФИЦ № 3 ИК-2,"г.Элиста, Северная промышленная зона-2, д.172"
Исправительный центр № 1,"г. Волгоград, ул.им. Землячки, 14"
УФИЦ №2 ИК-4,"Краснодарский край, Успенский район, п. Мичуринский, ул. Садовая, 22"
УФИЦ №1 ИК-4,"г. Армавир, ул. Володарского 1а"
Исправительный центр № 2,"г. Волгоград, ул.им. Бахтурова, 6"
УФИЦ ИК-2,"Краснодарский край, Усть-Лабинский район, ст. Воронежская, ул. Крайняя 1"
УФИЦ №1 ИК-1,"г. Симферополь, пер. Элеваторный, 5"
УФИЦ № 2 ИК-14,"г. Краснодар, Восточная промышленная зона, ул. Тихорецкая, 20/1"
УФИЦ №4 ИК-14,"г. Краснодар, Западный обход, 2-ое отделение АФ «Солнечная», 7/4"
УФИЦ № 2 ИК-1,"Крым и Севастополь, пгт. Красногвардейское, ул. Строителей, д. 13"
СИЗО-2 Симферополь,"г. Симферополь, пер. Элеваторный, 4"
УФИЦ № 3 ИК-1,"Крым и Севастополь, Джанкойский район, с. Яркое, ул. Ленина, д. 12"
УФИЦ № 1 ИК-9,"г. Старая Русса, ул. Клубная д. 3"
УФИЦ № 2 ИК-9,"Новгородская область, п. Парфино, ул. Кирова д. 52/71"
Исправительный центр № 2,"г. Петрозаводск, ул.Жуковского, д.32 б"
УФИЦ ИК-25,"г. Сыктывкар, ул. 1-промышленная, д. 15"
УФИЦ №3 ИК-9,"Новгородская область, п. Крестцы ул. Краснова д. 2"
УФИЦ-2,"г. Петрозаводск, проезд Строителей, д.30 б"
Исправительный центр № 1,"г. Емва, ул. Калинина, д.55 а"
УФИЦ № 3 ИК-14,"Краснодарский край, Северский район,  пгт. Ильский, улица Завода Утяжелитель, 45"
УФИЦ № 1 ИК-2,"Калмыкия, Целинный район, с. Троицкое, Северная промзона"
УФИЦ № 2 ИК-2,"г. Элиста, ул. Ленина, д. 329"
Исправительный центр № 1,"г. Майкоп, ул. Кожевенная,11"
УФИЦ № 5 ИК-14,"Краснодарский край, Славянский район, пос. Вишневый, ул. Парковая д. 1"
УФИЦ ИК-6,"Краснодарский край, Выселковский район,  ст. Новомалороссийская, ул. Степная, д. 2"
УФИЦ № 1 ИК-14,"г. Славянск-на Кубани, ул. Донская 3 «а»"
УФИЦ № 3 ИК-2,"г.Элиста, Северная промышленная зона-2, д.172"
Исправительный центр № 1,"г. Волгоград, ул.им. Землячки, 14"
УФИЦ №2 ИК-4,"Краснодарский край, Успенский район, п. Мичуринский, ул. Садовая, 22"
УФИЦ №1 ИК-4,"г. Армавир, ул. Володарского 1а"
Исправительный центр № 2,"г. Волгоград, ул.им. Бахтурова, 6"
УФИЦ ИК-2,"Краснодарский край, Усть-Лабинский район, ст. Воронежская, ул. Крайняя 1"
УФИЦ №1 ИК-1,"г. Симферополь, пер. Элеваторный, 5"
УФИЦ № 2 ИК-14,"г. Краснодар, Восточная промышленная зона, ул. Тихорецкая, 20/1"
УФИЦ №4 ИК-14,"г. Краснодар, Западный обход, 2-ое отделение АФ «Солнечная», 7/4"
УФИЦ № 2 ИК-1,"Крым и Севастополь, пгт. Красногвардейское, ул. Строителей, д. 13"
СИЗО-2 Симферополь,"г. Симферополь, пер. Элеваторный, 4"
УФИЦ № 3 ИК-1,"Крым и Севастополь, Джанкойский район, с. Яркое, ул. Ленина, д. 12"
УФИЦ № 1 ИК-9,"г. Старая Русса, ул. Клубная д. 3"
УФИЦ № 2 ИК-9,"Новгородская область, п. Парфино, ул. Кирова д. 52/71"
Исправительный центр № 2,"г. Петрозаводск, ул.Жуковского, д.32 б"
УФИЦ ИК-25,"г. Сыктывкар, ул. 1-промышленная, д. 15"
УФИЦ №3 ИК-9,"Новгородская область, п. Крестцы ул. Краснова д. 2"
УФИЦ-2,"г. Петрозаводск, проезд Строителей, д.30 б"
Исправительный центр № 1,"г. Емва, ул. Калинина, д.55 а"
УФИЦ № 3 ИК-14,"Краснодарский край, Северский район,  пгт. Ильский, улица Завода Утяжелитель, 45"
УФИЦ № 1 ИК-2,"Калмыкия, Целинный район, с. Троицкое, Северная промзона"
УФИЦ № 2 ИК-2,"г. Элиста, ул. Ленина, д. 329"
Исправительный центр № 1,"г. Майкоп, ул. Кожевенная,11"
УФИЦ № 5 ИК-14,"Краснодарский край, Славянский район, пос. Вишневый, ул. Парковая д. 1"
УФИЦ ИК-6,"Краснодарский край, Выселковский район,  ст. Новомалороссийская, ул. Степная, д. 2"
УФИЦ № 1 ИК-14,"г. Славянск-на Кубани, ул. Донская 3 «а»"
УФИЦ № 3 ИК-2,"г.Элиста, Северная промышленная зона-2, д.172"
Исправительный центр № 1,"г. Волгоград, ул.им. Землячки, 14"
УФИЦ №2 ИК-4,"Краснодарский край, Успенский район, п. Мичуринский, ул. Садовая, 22"
УФИЦ №1 ИК-4,"г. Армавир, ул. Володарского 1а"
Исправительный центр № 2,"г. Волгоград, ул.им. Бахтурова, 6"
УФИЦ ИК-2,"Краснодарский край, Усть-Лабинский район, ст. Воронежская, ул. Крайняя 1"
УФИЦ №1 ИК-1,"г. Симферополь, пер. Элеваторный, 5"
УФИЦ № 2 ИК-14,"г. Краснодар, Восточная промышленная зона, ул. Тихорецкая, 20/1"
УФИЦ №4 ИК-14,"г. Краснодар, Западный обход, 2-ое отделение АФ «Солнечная», 7/4"
УФИЦ № 2 ИК-1,"Крым и Севастополь, пгт. Красногвардейское, ул. Строителей, д. 13"
СИЗО-2 Симферополь,"г. Симферополь, пер. Элеваторный, 4"
УФИЦ № 3 ИК-1,"Крым и Севастополь, Джанкойский район, с. Яркое, ул. Ленина, д. 12"
УФИЦ № 1 ИК-9,"г. Старая Русса, ул. Клубная д. 3"
УФИЦ № 2 ИК-9,"Новгородская область, п. Парфино, ул. Кирова д. 52/71"
Исправительный центр № 2,"г. Петрозаводск, ул.Жуковского, д.32 б"
УФИЦ ИК-25,"г. Сыктывкар, ул. 1-промышленная, д. 15"
УФИЦ №3 ИК-9,"Новгородская область, п. Крестцы ул. Краснова д. 2"
УФИЦ-2,"г. Петрозаводск, проезд Строителей, д.30 б"
Исправительный центр № 1,"г. Емва, ул. Калинина, д.55 а"
УФИЦ № 3 ИК-14,"Краснодарский край, Северский район,  пгт. Ильский, улица Завода Утяжелитель, 45"
УФИЦ № 1 ИК-2,"Калмыкия, Целинный район, с. Троицкое, Северная промзона"
УФИЦ № 2 ИК-2,"г. Элиста, ул. Ленина, д. 329"
Исправительный центр № 1,"г. Майкоп, ул. Кожевенная,11"
УФИЦ № 5 ИК-14,"Краснодарский край, Славянский район, пос. Вишневый, ул. Парковая д. 1"
УФИЦ ИК-6,"Краснодарский край, Выселковский район,  ст. Новомалороссийская, ул. Степная, д. 2"
УФИЦ № 1 ИК-14,"г. Славянск-на Кубани, ул. Донская 3 «а»"
УФИЦ № 3 ИК-2,"г.Элиста, Северная промышленная зона-2, д.172"
Исправительный центр № 1,"г. Волгоград, ул.им. Землячки, 14"
УФИЦ №2 ИК-4,"Краснодарский край, Успенский район, п. Мичуринский, ул. Садовая, 22"
УФИЦ №1 ИК-4,"г. Армавир, ул. Володарского 1а"
Исправительный центр № 2,"г. Волгоград, ул.им. Бахтурова, 6"
УФИЦ ИК-2,"Краснодарский край, Усть-Лабинский район, ст. Воронежская, ул. Крайняя 1"
УФИЦ №1 ИК-1,"г. Симферополь, пер. Элеваторный, 5"
УФИЦ № 2 ИК-14,"г. Краснодар, Восточная промышленная зона, ул. Тихорецкая, 20/1"
УФИЦ №4 ИК-14,"г. Краснодар, Западный обход, 2-ое отделение АФ «Солнечная», 7/4"
УФИЦ № 2 ИК-1,"Крым и Севастополь, пгт. Красногвардейское, ул. Строителей, д. 13"
СИЗО-2 Симферополь,"г. Симферополь, пер. Элеваторный, 4"
УФИЦ № 3 ИК-1,"Крым и Севастополь, Джанкойский район, с. Яркое, ул. Ленина, д. 12"
УФИЦ № 1 ИК-9,"г. Старая Русса, ул. Клубная д. 3"
УФИЦ № 2 ИК-9,"Новгородская область, п. Парфино, ул. Кирова д. 52/71"
Исправительный центр № 2,"г. Петрозаводск, ул.Жуковского, д.32 б"
УФИЦ ИК-25,"г. Сыктывкар, ул. 1-промышленная, д. 15"
УФИЦ №3 ИК-9,"Новгородская область, п. Крестцы ул. Краснова д. 2"
УФИЦ-2,"г. Петрозаводск, проезд Строителей, д.30 б"
Исправительный центр № 1,"г. Емва, ул. Калинина, д.55 а"
УФИЦ № 3 ИК-14,"Краснодарский край, Северский район,  пгт. Ильский, улица Завода Утяжелитель, 45"
УФИЦ № 1 ИК-2,"Калмыкия, Целинный район, с. Троицкое, Северная промзона"
УФИЦ № 2 ИК-2,"г. Элиста, ул. Ленина, д. 329"
Исправительный центр № 1,"г. Майкоп, ул. Кожевенная,11"
УФИЦ № 5 ИК-14,"Краснодарский край, Славянский район, пос. Вишневый, ул. Парковая д. 1"
УФИЦ ИК-6,"Краснодарский край, Выселковский район,  ст. Новомалороссийская, ул. Степная, д. 2"
УФИЦ № 1 ИК-14,"г. Славянск-на Кубани, ул. Донская 3 «а»"
УФИЦ № 3 ИК-2,"г.Элиста, Северная промышленная зона-2, д.172"
Исправительный центр № 1,"г. Волгоград, ул.им. Землячки, 14"
УФИЦ №2 ИК-4,"Краснодарский край, Успенский район, п. Мичуринский, ул. Садовая, 22"
УФИЦ №1 ИК-4,"г. Армавир, ул. Володарского 1а"
Исправительный центр № 2,"г. Волгоград, ул.им. Бахтурова, 6"
УФИЦ ИК-2,"Краснодарский край, Усть-Лабинский район, ст. Воронежская, ул. Крайняя 1"
УФИЦ №1 ИК-1,"г. Симферополь, пер. Элеваторный, 5"
УФИЦ № 2 ИК-14,"г. Краснодар, Восточная промышленная зона, ул. Тихорецкая, 20/1"
УФИЦ №4 ИК-14,"г. Краснодар, Западный обход, 2-ое отделение АФ «Солнечная», 7/4"
УФИЦ № 2 ИК-1,"Крым и Севастополь, пгт. Красногвардейское, ул. Строителей, д. 13"
СИЗО-2 Симферополь,"г. Симферополь, пер. Элеваторный, 4"
УФИЦ № 3 ИК-1,"Крым и Севастополь, Джанкойский район, с. Яркое, ул. Ленина, д. 12"
УФИЦ № 1 ИК-9,"г. Старая Русса, ул. Клубная д. 3"
УФИЦ № 2 ИК-9,"Новгородская область, п. Парфино, ул. Кирова д. 52/71"
Исправительный центр № 2,"г. Петрозаводск, ул.Жуковского, д.32 б"
УФИЦ ИК-25,"г. Сыктывкар, ул. 1-промышленная, д. 15"
УФИЦ №3 ИК-9,"Новгородская область, п. Крестцы ул. Краснова д. 2"
УФИЦ-2,"г. Петрозаводск, проезд Строителей, д.30 б"
Исправительный центр № 1,"г. Емва, ул. Калинина, д.55 а"
УФИЦ № 3 ИК-14,"Краснодарский край, Северский район,  пгт. Ильский, улица Завода Утяжелитель, 45"
УФИЦ № 1 ИК-2,"Калмыкия, Целинный район, с. Троицкое, Северная промзона"
УФИЦ № 2 ИК-2,"г. Элиста, ул. Ленина, д. 329"
Исправительный центр № 1,"г. Майкоп, ул. Кожевенная,11"
УФИЦ № 5 ИК-14,"Краснодарский край, Славянский район, пос. Вишневый, ул. Парковая д. 1"
УФИЦ ИК-6,"Краснодарский край, Выселковский район,  ст. Новомалороссийская, ул. Степная, д. 2"
УФИЦ № 1 ИК-14,"г. Славянск-на Кубани, ул. Донская 3 «а»"
УФИЦ № 3 ИК-2,"г.Элиста, Северная промышленная зона-2, д.172"
Исправительный центр № 1,"г. Волгоград, ул.им. Землячки, 14"
УФИЦ №2 ИК-4,"Краснодарский край, Успенский район, п. Мичуринский, ул. Садовая, 22"
УФИЦ №1 ИК-4,"г. Армавир, ул. Володарского 1а"
Исправительный центр № 2,"г. Волгоград, ул.им. Бахтурова, 6"
УФИЦ ИК-2,"Краснодарский край, Усть-Лабинский район, ст. Воронежская, ул. Крайняя 1"
УФИЦ №1 ИК-1,"г. Симферополь, пер. Элеваторный, 5"
УФИЦ № 2 ИК-14,"г. Краснодар, Восточная промышленная зона, ул. Тихорецкая, 20/1"
УФИЦ №4 ИК-14,"г. Краснодар, Западный обход, 2-ое отделение АФ «Солнечная», 7/4"
УФИЦ № 2 ИК-1,"Крым и Севастополь, пгт. Красногвардейское, ул. Строителей, д. 13"
СИЗО-2 Симферополь,"г. Симферополь, пер. Элеваторный, 4"
УФИЦ № 3 ИК-1,"Крым и Севастополь, Джанкойский район, с. Яркое, ул. Ленина, д. 12"
УФИЦ № 1 ИК-9,"г. Старая Русса, ул. Клубная д. 3"
УФИЦ № 2 ИК-9,"Новгородская область, п. Парфино, ул. Кирова д. 52/71"
Исправительный центр № 2,"г. Петрозаводск, ул.Жуковского, д.32 б"
УФИЦ ИК-25,"г. Сыктывкар, ул. 1-промышленная, д. 15"
УФИЦ №3 ИК-9,"Новгородская область, п. Крестцы ул. Краснова д. 2"
УФИЦ-2,"г. Петрозаводск, проезд Строителей, д.30 б"
Исправительный центр № 1,"г. Емва, ул. Калинина, д.55 а"
УФИЦ № 3 ИК-14,"Краснодарский край, Северский район,  пгт. Ильский, улица Завода Утяжелитель, 45"
УФИЦ № 1 ИК-2,"Калмыкия, Целинный район, с. Троицкое, Северная промзона"
УФИЦ № 2 ИК-2,"г. Элиста, ул. Ленина, д. 329"
Исправительный центр № 1,"г. Майкоп, ул. Кожевенная,11"
УФИЦ № 5 ИК-14,"Краснодарский край, Славянский район, пос. Вишневый, ул. Парковая д. 1"
УФИЦ ИК-6,"Краснодарский край, Выселковский район,  ст. Новомалороссийская, ул. Степная, д. 2"
УФИЦ № 1 ИК-14,"г. Славянск-на Кубани, ул. Донская 3 «а»"
УФИЦ № 3 ИК-2,"г.Элиста, Северная промышленная зона-2, д.172"
Исправительный центр № 1,"г. Волгоград, ул.им. Землячки, 14"
УФИЦ №2 ИК-4,"Краснодарский край, Успенский район, п. Мичуринский, ул. Садовая, 22"
УФИЦ №1 ИК-4,"г. Армавир, ул. Володарского 1а"
Исправительный центр № 2,"г. Волгоград, ул.им. Бахтурова, 6"
УФИЦ ИК-2,"Краснодарский край, Усть-Лабинский район, ст. Воронежская, ул. Крайняя 1"
УФИЦ №1 ИК-1,"г. Симферополь, пер. Элеваторный, 5"
УФИЦ № 2 ИК-14,"г. Краснодар, Восточная промышленная зона, ул. Тихорецкая, 20/1"
УФИЦ №4 ИК-14,"г. Краснодар, Западный обход, 2-ое отделение АФ «Солнечная», 7/4"
УФИЦ № 2 ИК-1,"Крым и Севастополь, пгт. Красногвардейское, ул. Строителей, д. 13"
СИЗО-2 Симферополь,"г. Симферополь, пер. Элеваторный, 4"
УФИЦ № 3 ИК-1,"Крым и Севастополь, Джанкойский район, с. Яркое, ул. Ленина, д. 12"
УФИЦ № 1 ИК-9,"г. Старая Русса, ул. Клубная д. 3"
УФИЦ № 2 ИК-9,"Новгородская область, п. Парфино, ул. Кирова д. 52/71"
Исправительный центр № 2,"г. Петрозаводск, ул.Жуковского, д.32 б"
УФИЦ ИК-25,"г. Сыктывкар, ул. 1-промышленная, д. 15"
УФИЦ №3 ИК-9,"Новгородская область, п. Крестцы ул. Краснова д. 2"
УФИЦ-2,"г. Петрозаводск, проезд Строителей, д.30 б"
Исправительный центр № 1,"г. Емва, ул. Калинина, д.55 а"
УФИЦ № 3 ИК-14,"Краснодарский край, Северский район,  пгт. Ильский, улица Завода Утяжелитель, 45"
УФИЦ № 1 ИК-2,"Калмыкия, Целинный район, с. Троицкое, Северная промзона"
УФИЦ № 2 ИК-2,"г. Элиста, ул. Ленина, д. 329"
Исправительный центр № 1,"г. Майкоп, ул. Кожевенная,11"
УФИЦ № 5 ИК-14,"Краснодарский край, Славянский район, пос. Вишневый, ул. Парковая д. 1"
УФИЦ ИК-6,"Краснодарский край, Выселковский район,  ст. Новомалороссийская, ул. Степная, д. 2"
УФИЦ № 1 ИК-14,"г. Славянск-на Кубани, ул. Донская 3 «а»"
УФИЦ № 3 ИК-2,"г.Элиста, Северная промышленная зона-2, д.172"
Исправительный центр № 1,"г. Волгоград, ул.им. Землячки, 14"
УФИЦ №2 ИК-4,"Краснодарский край, Успенский район, п. Мичуринский, ул. Садовая, 22"
УФИЦ №1 ИК-4,"г. Армавир, ул. Володарского 1а"
Исправительный центр № 2,"г. Волгоград, ул.им. Бахтурова, 6"
УФИЦ ИК-2,"Краснодарский край, Усть-Лабинский район, ст. Воронежская, ул. Крайняя 1"
УФИЦ №1 ИК-1,"г. Симферополь, пер. Элеваторный, 5"
УФИЦ № 2 ИК-14,"г. Краснодар, Восточная промышленная зона, ул. Тихорецкая, 20/1"
УФИЦ №4 ИК-14,"г. Краснодар, Западный обход, 2-ое отделение АФ «Солнечная», 7/4"
УФИЦ № 2 ИК-1,"Крым и Севастополь, пгт. Красногвардейское, ул. Строителей, д. 13"
СИЗО-2 Симферополь,"г. Симферополь, пер. Элеваторный, 4"
УФИЦ № 3 ИК-1,"Крым и Севастополь, Джанкойский район, с. Яркое, ул. Ленина, д. 12"
УФИЦ № 1 ИК-9,"г. Старая Русса, ул. Клубная д. 3"
УФИЦ № 2 ИК-9,"Новгородская область, п. Парфино, ул. Кирова д. 52/71"
Исправительный центр № 2,"г. Петрозаводск, ул.Жуковского, д.32 б"
УФИЦ ИК-25,"г. Сыктывкар, ул. 1-промышленная, д. 15"
УФИЦ №3 ИК-9,"Новгородская область, п. Крестцы ул. Краснова д. 2"
УФИЦ-2,"г. Петрозаводск, проезд Строителей, д.30 б"
Исправительный центр № 1,"г. Емва, ул. Калинина, д.55 а"
УФИЦ № 3 ИК-14,"Краснодарский край, Северский район,  пгт. Ильский, улица Завода Утяжелитель, 45"
УФИЦ № 1 ИК-2,"Калмыкия, Целинный район, с. Троицкое, Северная промзона"
УФИЦ № 2 ИК-2,"г. Элиста, ул. Ленина, д. 329"
Исправительный центр № 1,"г. Майкоп, ул. Кожевенная,11"
УФИЦ № 5 ИК-14,"Краснодарский край, Славянский район, пос. Вишневый, ул. Парковая д. 1"
УФИЦ ИК-6,"Краснодарский край, Выселковский район,  ст. Новомалороссийская, ул. Степная, д. 2"
УФИЦ № 1 ИК-14,"г. Славянск-на Кубани, ул. Донская 3 «а»"
УФИЦ № 3 ИК-2,"г.Элиста, Северная промышленная зона-2, д.172"
Исправительный центр № 1,"г. Волгоград, ул.им. Землячки, 14"
УФИЦ №2 ИК-4,"Краснодарский край, Успенский район, п. Мичуринский, ул. Садовая, 22"
УФИЦ №1 ИК-4,"г. Армавир, ул. Володарского 1а"
Исправительный центр № 2,"г. Волгоград, ул.им. Бахтурова, 6"
УФИЦ ИК-2,"Краснодарский край, Усть-Лабинский район, ст. Воронежская, ул. Крайняя 1"
УФИЦ №1 ИК-1,"г. Симферополь, пер. Элеваторный, 5"
УФИЦ № 2 ИК-14,"г. Краснодар, Восточная промышленная зона, ул. Тихорецкая, 20/1"
УФИЦ №4 ИК-14,"г. Краснодар, Западный обход, 2-ое отделение АФ «Солнечная», 7/4"
УФИЦ № 2 ИК-1,"Крым и Севастополь, пгт. Красногвардейское, ул. Строителей, д. 13"
СИЗО-2 Симферополь,"г. Симферополь, пер. Элеваторный, 4"
УФИЦ № 3 ИК-1,"Крым и Севастополь, Джанкойский район, с. Яркое, ул. Ленина, д. 12"
УФИЦ № 1 ИК-9,"г. Старая Русса, ул. Клубная д. 3"
УФИЦ № 2 ИК-9,"Новгородская область, п. Парфино, ул. Кирова д. 52/71"
Исправительный центр № 2,"г. Петрозаводск, ул.Жуковского, д.32 б"
УФИЦ ИК-25,"г. Сыктывкар, ул. 1-промышленная, д. 15"
УФИЦ №3 ИК-9,"Новгородская область, п. Крестцы ул. Краснова д. 2"
УФИЦ-2,"г. Петрозаводск, проезд Строителей, д.30 б"
Исправительный центр № 1,"г. Емва, ул. Калинина, д.55 а"
УФИЦ № 3 ИК-14,"Краснодарский край, Северский район,  пгт. Ильский, улица Завода Утяжелитель, 45"
УФИЦ № 1 ИК-2,"Калмыкия, Целинный район, с. Троицкое, Северная промзона"
УФИЦ № 2 ИК-2,"г. Элиста, ул. Ленина, д. 329"
Исправительный центр № 1,"г. Майкоп, ул. Кожевенная,11"
УФИЦ № 5 ИК-14,"Краснодарский край, Славянский район, пос. Вишневый, ул. Парковая д. 1"
УФИЦ ИК-6,"Краснодарский край, Выселковский район,  ст. Новомалороссийская, ул. Степная, д. 2"
УФИЦ № 1 ИК-14,"г. Славянск-на Кубани, ул. Донская 3 «а»"
УФИЦ № 3 ИК-2,"г.Элиста, Северная промышленная зона-2, д.172"
Исправительный центр № 1,"г. Волгоград, ул.им. Землячки, 14"
УФИЦ №2 ИК-4,"Краснодарский край, Успенский район, п. Мичуринский, ул. Садовая, 22"
УФИЦ №1 ИК-4,"г. Армавир, ул. Володарского 1а"
Исправительный центр № 2,"г. Волгоград, ул.им. Бахтурова, 6"
УФИЦ ИК-2,"Краснодарский край, Усть-Лабинский район, ст. Воронежская, ул. Крайняя 1"
УФИЦ №1 ИК-1,"г. Симферополь, пер. Элеваторный, 5"
УФИЦ № 2 ИК-14,"г. Краснодар, Восточная промышленная зона, ул. Тихорецкая, 20/1"
УФИЦ №4 ИК-14,"г. Краснодар, Западный обход, 2-ое отделение АФ «Солнечная», 7/4"
УФИЦ № 2 ИК-1,"Крым и Севастополь, пгт. Красногвардейское, ул. Строителей, д. 13"
СИЗО-2 Симферополь,"г. Симферополь, пер. Элеваторный, 4"
УФИЦ № 3 ИК-1,"Крым и Севастополь, Джанкойский район, с. Яркое, ул. Ленина, д. 12"
УФИЦ № 1 ИК-9,"г. Старая Русса, ул. Клубная д. 3"
УФИЦ № 2 ИК-9,"Новгородская область, п. Парфино, ул. Кирова д. 52/71"
Исправительный центр № 2,"г. Петрозаводск, ул.Жуковского, д.32 б"
УФИЦ ИК-25,"г. Сыктывкар, ул. 1-промышленная, д. 15"
УФИЦ №3 ИК-9,"Новгородская область, п. Крестцы ул. Краснова д. 2"
УФИЦ-2,"г. Петрозаводск, проезд Строителей, д.30 б"
Исправительный центр № 1,"г. Емва, ул. Калинина, д.55 а"
УФИЦ № 3 ИК-14,"Краснодарский край, Северский район,  пгт. Ильский, улица Завода Утяжелитель, 45"
УФИЦ № 1 ИК-2,"Калмыкия, Целинный район, с. Троицкое, Северная промзона"
УФИЦ № 2 ИК-2,"г. Элиста, ул. Ленина, д. 329"
Исправительный центр № 1,"г. Майкоп, ул. Кожевенная,11"
УФИЦ № 5 ИК-14,"Краснодарский край, Славянский район, пос. Вишневый, ул. Парковая д. 1"
УФИЦ ИК-6,"Краснодарский край, Выселковский район,  ст. Новомалороссийская, ул. Степная, д. 2"
УФИЦ № 1 ИК-14,"г. Славянск-на Кубани, ул. Донская 3 «а»"
УФИЦ № 3 ИК-2,"г.Элиста, Северная промышленная зона-2, д.172"
Исправительный центр № 1,"г. Волгоград, ул.им. Землячки, 14"
УФИЦ №2 ИК-4,"Краснодарский край, Успенский район, п. Мичуринский, ул. Садовая, 22"
УФИЦ №1 ИК-4,"г. Армавир, ул. Володарского 1а"
Исправительный центр № 2,"г. Волгоград, ул.им. Бахтурова, 6"
УФИЦ ИК-2,"Краснодарский край, Усть-Лабинский район, ст. Воронежская, ул. Крайняя 1"
УФИЦ №1 ИК-1,"г. Симферополь, пер. Элеваторный, 5"
УФИЦ № 2 ИК-14,"г. Краснодар, Восточная промышленная зона, ул. Тихорецкая, 20/1"
УФИЦ №4 ИК-14,"г. Краснодар, Западный обход, 2-ое отделение АФ «Солнечная», 7/4"
УФИЦ № 2 ИК-1,"Крым и Севастополь, пгт. Красногвардейское, ул. Строителей, д. 13"
СИЗО-2 Симферополь,"г. Симферополь, пер. Элеваторный, 4"
УФИЦ № 3 ИК-1,"Крым и Севастополь, Джанкойский район, с. Яркое, ул. Ленина, д. 12"
УФИЦ № 1 ИК-9,"г. Старая Русса, ул. Клубная д. 3"
УФИЦ № 2 ИК-9,"Новгородская область, п. Парфино, ул. Кирова д. 52/71"
Исправительный центр № 2,"г. Петрозаводск, ул.Жуковского, д.32 б"
УФИЦ ИК-25,"г. Сыктывкар, ул. 1-промышленная, д. 15"
УФИЦ №3 ИК-9,"Новгородская область, п. Крестцы ул. Краснова д. 2"
УФИЦ-2,"г. Петрозаводск, проезд Строителей, д.30 б"
Исправительный центр № 1,"г. Емва, ул. Калинина, д.55 а"
УФИЦ № 3 ИК-14,"Краснодарский край, Северский район,  пгт. Ильский, улица Завода Утяжелитель, 45"
УФИЦ № 1 ИК-2,"Калмыкия, Целинный район, с. Троицкое, Северная промзона"
УФИЦ № 2 ИК-2,"г. Элиста, ул. Ленина, д. 329"
Исправительный центр № 1,"г. Майкоп, ул. Кожевенная,11"
УФИЦ № 5 ИК-14,"Краснодарский край, Славянский район, пос. Вишневый, ул. Парковая д. 1"
УФИЦ ИК-6,"Краснодарский край, Выселковский район,  ст. Новомалороссийская, ул. Степная, д. 2"
УФИЦ № 1 ИК-14,"г. Славянск-на Кубани, ул. Донская 3 «а»"
УФИЦ № 3 ИК-2,"г.Элиста, Северная промышленная зона-2, д.172"
Исправительный центр № 1,"г. Волгоград, ул.им. Землячки, 14"
УФИЦ №2 ИК-4,"Краснодарский край, Успенский район, п. Мичуринский, ул. Садовая, 22"
УФИЦ №1 ИК-4,"г. Армавир, ул. Володарского 1а"
Исправительный центр № 2,"г. Волгоград, ул.им. Бахтурова, 6"
УФИЦ ИК-2,"Краснодарский край, Усть-Лабинский район, ст. Воронежская, ул. Крайняя 1"
УФИЦ №1 ИК-1,"г. Симферополь, пер. Элеваторный, 5"
УФИЦ № 2 ИК-14,"г. Краснодар, Восточная промышленная зона, ул. Тихорецкая, 20/1"
УФИЦ №4 ИК-14,"г. Краснодар, Западный обход, 2-ое отделение АФ «Солнечная», 7/4"
УФИЦ № 2 ИК-1,"Крым и Севастополь, пгт. Красногвардейское, ул. Строителей, д. 13"
СИЗО-2 Симферополь,"г. Симферополь, пер. Элеваторный, 4"
УФИЦ № 3 ИК-1,"Крым и Севастополь, Джанкойский район, с. Яркое, ул. Ленина, д. 12"
УФИЦ № 1 ИК-9,"г. Старая Русса, ул. Клубная д. 3"
УФИЦ № 2 ИК-9,"Новгородская область, п. Парфино, ул. Кирова д. 52/71"
Исправительный центр № 2,"г. Петрозаводск, ул.Жуковского, д.32 б"
УФИЦ ИК-25,"г. Сыктывкар, ул. 1-промышленная, д. 15"
УФИЦ №3 ИК-9,"Новгородская область, п. Крестцы ул. Краснова д. 2"
УФИЦ-2,"г. Петрозаводск, проезд Строителей, д.30 б"
Исправительный центр № 1,"г. Емва, ул. Калинина, д.55 а"
УФИЦ № 3 ИК-14,"Краснодарский край, Северский район,  пгт. Ильский, улица Завода Утяжелитель, 45"
УФИЦ № 1 ИК-2,"Калмыкия, Целинный район, с. Троицкое, Северная промзона"
УФИЦ № 2 ИК-2,"г. Элиста, ул. Ленина, д. 329"
Исправительный центр № 1,"г. Майкоп, ул. Кожевенная,11"
УФИЦ № 5 ИК-14,"Краснодарский край, Славянский район, пос. Вишневый, ул. Парковая д. 1"
УФИЦ ИК-6,"Краснодарский край, Выселковский район,  ст. Новомалороссийская, ул. Степная, д. 2"
УФИЦ № 1 ИК-14,"г. Славянск-на Кубани, ул. Донская 3 «а»"
УФИЦ № 3 ИК-2,"г.Элиста, Северная промышленная зона-2, д.172"
Исправительный центр № 1,"г. Волгоград, ул.им. Землячки, 14"
УФИЦ №2 ИК-4,"Краснодарский край, Успенский район, п. Мичуринский, ул. Садовая, 22"
УФИЦ №1 ИК-4,"г. Армавир, ул. Володарского 1а"
Исправительный центр № 2,"г. Волгоград, ул.им. Бахтурова, 6"
УФИЦ ИК-2,"Краснодарский край, Усть-Лабинский район, ст. Воронежская, ул. Крайняя 1"
УФИЦ №1 ИК-1,"г. Симферополь, пер. Элеваторный, 5"
УФИЦ № 2 ИК-14,"г. Краснодар, Восточная промышленная зона, ул. Тихорецкая, 20/1"
УФИЦ №4 ИК-14,"г. Краснодар, Западный обход, 2-ое отделение АФ «Солнечная», 7/4"
УФИЦ № 2 ИК-1,"Крым и Севастополь, пгт. Красногвардейское, ул. Строителей, д. 13"
СИЗО-2 Симферополь,"г. Симферополь, пер. Элеваторный, 4"
УФИЦ № 3 ИК-1,"Крым и Севастополь, Джанкойский район, с. Яркое, ул. Ленина, д. 12"
УФИЦ № 1 ИК-9,"г. Старая Русса, ул. Клубная д. 3"
УФИЦ № 2 ИК-9,"Новгородская область, п. Парфино, ул. Кирова д. 52/71"
Исправительный центр № 2,"г. Петрозаводск, ул.Жуковского, д.32 б"
УФИЦ ИК-25,"г. Сыктывкар, ул. 1-промышленная, д. 15"
УФИЦ №3 ИК-9,"Новгородская область, п. Крестцы ул. Краснова д. 2"
УФИЦ-2,"г. Петрозаводск, проезд Строителей, д.30 б"
Исправительный центр № 1,"г. Емва, ул. Калинина, д.55 а"
УФИЦ № 3 ИК-14,"Краснодарский край, Северский район,  пгт. Ильский, улица Завода Утяжелитель, 45"
УФИЦ № 1 ИК-2,"Калмыкия, Целинный район, с. Троицкое, Северная промзона"
УФИЦ № 2 ИК-2,"г. Элиста, ул. Ленина, д. 329"
Исправительный центр № 1,"г. Майкоп, ул. Кожевенная,11"
УФИЦ № 5 ИК-14,"Краснодарский край, Славянский район, пос. Вишневый, ул. Парковая д. 1"
УФИЦ ИК-6,"Краснодарский край, Выселковский район,  ст. Новомалороссийская, ул. Степная, д. 2"
УФИЦ № 1 ИК-14,"г. Славянск-на Кубани, ул. Донская 3 «а»"
УФИЦ № 3 ИК-2,"г.Элиста, Северная промышленная зона-2, д.172"
Исправительный центр № 1,"г. Волгоград, ул.им. Землячки, 14"
УФИЦ №2 ИК-4,"Краснодарский край, Успенский район, п. Мичуринский, ул. Садовая, 22"
УФИЦ №1 ИК-4,"г. Армавир, ул. Володарского 1а"
Исправительный центр № 2,"г. Волгоград, ул.им. Бахтурова, 6"
УФИЦ ИК-2,"Краснодарский край, Усть-Лабинский район, ст. Воронежская, ул. Крайняя 1"
УФИЦ №1 ИК-1,"г. Симферополь, пер. Элеваторный, 5"
УФИЦ № 2 ИК-14,"г. Краснодар, Восточная промышленная зона, ул. Тихорецкая, 20/1"
УФИЦ №4 ИК-14,"г. Краснодар, Западный обход, 2-ое отделение АФ «Солнечная», 7/4"
УФИЦ № 2 ИК-1,"Крым и Севастополь, пгт. Красногвардейское, ул. Строителей, д. 13"
СИЗО-2 Симферополь,"г. Симферополь, пер. Элеваторный, 4"
УФИЦ № 3 ИК-1,"Крым и Севастополь, Джанкойский район, с. Яркое, ул. Ленина, д. 12"
УФИЦ № 1 ИК-9,"г. Старая Русса, ул. Клубная д. 3"
УФИЦ № 2 ИК-9,"Новгородская область, п. Парфино, ул. Кирова д. 52/71"
Исправительный центр № 2,"г. Петрозаводск, ул.Жуковского, д.32 б"
УФИЦ ИК-25,"г. Сыктывкар, ул. 1-промышленная, д. 15"
УФИЦ №3 ИК-9,"Новгородская область, п. Крестцы ул. Краснова д. 2"
УФИЦ-2,"г. Петрозаводск, проезд Строителей, д.30 б"
Исправительный центр № 1,"г. Емва, ул. Калинина, д.55 а"
УФИЦ № 3 ИК-14,"Краснодарский край, Северский район,  пгт. Ильский, улица Завода Утяжелитель, 45"
УФИЦ № 1 ИК-2,"Калмыкия, Целинный район, с. Троицкое, Северная промзона"
УФИЦ № 2 ИК-2,"г. Элиста, ул. Ленина, д. 329"
Исправительный центр № 1,"г. Майкоп, ул. Кожевенная,11"
УФИЦ № 5 ИК-14,"Краснодарский край, Славянский район, пос. Вишневый, ул. Парковая д. 1"
УФИЦ ИК-6,"Краснодарский край, Выселковский район,  ст. Новомалороссийская, ул. Степная, д. 2"
УФИЦ № 1 ИК-14,"г. Славянск-на Кубани, ул. Донская 3 «а»"
УФИЦ № 3 ИК-2,"г.Элиста, Северная промышленная зона-2, д.172"
Исправительный центр № 1,"г. Волгоград, ул.им. Землячки, 14"
УФИЦ №2 ИК-4,"Краснодарский край, Успенский район, п. Мичуринский, ул. Садовая, 22"
УФИЦ №1 ИК-4,"г. Армавир, ул. Володарского 1а"
Исправительный центр № 2,"г. Волгоград, ул.им. Бахтурова, 6"
УФИЦ ИК-2,"Краснодарский край, Усть-Лабинский район, ст. Воронежская, ул. Крайняя 1"
УФИЦ №1 ИК-1,"г. Симферополь, пер. Элеваторный, 5"
УФИЦ № 2 ИК-14,"г. Краснодар, Восточная промышленная зона, ул. Тихорецкая, 20/1"
УФИЦ №4 ИК-14,"г. Краснодар, Западный обход, 2-ое отделение АФ «Солнечная», 7/4"
УФИЦ № 2 ИК-1,"Крым и Севастополь, пгт. Красногвардейское, ул. Строителей, д. 13"
СИЗО-2 Симферополь,"г. Симферополь, пер. Элеваторный, 4"
УФИЦ № 3 ИК-1,"Крым и Севастополь, Джанкойский район, с. Яркое, ул. Ленина, д. 12"
УФИЦ № 1 ИК-9,"г. Старая Русса, ул. Клубная д. 3"
УФИЦ № 2 ИК-9,"Новгородская область, п. Парфино, ул. Кирова д. 52/71"
Исправительный центр № 2,"г. Петрозаводск, ул.Жуковского, д.32 б"
УФИЦ ИК-25,"г. Сыктывкар, ул. 1-промышленная, д. 15"
УФИЦ №3 ИК-9,"Новгородская область, п. Крестцы ул. Краснова д. 2"
УФИЦ-2,"г. Петрозаводск, проезд Строителей, д.30 б"
Исправительный центр № 1,"г. Емва, ул. Калинина, д.55 а"
УФИЦ № 3 ИК-14,"Краснодарский край, Северский район,  пгт. Ильский, улица Завода Утяжелитель, 45"
УФИЦ № 1 ИК-2,"Калмыкия, Целинный район, с. Троицкое, Северная промзона"
УФИЦ № 2 ИК-2,"г. Элиста, ул. Ленина, д. 329"
Исправительный центр № 1,"г. Майкоп, ул. Кожевенная,11"
УФИЦ № 5 ИК-14,"Краснодарский край, Славянский район, пос. Вишневый, ул. Парковая д. 1"
УФИЦ ИК-6,"Краснодарский край, Выселковский район,  ст. Новомалороссийская, ул. Степная, д. 2"
УФИЦ № 1 ИК-14,"г. Славянск-на Кубани, ул. Донская 3 «а»"
УФИЦ № 3 ИК-2,"г.Элиста, Северная промышленная зона-2, д.172"
Исправительный центр № 1,"г. Волгоград, ул.им. Землячки, 14"
УФИЦ №2 ИК-4,"Краснодарский край, Успенский район, п. Мичуринский, ул. Садовая, 22"
УФИЦ №1 ИК-4,"г. Армавир, ул. Володарского 1а"
Исправительный центр № 2,"г. Волгоград, ул.им. Бахтурова, 6"
УФИЦ ИК-2,"Краснодарский край, Усть-Лабинский район, ст. Воронежская, ул. Крайняя 1"
УФИЦ №1 ИК-1,"г. Симферополь, пер. Элеваторный, 5"
УФИЦ № 2 ИК-14,"г. Краснодар, Восточная промышленная зона, ул. Тихорецкая, 20/1"
УФИЦ №4 ИК-14,"г. Краснодар, Западный обход, 2-ое отделение АФ «Солнечная», 7/4"
УФИЦ № 2 ИК-1,"Крым и Севастополь, пгт. Красногвардейское, ул. Строителей, д. 13"
СИЗО-2 Симферополь,"г. Симферополь, пер. Элеваторный, 4"
УФИЦ № 3 ИК-1,"Крым и Севастополь, Джанкойский район, с. Яркое, ул. Ленина, д. 12"
УФИЦ № 1 ИК-9,"г. Старая Русса, ул. Клубная д. 3"
УФИЦ № 2 ИК-9,"Новгородская область, п. Парфино, ул. Кирова д. 52/71"
Исправительный центр № 2,"г. Петрозаводск, ул.Жуковского, д.32 б"
УФИЦ ИК-25,"г. Сыктывкар, ул. 1-промышленная, д. 15"
УФИЦ №3 ИК-9,"Новгородская область, п. Крестцы ул. Краснова д. 2"
УФИЦ-2,"г. Петрозаводск, проезд Строителей, д.30 б"
Исправительный центр № 1,"г. Емва, ул. Калинина, д.55 а"
УФИЦ № 3 ИК-14,"Краснодарский край, Северский район,  пгт. Ильский, улица Завода Утяжелитель, 45"
УФИЦ № 1 ИК-2,"Калмыкия, Целинный район, с. Троицкое, Северная промзона"
УФИЦ № 2 ИК-2,"г. Элиста, ул. Ленина, д. 329"
Исправительный центр № 1,"г. Майкоп, ул. Кожевенная,11"
УФИЦ № 5 ИК-14,"Краснодарский край, Славянский район, пос. Вишневый, ул. Парковая д. 1"
УФИЦ ИК-6,"Краснодарский край, Выселковский район,  ст. Новомалороссийская, ул. Степная, д. 2"
УФИЦ № 1 ИК-14,"г. Славянск-на Кубани, ул. Донская 3 «а»"
УФИЦ № 3 ИК-2,"г.Элиста, Северная промышленная зона-2, д.172"
Исправительный центр № 1,"г. Волгоград, ул.им. Землячки, 14"
УФИЦ №2 ИК-4,"Краснодарский край, Успенский район, п. Мичуринский, ул. Садовая, 22"
УФИЦ №1 ИК-4,"г. Армавир, ул. Володарского 1а"
Исправительный центр № 2,"г. Волгоград, ул.им. Бахтурова, 6"
УФИЦ ИК-2,"Краснодарский край, Усть-Лабинский район, ст. Воронежская, ул. Крайняя 1"
УФИЦ №1 ИК-1,"г. Симферополь, пер. Элеваторный, 5"
УФИЦ № 2 ИК-14,"г. Краснодар, Восточная промышленная зона, ул. Тихорецкая, 20/1"
УФИЦ №4 ИК-14,"г. Краснодар, Западный обход, 2-ое отделение АФ «Солнечная», 7/4"
УФИЦ № 2 ИК-1,"Крым и Севастополь, пгт. Красногвардейское, ул. Строителей, д. 13"
СИЗО-2 Симферополь,"г. Симферополь, пер. Элеваторный, 4"
УФИЦ № 3 ИК-1,"Крым и Севастополь, Джанкойский район, с. Яркое, ул. Ленина, д. 12"
УФИЦ № 1 ИК-9,"г. Старая Русса, ул. Клубная д. 3"
УФИЦ № 2 ИК-9,"Новгородская область, п. Парфино, ул. Кирова д. 52/71"
Исправительный центр № 2,"г. Петрозаводск, ул.Жуковского, д.32 б"
УФИЦ ИК-25,"г. Сыктывкар, ул. 1-промышленная, д. 15"
УФИЦ №3 ИК-9,"Новгородская область, п. Крестцы ул. Краснова д. 2"
УФИЦ-2,"г. Петрозаводск, проезд Строителей, д.30 б"
Исправительный центр № 1,"г. Емва, ул. Калинина, д.55 а"
УФИЦ № 3 ИК-14,"Краснодарский край, Северский район,  пгт. Ильский, улица Завода Утяжелитель, 45"
УФИЦ № 1 ИК-2,"Калмыкия, Целинный район, с. Троицкое, Северная промзона"
УФИЦ № 2 ИК-2,"г. Элиста, ул. Ленина, д. 329"
Исправительный центр № 1,"г. Майкоп, ул. Кожевенная,11"
УФИЦ № 5 ИК-14,"Краснодарский край, Славянский район, пос. Вишневый, ул. Парковая д. 1"
УФИЦ ИК-6,"Краснодарский край, Выселковский район,  ст. Новомалороссийская, ул. Степная, д. 2"
УФИЦ № 1 ИК-14,"г. Славянск-на Кубани, ул. Донская 3 «а»"
УФИЦ № 3 ИК-2,"г.Элиста, Северная промышленная зона-2, д.172"
Исправительный центр № 1,"г. Волгоград, ул.им. Землячки, 14"
УФИЦ №2 ИК-4,"Краснодарский край, Успенский район, п. Мичуринский, ул. Садовая, 22"
УФИЦ №1 ИК-4,"г. Армавир, ул. Володарского 1а"
Исправительный центр № 2,"г. Волгоград, ул.им. Бахтурова, 6"
УФИЦ ИК-2,"Краснодарский край, Усть-Лабинский район, ст. Воронежская, ул. Крайняя 1"
УФИЦ №1 ИК-1,"г. Симферополь, пер. Элеваторный, 5"
УФИЦ № 2 ИК-14,"г. Краснодар, Восточная промышленная зона, ул. Тихорецкая, 20/1"
УФИЦ №4 ИК-14,"г. Краснодар, Западный обход, 2-ое отделение АФ «Солнечная», 7/4"
УФИЦ № 2 ИК-1,"Крым и Севастополь, пгт. Красногвардейское, ул. Строителей, д. 13"
СИЗО-2 Симферополь,"г. Симферополь, пер. Элеваторный, 4"
УФИЦ № 3 ИК-1,"Крым и Севастополь, Джанкойский район, с. Яркое, ул. Ленина, д. 12"
УФИЦ № 1 ИК-9,"г. Старая Русса, ул. Клубная д. 3"
УФИЦ № 2 ИК-9,"Новгородская область, п. Парфино, ул. Кирова д. 52/71"
Исправительный центр № 2,"г. Петрозаводск, ул.Жуковского, д.32 б"
УФИЦ ИК-25,"г. Сыктывкар, ул. 1-промышленная, д. 15"
УФИЦ №3 ИК-9,"Новгородская область, п. Крестцы ул. Краснова д. 2"
УФИЦ-2,"г. Петрозаводск, проезд Строителей, д.30 б"
Исправительный центр № 1,"г. Емва, ул. Калинина, д.55 а"
УФИЦ № 3 ИК-14,"Краснодарский край, Северский район,  пгт. Ильский, улица Завода Утяжелитель, 45"
УФИЦ № 1 ИК-2,"Калмыкия, Целинный район, с. Троицкое, Северная промзона"
УФИЦ № 2 ИК-2,"г. Элиста, ул. Ленина, д. 329"
Исправительный центр № 1,"г. Майкоп, ул. Кожевенная,11"
УФИЦ № 5 ИК-14,"Краснодарский край, Славянский район, пос. Вишневый, ул. Парковая д. 1"
УФИЦ ИК-6,"Краснодарский край, Выселковский район,  ст. Новомалороссийская, ул. Степная, д. 2"
УФИЦ № 1 ИК-14,"г. Славянск-на Кубани, ул. Донская 3 «а»"
УФИЦ № 3 ИК-2,"г.Элиста, Северная промышленная зона-2, д.172"
Исправительный центр № 1,"г. Волгоград, ул.им. Землячки, 14"
УФИЦ №2 ИК-4,"Краснодарский край, Успенский район, п. Мичуринский, ул. Садовая, 22"
УФИЦ №1 ИК-4,"г. Армавир, ул. Володарского 1а"
Исправительный центр № 2,"г. Волгоград, ул.им. Бахтурова, 6"
УФИЦ ИК-2,"Краснодарский край, Усть-Лабинский район, ст. Воронежская, ул. Крайняя 1"
УФИЦ №1 ИК-1,"г. Симферополь, пер. Элеваторный, 5"
УФИЦ № 2 ИК-14,"г. Краснодар, Восточная промышленная зона, ул. Тихорецкая, 20/1"
УФИЦ №4 ИК-14,"г. Краснодар, Западный обход, 2-ое отделение АФ «Солнечная», 7/4"
УФИЦ № 2 ИК-1,"Крым и Севастополь, пгт. Красногвардейское, ул. Строителей, д. 13"
СИЗО-2 Симферополь,"г. Симферополь, пер. Элеваторный, 4"
УФИЦ № 3 ИК-1,"Крым и Севастополь, Джанкойский район, с. Яркое, ул. Ленина, д. 12"
УФИЦ № 1 ИК-9,"г. Старая Русса, ул. Клубная д. 3"
УФИЦ № 2 ИК-9,"Новгородская область, п. Парфино, ул. Кирова д. 52/71"
Исправительный центр № 2,"г. Петрозаводск, ул.Жуковского, д.32 б"
УФИЦ ИК-25,"г. Сыктывкар, ул. 1-промышленная, д. 15"
УФИЦ №3 ИК-9,"Новгородская область, п. Крестцы ул. Краснова д. 2"
УФИЦ-2,"г. Петрозаводск, проезд Строителей, д.30 б"
Исправительный центр № 1,"г. Емва, ул. Калинина, д.55 а"
УФИЦ № 3 ИК-14,"Краснодарский край, Северский район,  пгт. Ильский, улица Завода Утяжелитель, 45"
УФИЦ № 1 ИК-2,"Калмыкия, Целинный район, с. Троицкое, Северная промзона"
УФИЦ № 2 ИК-2,"г. Элиста, ул. Ленина, д. 329"
Исправительный центр № 1,"г. Майкоп, ул. Кожевенная,11"
УФИЦ № 5 ИК-14,"Краснодарский край, Славянский район, пос. Вишневый, ул. Парковая д. 1"
УФИЦ ИК-6,"Краснодарский край, Выселковский район,  ст. Новомалороссийская, ул. Степная, д. 2"
УФИЦ № 1 ИК-14,"г. Славянск-на Кубани, ул. Донская 3 «а»"
УФИЦ № 3 ИК-2,"г.Элиста, Северная промышленная зона-2, д.172"
Исправительный центр № 1,"г. Волгоград, ул.им. Землячки, 14"
УФИЦ №2 ИК-4,"Краснодарский край, Успенский район, п. Мичуринский, ул. Садовая, 22"
УФИЦ №1 ИК-4,"г. Армавир, ул. Володарского 1а"
Исправительный центр № 2,"г. Волгоград, ул.им. Бахтурова, 6"
УФИЦ ИК-2,"Краснодарский край, Усть-Лабинский район, ст. Воронежская, ул. Крайняя 1"
УФИЦ №1 ИК-1,"г. Симферополь, пер. Элеваторный, 5"
УФИЦ № 2 ИК-14,"г. Краснодар, Восточная промышленная зона, ул. Тихорецкая, 20/1"
УФИЦ №4 ИК-14,"г. Краснодар, Западный обход, 2-ое отделение АФ «Солнечная», 7/4"
УФИЦ № 2 ИК-1,"Крым и Севастополь, пгт. Красногвардейское, ул. Строителей, д. 13"
СИЗО-2 Симферополь,"г. Симферополь, пер. Элеваторный, 4"
УФИЦ № 3 ИК-1,"Крым и Севастополь, Джанкойский район, с. Яркое, ул. Ленина, д. 12"
УФИЦ № 1 ИК-9,"г. Старая Русса, ул. Клубная д. 3"
УФИЦ № 2 ИК-9,"Новгородская область, п. Парфино, ул. Кирова д. 52/71"
Исправительный центр № 2,"г. Петрозаводск, ул.Жуковского, д.32 б"
УФИЦ ИК-25,"г. Сыктывкар, ул. 1-промышленная, д. 15"
УФИЦ №3 ИК-9,"Новгородская область, п. Крестцы ул. Краснова д. 2"
УФИЦ-2,"г. Петрозаводск, проезд Строителей, д.30 б"
Исправительный центр № 1,"г. Емва, ул. Калинина, д.55 а"
УФИЦ № 3 ИК-14,"Краснодарский край, Северский район,  пгт. Ильский, улица Завода Утяжелитель, 45"
УФИЦ № 1 ИК-2,"Калмыкия, Целинный район, с. Троицкое, Северная промзона"
УФИЦ № 2 ИК-2,"г. Элиста, ул. Ленина, д. 329"
Исправительный центр № 1,"г. Майкоп, ул. Кожевенная,11"
УФИЦ № 5 ИК-14,"Краснодарский край, Славянский район, пос. Вишневый, ул. Парковая д. 1"
УФИЦ ИК-6,"Краснодарский край, Выселковский район,  ст. Новомалороссийская, ул. Степная, д. 2"
УФИЦ № 1 ИК-14,"г. Славянск-на Кубани, ул. Донская 3 «а»"
УФИЦ № 3 ИК-2,"г.Элиста, Северная промышленная зона-2, д.172"
Исправительный центр № 1,"г. Волгоград, ул.им. Землячки, 14"
УФИЦ №2 ИК-4,"Краснодарский край, Успенский район, п. Мичуринский, ул. Садовая, 22"
УФИЦ №1 ИК-4,"г. Армавир, ул. Володарского 1а"
Исправительный центр № 2,"г. Волгоград, ул.им. Бахтурова, 6"
УФИЦ ИК-2,"Краснодарский край, Усть-Лабинский район, ст. Воронежская, ул. Крайняя 1"
УФИЦ №1 ИК-1,"г. Симферополь, пер. Элеваторный, 5"
УФИЦ № 2 ИК-14,"г. Краснодар, Восточная промышленная зона, ул. Тихорецкая, 20/1"
УФИЦ №4 ИК-14,"г. Краснодар, Западный обход, 2-ое отделение АФ «Солнечная», 7/4"
УФИЦ № 2 ИК-1,"Крым и Севастополь, пгт. Красногвардейское, ул. Строителей, д. 13"
СИЗО-2 Симферополь,"г. Симферополь, пер. Элеваторный, 4"
УФИЦ № 3 ИК-1,"Крым и Севастополь, Джанкойский район, с. Яркое, ул. Ленина, д. 12"
УФИЦ № 1 ИК-9,"г. Старая Русса, ул. Клубная д. 3"
УФИЦ № 2 ИК-9,"Новгородская область, п. Парфино, ул. Кирова д. 52/71"
Исправительный центр № 2,"г. Петрозаводск, ул.Жуковского, д.32 б"
УФИЦ ИК-25,"г. Сыктывкар, ул. 1-промышленная, д. 15"
УФИЦ №3 ИК-9,"Новгородская область, п. Крестцы ул. Краснова д. 2"
УФИЦ-2,"г. Петрозаводск, проезд Строителей, д.30 б"
Исправительный центр № 1,"г. Емва, ул. Калинина, д.55 а"
УФИЦ № 3 ИК-14,"Краснодарский край, Северский район,  пгт. Ильский, улица Завода Утяжелитель, 45"
УФИЦ № 1 ИК-2,"Калмыкия, Целинный район, с. Троицкое, Северная промзона"
УФИЦ № 2 ИК-2,"г. Элиста, ул. Ленина, д. 329"
Исправительный центр № 1,"г. Майкоп, ул. Кожевенная,11"
УФИЦ № 5 ИК-14,"Краснодарский край, Славянский район, пос. Вишневый, ул. Парковая д. 1"
УФИЦ ИК-6,"Краснодарский край, Выселковский район,  ст. Новомалороссийская, ул. Степная, д. 2"
УФИЦ № 1 ИК-14,"г. Славянск-на Кубани, ул. Донская 3 «а»"
УФИЦ № 3 ИК-2,"г.Элиста, Северная промышленная зона-2, д.172"
Исправительный центр № 1,"г. Волгоград, ул.им. Землячки, 14"
УФИЦ №2 ИК-4,"Краснодарский край, Успенский район, п. Мичуринский, ул. Садовая, 22"
УФИЦ №1 ИК-4,"г. Армавир, ул. Володарского 1а"
Исправительный центр № 2,"г. Волгоград, ул.им. Бахтурова, 6"
УФИЦ ИК-2,"Краснодарский край, Усть-Лабинский район, ст. Воронежская, ул. Крайняя 1"
УФИЦ №1 ИК-1,"г. Симферополь, пер. Элеваторный, 5"
УФИЦ № 2 ИК-14,"г. Краснодар, Восточная промышленная зона, ул. Тихорецкая, 20/1"
УФИЦ №4 ИК-14,"г. Краснодар, Западный обход, 2-ое отделение АФ «Солнечная», 7/4"
УФИЦ № 2 ИК-1,"Крым и Севастополь, пгт. Красногвардейское, ул. Строителей, д. 13"
СИЗО-2 Симферополь,"г. Симферополь, пер. Элеваторный, 4"
УФИЦ № 3 ИК-1,"Крым и Севастополь, Джанкойский район, с. Яркое, ул. Ленина, д. 12"
УФИЦ № 1 ИК-9,"г. Старая Русса, ул. Клубная д. 3"
УФИЦ № 2 ИК-9,"Новгородская область, п. Парфино, ул. Кирова д. 52/71"
Исправительный центр № 2,"г. Петрозаводск, ул.Жуковского, д.32 б"
УФИЦ ИК-25,"г. Сыктывкар, ул. 1-промышленная, д. 15"
УФИЦ №3 ИК-9,"Новгородская область, п. Крестцы ул. Краснова д. 2"
УФИЦ-2,"г. Петрозаводск, проезд Строителей, д.30 б"
Исправительный центр № 1,"г. Емва, ул. Калинина, д.55 а"
УФИЦ № 3 ИК-14,"Краснодарский край, Северский район,  пгт. Ильский, улица Завода Утяжелитель, 45"
УФИЦ № 1 ИК-2,"Калмыкия, Целинный район, с. Троицкое, Северная промзона"
УФИЦ № 2 ИК-2,"г. Элиста, ул. Ленина, д. 329"
Исправительный центр № 1,"г. Майкоп, ул. Кожевенная,11"
УФИЦ № 5 ИК-14,"Краснодарский край, Славянский район, пос. Вишневый, ул. Парковая д. 1"
УФИЦ ИК-6,"Краснодарский край, Выселковский район,  ст. Новомалороссийская, ул. Степная, д. 2"
УФИЦ № 1 ИК-14,"г. Славянск-на Кубани, ул. Донская 3 «а»"
УФИЦ № 3 ИК-2,"г.Элиста, Северная промышленная зона-2, д.172"
Исправительный центр № 1,"г. Волгоград, ул.им. Землячки, 14"
УФИЦ №2 ИК-4,"Краснодарский край, Успенский район, п. Мичуринский, ул. Садовая, 22"
УФИЦ №1 ИК-4,"г. Армавир, ул. Володарского 1а"
Исправительный центр № 2,"г. Волгоград, ул.им. Бахтурова, 6"
УФИЦ ИК-2,"Краснодарский край, Усть-Лабинский район, ст. Воронежская, ул. Крайняя 1"
УФИЦ №1 ИК-1,"г. Симферополь, пер. Элеваторный, 5"
УФИЦ № 2 ИК-14,"г. Краснодар, Восточная промышленная зона, ул. Тихорецкая, 20/1"
УФИЦ №4 ИК-14,"г. Краснодар, Западный обход, 2-ое отделение АФ «Солнечная», 7/4"
УФИЦ № 2 ИК-1,"Крым и Севастополь, пгт. Красногвардейское, ул. Строителей, д. 13"
СИЗО-2 Симферополь,"г. Симферополь, пер. Элеваторный, 4"
УФИЦ № 3 ИК-1,"Крым и Севастополь, Джанкойский район, с. Яркое, ул. Ленина, д. 12"
УФИЦ № 1 ИК-9,"г. Старая Русса, ул. Клубная д. 3"
УФИЦ № 2 ИК-9,"Новгородская область, п. Парфино, ул. Кирова д. 52/71"
Исправительный центр № 2,"г. Петрозаводск, ул.Жуковского, д.32 б"
УФИЦ ИК-25,"г. Сыктывкар, ул. 1-промышленная, д. 15"
УФИЦ №3 ИК-9,"Новгородская область, п. Крестцы ул. Краснова д. 2"
УФИЦ-2,"г. Петрозаводск, проезд Строителей, д.30 б"
Исправительный центр № 1,"г. Емва, ул. Калинина, д.55 а"
УФИЦ № 3 ИК-14,"Краснодарский край, Северский район,  пгт. Ильский, улица Завода Утяжелитель, 45"
УФИЦ № 1 ИК-2,"Калмыкия, Целинный район, с. Троицкое, Северная промзона"
УФИЦ № 2 ИК-2,"г. Элиста, ул. Ленина, д. 329"
Исправительный центр № 1,"г. Майкоп, ул. Кожевенная,11"
УФИЦ № 5 ИК-14,"Краснодарский край, Славянский район, пос. Вишневый, ул. Парковая д. 1"
УФИЦ ИК-6,"Краснодарский край, Выселковский район,  ст. Новомалороссийская, ул. Степная, д. 2"
УФИЦ № 1 ИК-14,"г. Славянск-на Кубани, ул. Донская 3 «а»"
УФИЦ № 3 ИК-2,"г.Элиста, Северная промышленная зона-2, д.172"
Исправительный центр № 1,"г. Волгоград, ул.им. Землячки, 14"
УФИЦ №2 ИК-4,"Краснодарский край, Успенский район, п. Мичуринский, ул. Садовая, 22"
УФИЦ №1 ИК-4,"г. Армавир, ул. Володарского 1а"
Исправительный центр № 2,"г. Волгоград, ул.им. Бахтурова, 6"
УФИЦ ИК-2,"Краснодарский край, Усть-Лабинский район, ст. Воронежская, ул. Крайняя 1"
УФИЦ №1 ИК-1,"г. Симферополь, пер. Элеваторный, 5"
УФИЦ № 2 ИК-14,"г. Краснодар, Восточная промышленная зона, ул. Тихорецкая, 20/1"
УФИЦ №4 ИК-14,"г. Краснодар, Западный обход, 2-ое отделение АФ «Солнечная», 7/4"
УФИЦ № 2 ИК-1,"Крым и Севастополь, пгт. Красногвардейское, ул. Строителей, д. 13"
СИЗО-2 Симферополь,"г. Симферополь, пер. Элеваторный, 4"
УФИЦ № 3 ИК-1,"Крым и Севастополь, Джанкойский район, с. Яркое, ул. Ленина, д. 12"
УФИЦ № 1 ИК-9,"г. Старая Русса, ул. Клубная д. 3"
УФИЦ № 2 ИК-9,"Новгородская область, п. Парфино, ул. Кирова д. 52/71"
Исправительный центр № 2,"г. Петрозаводск, ул.Жуковского, д.32 б"
УФИЦ ИК-25,"г. Сыктывкар, ул. 1-промышленная, д. 15"
УФИЦ №3 ИК-9,"Новгородская область, п. Крестцы ул. Краснова д. 2"
УФИЦ-2,"г. Петрозаводск, проезд Строителей, д.30 б"
Исправительный центр № 1,"г. Емва, ул. Калинина, д.55 а"
УФИЦ № 3 ИК-14,"Краснодарский край, Северский район,  пгт. Ильский, улица Завода Утяжелитель, 45"
УФИЦ № 1 ИК-2,"Калмыкия, Целинный район, с. Троицкое, Северная промзона"
УФИЦ № 2 ИК-2,"г. Элиста, ул. Ленина, д. 329"
Исправительный центр № 1,"г. Майкоп, ул. Кожевенная,11"
УФИЦ № 5 ИК-14,"Краснодарский край, Славянский район, пос. Вишневый, ул. Парковая д. 1"
УФИЦ ИК-6,"Краснодарский край, Выселковский район,  ст. Новомалороссийская, ул. Степная, д. 2"
УФИЦ № 1 ИК-14,"г. Славянск-на Кубани, ул. Донская 3 «а»"
УФИЦ № 3 ИК-2,"г.Элиста, Северная промышленная зона-2, д.172"
Исправительный центр № 1,"г. Волгоград, ул.им. Землячки, 14"
УФИЦ №2 ИК-4,"Краснодарский край, Успенский район, п. Мичуринский, ул. Садовая, 22"
УФИЦ №1 ИК-4,"г. Армавир, ул. Володарского 1а"
Исправительный центр № 2,"г. Волгоград, ул.им. Бахтурова, 6"
УФИЦ ИК-2,"Краснодарский край, Усть-Лабинский район, ст. Воронежская, ул. Крайняя 1"
УФИЦ №1 ИК-1,"г. Симферополь, пер. Элеваторный, 5"
УФИЦ № 2 ИК-14,"г. Краснодар, Восточная промышленная зона, ул. Тихорецкая, 20/1"
УФИЦ №4 ИК-14,"г. Краснодар, Западный обход, 2-ое отделение АФ «Солнечная», 7/4"
УФИЦ № 2 ИК-1,"Крым и Севастополь, пгт. Красногвардейское, ул. Строителей, д. 13"
СИЗО-2 Симферополь,"г. Симферополь, пер. Элеваторный, 4"
УФИЦ № 3 ИК-1,"Крым и Севастополь, Джанкойский район, с. Яркое, ул. Ленина, д. 12"
УФИЦ № 1 ИК-9,"г. Старая Русса, ул. Клубная д. 3"
УФИЦ № 2 ИК-9,"Новгородская область, п. Парфино, ул. Кирова д. 52/71"
Исправительный центр № 2,"г. Петрозаводск, ул.Жуковского, д.32 б"
УФИЦ ИК-25,"г. Сыктывкар, ул. 1-промышленная, д. 15"
УФИЦ №3 ИК-9,"Новгородская область, п. Крестцы ул. Краснова д. 2"
УФИЦ-2,"г. Петрозаводск, проезд Строителей, д.30 б"
Исправительный центр № 1,"г. Емва, ул. Калинина, д.55 а"
УФИЦ № 3 ИК-14,"Краснодарский край, Северский район,  пгт. Ильский, улица Завода Утяжелитель, 45"
УФИЦ № 1 ИК-2,"Калмыкия, Целинный район, с. Троицкое, Северная промзона"
УФИЦ № 2 ИК-2,"г. Элиста, ул. Ленина, д. 329"
Исправительный центр № 1,"г. Майкоп, ул. Кожевенная,11"
УФИЦ № 5 ИК-14,"Краснодарский край, Славянский район, пос. Вишневый, ул. Парковая д. 1"
УФИЦ ИК-6,"Краснодарский край, Выселковский район,  ст. Новомалороссийская, ул. Степная, д. 2"
УФИЦ № 1 ИК-14,"г. Славянск-на Кубани, ул. Донская 3 «а»"
УФИЦ № 3 ИК-2,"г.Элиста, Северная промышленная зона-2, д.172"
Исправительный центр № 1,"г. Волгоград, ул.им. Землячки, 14"
УФИЦ №2 ИК-4,"Краснодарский край, Успенский район, п. Мичуринский, ул. Садовая, 22"
УФИЦ №1 ИК-4,"г. Армавир, ул. Володарского 1а"
Исправительный центр № 2,"г. Волгоград, ул.им. Бахтурова, 6"
УФИЦ ИК-2,"Краснодарский край, Усть-Лабинский район, ст. Воронежская, ул. Крайняя 1"
УФИЦ №1 ИК-1,"г. Симферополь, пер. Элеваторный, 5"
УФИЦ № 2 ИК-14,"г. Краснодар, Восточная промышленная зона, ул. Тихорецкая, 20/1"
УФИЦ №4 ИК-14,"г. Краснодар, Западный обход, 2-ое отделение АФ «Солнечная», 7/4"
УФИЦ № 2 ИК-1,"Крым и Севастополь, пгт. Красногвардейское, ул. Строителей, д. 13"
СИЗО-2 Симферополь,"г. Симферополь, пер. Элеваторный, 4"
УФИЦ № 3 ИК-1,"Крым и Севастополь, Джанкойский район, с. Яркое, ул. Ленина, д. 12"
УФИЦ № 1 ИК-9,"г. Старая Русса, ул. Клубная д. 3"
УФИЦ № 2 ИК-9,"Новгородская область, п. Парфино, ул. Кирова д. 52/71"
Исправительный центр № 2,"г. Петрозаводск, ул.Жуковского, д.32 б"
УФИЦ ИК-25,"г. Сыктывкар, ул. 1-промышленная, д. 15"
УФИЦ №3 ИК-9,"Новгородская область, п. Крестцы ул. Краснова д. 2"
УФИЦ-2,"г. Петрозаводск, проезд Строителей, д.30 б"
Исправительный центр № 1,"г. Емва, ул. Калинина, д.55 а"
УФИЦ № 3 ИК-14,"Краснодарский край, Северский район,  пгт. Ильский, улица Завода Утяжелитель, 45"
УФИЦ № 1 ИК-2,"Калмыкия, Целинный район, с. Троицкое, Северная промзона"
УФИЦ № 2 ИК-2,"г. Элиста, ул. Ленина, д. 329"
Исправительный центр № 1,"г. Майкоп, ул. Кожевенная,11"
УФИЦ № 5 ИК-14,"Краснодарский край, Славянский район, пос. Вишневый, ул. Парковая д. 1"
УФИЦ ИК-6,"Краснодарский край, Выселковский район,  ст. Новомалороссийская, ул. Степная, д. 2"
УФИЦ № 1 ИК-14,"г. Славянск-на Кубани, ул. Донская 3 «а»"
УФИЦ № 3 ИК-2,"г.Элиста, Северная промышленная зона-2, д.172"
Исправительный центр № 1,"г. Волгоград, ул.им. Землячки, 14"
УФИЦ №2 ИК-4,"Краснодарский край, Успенский район, п. Мичуринский, ул. Садовая, 22"
УФИЦ №1 ИК-4,"г. Армавир, ул. Володарского 1а"
Исправительный центр № 2,"г. Волгоград, ул.им. Бахтурова, 6"
УФИЦ ИК-2,"Краснодарский край, Усть-Лабинский район, ст. Воронежская, ул. Крайняя 1"
УФИЦ №1 ИК-1,"г. Симферополь, пер. Элеваторный, 5"
УФИЦ № 2 ИК-14,"г. Краснодар, Восточная промышленная зона, ул. Тихорецкая, 20/1"
УФИЦ №4 ИК-14,"г. Краснодар, Западный обход, 2-ое отделение АФ «Солнечная», 7/4"
УФИЦ № 2 ИК-1,"Крым и Севастополь, пгт. Красногвардейское, ул. Строителей, д. 13"
СИЗО-2 Симферополь,"г. Симферополь, пер. Элеваторный, 4"
УФИЦ № 3 ИК-1,"Крым и Севастополь, Джанкойский район, с. Яркое, ул. Ленина, д. 12"
УФИЦ № 1 ИК-9,"г. Старая Русса, ул. Клубная д. 3"
УФИЦ № 2 ИК-9,"Новгородская область, п. Парфино, ул. Кирова д. 52/71"
Исправительный центр № 2,"г. Петрозаводск, ул.Жуковского, д.32 б"
УФИЦ ИК-25,"г. Сыктывкар, ул. 1-промышленная, д. 15"
УФИЦ №3 ИК-9,"Новгородская область, п. Крестцы ул. Краснова д. 2"
УФИЦ-2,"г. Петрозаводск, проезд Строителей, д.30 б"
Исправительный центр № 1,"г. Емва, ул. Калинина, д.55 а"
УФИЦ № 3 ИК-14,"Краснодарский край, Северский район,  пгт. Ильский, улица Завода Утяжелитель, 45"
УФИЦ № 1 ИК-2,"Калмыкия, Целинный район, с. Троицкое, Северная промзона"
УФИЦ № 2 ИК-2,"г. Элиста, ул. Ленина, д. 329"
Исправительный центр № 1,"г. Майкоп, ул. Кожевенная,11"
УФИЦ № 5 ИК-14,"Краснодарский край, Славянский район, пос. Вишневый, ул. Парковая д. 1"
УФИЦ ИК-6,"Краснодарский край, Выселковский район,  ст. Новомалороссийская, ул. Степная, д. 2"
УФИЦ № 1 ИК-14,"г. Славянск-на Кубани, ул. Донская 3 «а»"
УФИЦ № 3 ИК-2,"г.Элиста, Северная промышленная зона-2, д.172"
Исправительный центр № 1,"г. Волгоград, ул.им. Землячки, 14"
УФИЦ №2 ИК-4,"Краснодарский край, Успенский район, п. Мичуринский, ул. Садовая, 22"
УФИЦ №1 ИК-4,"г. Армавир, ул. Володарского 1а"
Исправительный центр № 2,"г. Волгоград, ул.им. Бахтурова, 6"
УФИЦ ИК-2,"Краснодарский край, Усть-Лабинский район, ст. Воронежская, ул. Крайняя 1"
УФИЦ №1 ИК-1,"г. Симферополь, пер. Элеваторный, 5"
УФИЦ № 2 ИК-14,"г. Краснодар, Восточная промышленная зона, ул. Тихорецкая, 20/1"
УФИЦ №4 ИК-14,"г. Краснодар, Западный обход, 2-ое отделение АФ «Солнечная», 7/4"
УФИЦ № 2 ИК-1,"Крым и Севастополь, пгт. Красногвардейское, ул. Строителей, д. 13"
СИЗО-2 Симферополь,"г. Симферополь, пер. Элеваторный, 4"
УФИЦ № 3 ИК-1,"Крым и Севастополь, Джанкойский район, с. Яркое, ул. Ленина, д. 12"
УФИЦ № 1 ИК-9,"г. Старая Русса, ул. Клубная д. 3"
УФИЦ № 2 ИК-9,"Новгородская область, п. Парфино, ул. Кирова д. 52/71"
Исправительный центр № 2,"г. Петрозаводск, ул.Жуковского, д.32 б"
УФИЦ ИК-25,"г. Сыктывкар, ул. 1-промышленная, д. 15"
УФИЦ №3 ИК-9,"Новгородская область, п. Крестцы ул. Краснова д. 2"
УФИЦ-2,"г. Петрозаводск, проезд Строителей, д.30 б"
Исправительный центр № 1,"г. Емва, ул. Калинина, д.55 а"
УФИЦ № 3 ИК-14,"Краснодарский край, Северский район,  пгт. Ильский, улица Завода Утяжелитель, 45"
УФИЦ № 1 ИК-2,"Калмыкия, Целинный район, с. Троицкое, Северная промзона"
УФИЦ № 2 ИК-2,"г. Элиста, ул. Ленина, д. 329"
Исправительный центр № 1,"г. Майкоп, ул. Кожевенная,11"
УФИЦ № 5 ИК-14,"Краснодарский край, Славянский район, пос. Вишневый, ул. Парковая д. 1"
УФИЦ ИК-6,"Краснодарский край, Выселковский район,  ст. Новомалороссийская, ул. Степная, д. 2"
УФИЦ № 1 ИК-14,"г. Славянск-на Кубани, ул. Донская 3 «а»"
УФИЦ № 3 ИК-2,"г.Элиста, Северная промышленная зона-2, д.172"
Исправительный центр № 1,"г. Волгоград, ул.им. Землячки, 14"
УФИЦ №2 ИК-4,"Краснодарский край, Успенский район, п. Мичуринский, ул. Садовая, 22"
УФИЦ №1 ИК-4,"г. Армавир, ул. Володарского 1а"
Исправительный центр № 2,"г. Волгоград, ул.им. Бахтурова, 6"
УФИЦ ИК-2,"Краснодарский край, Усть-Лабинский район, ст. Воронежская, ул. Крайняя 1"
УФИЦ №1 ИК-1,"г. Симферополь, пер. Элеваторный, 5"
УФИЦ № 2 ИК-14,"г. Краснодар, Восточная промышленная зона, ул. Тихорецкая, 20/1"
УФИЦ №4 ИК-14,"г. Краснодар, Западный обход, 2-ое отделение АФ «Солнечная», 7/4"
УФИЦ № 2 ИК-1,"Крым и Севастополь, пгт. Красногвардейское, ул. Строителей, д. 13"
СИЗО-2 Симферополь,"г. Симферополь, пер. Элеваторный, 4"
УФИЦ № 3 ИК-1,"Крым и Севастополь, Джанкойский район, с. Яркое, ул. Ленина, д. 12"
УФИЦ № 1 ИК-9,"г. Старая Русса, ул. Клубная д. 3"
УФИЦ № 2 ИК-9,"Новгородская область, п. Парфино, ул. Кирова д. 52/71"
Исправительный центр № 2,"г. Петрозаводск, ул.Жуковского, д.32 б"
УФИЦ ИК-25,"г. Сыктывкар, ул. 1-промышленная, д. 15"
УФИЦ №3 ИК-9,"Новгородская область, п. Крестцы ул. Краснова д. 2"
УФИЦ-2,"г. Петрозаводск, проезд Строителей, д.30 б"
Исправительный центр № 1,"г. Емва, ул. Калинина, д.55 а"
УФИЦ № 3 ИК-14,"Краснодарский край, Северский район,  пгт. Ильский, улица Завода Утяжелитель, 45"
УФИЦ № 1 ИК-2,"Калмыкия, Целинный район, с. Троицкое, Северная промзона"
УФИЦ № 2 ИК-2,"г. Элиста, ул. Ленина, д. 329"
Исправительный центр № 1,"г. Майкоп, ул. Кожевенная,11"
УФИЦ № 5 ИК-14,"Краснодарский край, Славянский район, пос. Вишневый, ул. Парковая д. 1"
УФИЦ ИК-6,"Краснодарский край, Выселковский район,  ст. Новомалороссийская, ул. Степная, д. 2"
УФИЦ № 1 ИК-14,"г. Славянск-на Кубани, ул. Донская 3 «а»"
УФИЦ № 3 ИК-2,"г.Элиста, Северная промышленная зона-2, д.172"
Исправительный центр № 1,"г. Волгоград, ул.им. Землячки, 14"
УФИЦ №2 ИК-4,"Краснодарский край, Успенский район, п. Мичуринский, ул. Садовая, 22"
УФИЦ №1 ИК-4,"г. Армавир, ул. Володарского 1а"
Исправительный центр № 2,"г. Волгоград, ул.им. Бахтурова, 6"
УФИЦ ИК-2,"Краснодарский край, Усть-Лабинский район, ст. Воронежская, ул. Крайняя 1"
УФИЦ №1 ИК-1,"г. Симферополь, пер. Элеваторный, 5"
УФИЦ № 2 ИК-14,"г. Краснодар, Восточная промышленная зона, ул. Тихорецкая, 20/1"
УФИЦ №4 ИК-14,"г. Краснодар, Западный обход, 2-ое отделение АФ «Солнечная», 7/4"
УФИЦ № 2 ИК-1,"Крым и Севастополь, пгт. Красногвардейское, ул. Строителей, д. 13"
СИЗО-2 Симферополь,"г. Симферополь, пер. Элеваторный, 4"
УФИЦ № 3 ИК-1,"Крым и Севастополь, Джанкойский район, с. Яркое, ул. Ленина, д. 12"
УФИЦ № 1 ИК-9,"г. Старая Русса, ул. Клубная д. 3"
УФИЦ № 2 ИК-9,"Новгородская область, п. Парфино, ул. Кирова д. 52/71"
Исправительный центр № 2,"г. Петрозаводск, ул.Жуковского, д.32 б"
УФИЦ ИК-25,"г. Сыктывкар, ул. 1-промышленная, д. 15"
УФИЦ №3 ИК-9,"Новгородская область, п. Крестцы ул. Краснова д. 2"
УФИЦ-2,"г. Петрозаводск, проезд Строителей, д.30 б"
Исправительный центр № 1,"г. Емва, ул. Калинина, д.55 а"
УФИЦ № 3 ИК-14,"Краснодарский край, Северский район,  пгт. Ильский, улица Завода Утяжелитель, 45"
УФИЦ № 1 ИК-2,"Калмыкия, Целинный район, с. Троицкое, Северная промзона"
УФИЦ № 2 ИК-2,"г. Элиста, ул. Ленина, д. 329"
Исправительный центр № 1,"г. Майкоп, ул. Кожевенная,11"
УФИЦ № 5 ИК-14,"Краснодарский край, Славянский район, пос. Вишневый, ул. Парковая д. 1"
УФИЦ ИК-6,"Краснодарский край, Выселковский район,  ст. Новомалороссийская, ул. Степная, д. 2"
УФИЦ № 1 ИК-14,"г. Славянск-на Кубани, ул. Донская 3 «а»"
УФИЦ № 3 ИК-2,"г.Элиста, Северная промышленная зона-2, д.172"
Исправительный центр № 1,"г. Волгоград, ул.им. Землячки, 14"
УФИЦ №2 ИК-4,"Краснодарский край, Успенский район, п. Мичуринский, ул. Садовая, 22"
УФИЦ №1 ИК-4,"г. Армавир, ул. Володарского 1а"
Исправительный центр № 2,"г. Волгоград, ул.им. Бахтурова, 6"
УФИЦ ИК-2,"Краснодарский край, Усть-Лабинский район, ст. Воронежская, ул. Крайняя 1"
УФИЦ №1 ИК-1,"г. Симферополь, пер. Элеваторный, 5"
УФИЦ № 2 ИК-14,"г. Краснодар, Восточная промышленная зона, ул. Тихорецкая, 20/1"
УФИЦ №4 ИК-14,"г. Краснодар, Западный обход, 2-ое отделение АФ «Солнечная», 7/4"
УФИЦ № 2 ИК-1,"Крым и Севастополь, пгт. Красногвардейское, ул. Строителей, д. 13"
СИЗО-2 Симферополь,"г. Симферополь, пер. Элеваторный, 4"
УФИЦ № 3 ИК-1,"Крым и Севастополь, Джанкойский район, с. Яркое, ул. Ленина, д. 12"
УФИЦ № 1 ИК-9,"г. Старая Русса, ул. Клубная д. 3"
УФИЦ № 2 ИК-9,"Новгородская область, п. Парфино, ул. Кирова д. 52/71"
Исправительный центр № 2,"г. Петрозаводск, ул.Жуковского, д.32 б"
УФИЦ ИК-25,"г. Сыктывкар, ул. 1-промышленная, д. 15"
УФИЦ №3 ИК-9,"Новгородская область, п. Крестцы ул. Краснова д. 2"
УФИЦ-2,"г. Петрозаводск, проезд Строителей, д.30 б"
Исправительный центр № 1,"г. Емва, ул. Калинина, д.55 а"
УФИЦ № 3 ИК-14,"Краснодарский край, Северский район,  пгт. Ильский, улица Завода Утяжелитель, 45"
УФИЦ № 1 ИК-2,"Калмыкия, Целинный район, с. Троицкое, Северная промзона"
УФИЦ № 2 ИК-2,"г. Элиста, ул. Ленина, д. 329"
Исправительный центр № 1,"г. Майкоп, ул. Кожевенная,11"
УФИЦ № 5 ИК-14,"Краснодарский край, Славянский район, пос. Вишневый, ул. Парковая д. 1"
УФИЦ ИК-6,"Краснодарский край, Выселковский район,  ст. Новомалороссийская, ул. Степная, д. 2"
УФИЦ № 1 ИК-14,"г. Славянск-на Кубани, ул. Донская 3 «а»"
УФИЦ № 3 ИК-2,"г.Элиста, Северная промышленная зона-2, д.172"
Исправительный центр № 1,"г. Волгоград, ул.им. Землячки, 14"
УФИЦ №2 ИК-4,"Краснодарский край, Успенский район, п. Мичуринский, ул. Садовая, 22"
УФИЦ №1 ИК-4,"г. Армавир, ул. Володарского 1а"
Исправительный центр № 2,"г. Волгоград, ул.им. Бахтурова, 6"
УФИЦ ИК-2,"Краснодарский край, Усть-Лабинский район, ст. Воронежская, ул. Крайняя 1"
УФИЦ №1 ИК-1,"г. Симферополь, пер. Элеваторный, 5"
УФИЦ № 2 ИК-14,"г. Краснодар, Восточная промышленная зона, ул. Тихорецкая, 20/1"
УФИЦ №4 ИК-14,"г. Краснодар, Западный обход, 2-ое отделение АФ «Солнечная», 7/4"
УФИЦ № 2 ИК-1,"Крым и Севастополь, пгт. Красногвардейское, ул. Строителей, д. 13"
СИЗО-2 Симферополь,"г. Симферополь, пер. Элеваторный, 4"
УФИЦ № 3 ИК-1,"Крым и Севастополь, Джанкойский район, с. Яркое, ул. Ленина, д. 12"
УФИЦ № 1 ИК-9,"г. Старая Русса, ул. Клубная д. 3"
УФИЦ № 2 ИК-9,"Новгородская область, п. Парфино, ул. Кирова д. 52/71"
Исправительный центр № 2,"г. Петрозаводск, ул.Жуковского, д.32 б"
УФИЦ ИК-25,"г. Сыктывкар, ул. 1-промышленная, д. 15"
УФИЦ №3 ИК-9,"Новгородская область, п. Крестцы ул. Краснова д. 2"
УФИЦ-2,"г. Петрозаводск, проезд Строителей, д.30 б"
Исправительный центр № 1,"г. Емва, ул. Калинина, д.55 а"
УФИЦ № 3 ИК-14,"Краснодарский край, Северский район,  пгт. Ильский, улица Завода Утяжелитель, 45"
УФИЦ № 1 ИК-2,"Калмыкия, Целинный район, с. Троицкое, Северная промзона"
УФИЦ № 2 ИК-2,"г. Элиста, ул. Ленина, д. 329"
Исправительный центр № 1,"г. Майкоп, ул. Кожевенная,11"
УФИЦ № 5 ИК-14,"Краснодарский край, Славянский район, пос. Вишневый, ул. Парковая д. 1"
УФИЦ ИК-6,"Краснодарский край, Выселковский район,  ст. Новомалороссийская, ул. Степная, д. 2"
УФИЦ № 1 ИК-14,"г. Славянск-на Кубани, ул. Донская 3 «а»"
УФИЦ № 3 ИК-2,"г.Элиста, Северная промышленная зона-2, д.172"
Исправительный центр № 1,"г. Волгоград, ул.им. Землячки, 14"
УФИЦ №2 ИК-4,"Краснодарский край, Успенский район, п. Мичуринский, ул. Садовая, 22"
УФИЦ №1 ИК-4,"г. Армавир, ул. Володарского 1а"
Исправительный центр № 2,"г. Волгоград, ул.им. Бахтурова, 6"
УФИЦ ИК-2,"Краснодарский край, Усть-Лабинский район, ст. Воронежская, ул. Крайняя 1"
УФИЦ №1 ИК-1,"г. Симферополь, пер. Элеваторный, 5"
УФИЦ № 2 ИК-14,"г. Краснодар, Восточная промышленная зона, ул. Тихорецкая, 20/1"
УФИЦ №4 ИК-14,"г. Краснодар, Западный обход, 2-ое отделение АФ «Солнечная», 7/4"
УФИЦ № 2 ИК-1,"Крым и Севастополь, пгт. Красногвардейское, ул. Строителей, д. 13"
СИЗО-2 Симферополь,"г. Симферополь, пер. Элеваторный, 4"
УФИЦ № 3 ИК-1,"Крым и Севастополь, Джанкойский район, с. Яркое, ул. Ленина, д. 12"
УФИЦ № 1 ИК-9,"г. Старая Русса, ул. Клубная д. 3"
УФИЦ № 2 ИК-9,"Новгородская область, п. Парфино, ул. Кирова д. 52/71"
Исправительный центр № 2,"г. Петрозаводск, ул.Жуковского, д.32 б"
УФИЦ ИК-25,"г. Сыктывкар, ул. 1-промышленная, д. 15"
УФИЦ №3 ИК-9,"Новгородская область, п. Крестцы ул. Краснова д. 2"
УФИЦ-2,"г. Петрозаводск, проезд Строителей, д.30 б"
Исправительный центр № 1,"г. Емва, ул. Калинина, д.55 а"
УФИЦ № 3 ИК-14,"Краснодарский край, Северский район,  пгт. Ильский, улица Завода Утяжелитель, 45"
УФИЦ № 1 ИК-2,"Калмыкия, Целинный район, с. Троицкое, Северная промзона"
УФИЦ № 2 ИК-2,"г. Элиста, ул. Ленина, д. 329"
Исправительный центр № 1,"г. Майкоп, ул. Кожевенная,11"
УФИЦ № 5 ИК-14,"Краснодарский край, Славянский район, пос. Вишневый, ул. Парковая д. 1"
УФИЦ ИК-6,"Краснодарский край, Выселковский район,  ст. Новомалороссийская, ул. Степная, д. 2"
УФИЦ № 1 ИК-14,"г. Славянск-на Кубани, ул. Донская 3 «а»"
УФИЦ № 3 ИК-2,"г.Элиста, Северная промышленная зона-2, д.172"
Исправительный центр № 1,"г. Волгоград, ул.им. Землячки, 14"
УФИЦ №2 ИК-4,"Краснодарский край, Успенский район, п. Мичуринский, ул. Садовая, 22"
УФИЦ №1 ИК-4,"г. Армавир, ул. Володарского 1а"
Исправительный центр № 2,"г. Волгоград, ул.им. Бахтурова, 6"
УФИЦ ИК-2,"Краснодарский край, Усть-Лабинский район, ст. Воронежская, ул. Крайняя 1"
УФИЦ №1 ИК-1,"г. Симферополь, пер. Элеваторный, 5"
УФИЦ № 2 ИК-14,"г. Краснодар, Восточная промышленная зона, ул. Тихорецкая, 20/1"
УФИЦ №4 ИК-14,"г. Краснодар, Западный обход, 2-ое отделение АФ «Солнечная», 7/4"
УФИЦ № 2 ИК-1,"Крым и Севастополь, пгт. Красногвардейское, ул. Строителей, д. 13"
СИЗО-2 Симферополь,"г. Симферополь, пер. Элеваторный, 4"
УФИЦ № 3 ИК-1,"Крым и Севастополь, Джанкойский район, с. Яркое, ул. Ленина, д. 12"
УФИЦ № 1 ИК-9,"г. Старая Русса, ул. Клубная д. 3"
УФИЦ № 2 ИК-9,"Новгородская область, п. Парфино, ул. Кирова д. 52/71"
Исправительный центр № 2,"г. Петрозаводск, ул.Жуковского, д.32 б"
УФИЦ ИК-25,"г. Сыктывкар, ул. 1-промышленная, д. 15"
УФИЦ №3 ИК-9,"Новгородская область, п. Крестцы ул. Краснова д. 2"
УФИЦ-2,"г. Петрозаводск, проезд Строителей, д.30 б"
Исправительный центр № 1,"г. Емва, ул. Калинина, д.55 а"
УФИЦ № 3 ИК-14,"Краснодарский край, Северский район,  пгт. Ильский, улица Завода Утяжелитель, 45"
УФИЦ № 1 ИК-2,"Калмыкия, Целинный район, с. Троицкое, Северная промзона"
УФИЦ № 2 ИК-2,"г. Элиста, ул. Ленина, д. 329"
Исправительный центр № 1,"г. Майкоп, ул. Кожевенная,11"
УФИЦ № 5 ИК-14,"Краснодарский край, Славянский район, пос. Вишневый, ул. Парковая д. 1"
УФИЦ ИК-6,"Краснодарский край, Выселковский район,  ст. Новомалороссийская, ул. Степная, д. 2"
УФИЦ № 1 ИК-14,"г. Славянск-на Кубани, ул. Донская 3 «а»"
УФИЦ № 3 ИК-2,"г.Элиста, Северная промышленная зона-2, д.172"
Исправительный центр № 1,"г. Волгоград, ул.им. Землячки, 14"
УФИЦ №2 ИК-4,"Краснодарский край, Успенский район, п. Мичуринский, ул. Садовая, 22"
УФИЦ №1 ИК-4,"г. Армавир, ул. Володарского 1а"
Исправительный центр № 2,"г. Волгоград, ул.им. Бахтурова, 6"
УФИЦ ИК-2,"Краснодарский край, Усть-Лабинский район, ст. Воронежская, ул. Крайняя 1"
УФИЦ №1 ИК-1,"г. Симферополь, пер. Элеваторный, 5"
УФИЦ № 2 ИК-14,"г. Краснодар, Восточная промышленная зона, ул. Тихорецкая, 20/1"
УФИЦ №4 ИК-14,"г. Краснодар, Западный обход, 2-ое отделение АФ «Солнечная», 7/4"
УФИЦ № 2 ИК-1,"Крым и Севастополь, пгт. Красногвардейское, ул. Строителей, д. 13"
СИЗО-2 Симферополь,"г. Симферополь, пер. Элеваторный, 4"
УФИЦ № 3 ИК-1,"Крым и Севастополь, Джанкойский район, с. Яркое, ул. Ленина, д. 12"
УФИЦ № 1 ИК-9,"г. Старая Русса, ул. Клубная д. 3"
УФИЦ № 2 ИК-9,"Новгородская область, п. Парфино, ул. Кирова д. 52/71"
Исправительный центр № 2,"г. Петрозаводск, ул.Жуковского, д.32 б"
УФИЦ ИК-25,"г. Сыктывкар, ул. 1-промышленная, д. 15"
УФИЦ №3 ИК-9,"Новгородская область, п. Крестцы ул. Краснова д. 2"
УФИЦ-2,"г. Петрозаводск, проезд Строителей, д.30 б"
Исправительный центр № 1,"г. Емва, ул. Калинина, д.55 а"
УФИЦ № 3 ИК-14,"Краснодарский край, Северский район,  пгт. Ильский, улица Завода Утяжелитель, 45"
УФИЦ № 1 ИК-2,"Калмыкия, Целинный район, с. Троицкое, Северная промзона"
УФИЦ № 2 ИК-2,"г. Элиста, ул. Ленина, д. 329"
Исправительный центр № 1,"г. Майкоп, ул. Кожевенная,11"
УФИЦ № 5 ИК-14,"Краснодарский край, Славянский район, пос. Вишневый, ул. Парковая д. 1"
УФИЦ ИК-6,"Краснодарский край, Выселковский район,  ст. Новомалороссийская, ул. Степная, д. 2"
УФИЦ № 1 ИК-14,"г. Славянск-на Кубани, ул. Донская 3 «а»"
УФИЦ № 3 ИК-2,"г.Элиста, Северная промышленная зона-2, д.172"
Исправительный центр № 1,"г. Волгоград, ул.им. Землячки, 14"
УФИЦ №2 ИК-4,"Краснодарский край, Успенский район, п. Мичуринский, ул. Садовая, 22"
УФИЦ №1 ИК-4,"г. Армавир, ул. Володарского 1а"
Исправительный центр № 2,"г. Волгоград, ул.им. Бахтурова, 6"
УФИЦ ИК-2,"Краснодарский край, Усть-Лабинский район, ст. Воронежская, ул. Крайняя 1"
УФИЦ №1 ИК-1,"г. Симферополь, пер. Элеваторный, 5"
УФИЦ № 2 ИК-14,"г. Краснодар, Восточная промышленная зона, ул. Тихорецкая, 20/1"
УФИЦ №4 ИК-14,"г. Краснодар, Западный обход, 2-ое отделение АФ «Солнечная», 7/4"
УФИЦ № 2 ИК-1,"Крым и Севастополь, пгт. Красногвардейское, ул. Строителей, д. 13"
СИЗО-2 Симферополь,"г. Симферополь, пер. Элеваторный, 4"
УФИЦ № 3 ИК-1,"Крым и Севастополь, Джанкойский район, с. Яркое, ул. Ленина, д. 12"
УФИЦ № 1 ИК-9,"г. Старая Русса, ул. Клубная д. 3"
УФИЦ № 2 ИК-9,"Новгородская область, п. Парфино, ул. Кирова д. 52/71"
Исправительный центр № 2,"г. Петрозаводск, ул.Жуковского, д.32 б"
УФИЦ ИК-25,"г. Сыктывкар, ул. 1-промышленная, д. 15"
УФИЦ №3 ИК-9,"Новгородская область, п. Крестцы ул. Краснова д. 2"
УФИЦ-2,"г. Петрозаводск, проезд Строителей, д.30 б"
Исправительный центр № 1,"г. Емва, ул. Калинина, д.55 а"
УФИЦ № 3 ИК-14,"Краснодарский край, Северский район,  пгт. Ильский, улица Завода Утяжелитель, 45"
УФИЦ № 1 ИК-2,"Калмыкия, Целинный район, с. Троицкое, Северная промзона"
УФИЦ № 2 ИК-2,"г. Элиста, ул. Ленина, д. 329"
Исправительный центр № 1,"г. Майкоп, ул. Кожевенная,11"
УФИЦ № 5 ИК-14,"Краснодарский край, Славянский район, пос. Вишневый, ул. Парковая д. 1"
УФИЦ ИК-6,"Краснодарский край, Выселковский район,  ст. Новомалороссийская, ул. Степная, д. 2"
УФИЦ № 1 ИК-14,"г. Славянск-на Кубани, ул. Донская 3 «а»"
УФИЦ № 3 ИК-2,"г.Элиста, Северная промышленная зона-2, д.172"
Исправительный центр № 1,"г. Волгоград, ул.им. Землячки, 14"
УФИЦ №2 ИК-4,"Краснодарский край, Успенский район, п. Мичуринский, ул. Садовая, 22"
УФИЦ №1 ИК-4,"г. Армавир, ул. Володарского 1а"
Исправительный центр № 2,"г. Волгоград, ул.им. Бахтурова, 6"
УФИЦ ИК-2,"Краснодарский край, Усть-Лабинский район, ст. Воронежская, ул. Крайняя 1"
УФИЦ №1 ИК-1,"г. Симферополь, пер. Элеваторный, 5"
УФИЦ № 2 ИК-14,"г. Краснодар, Восточная промышленная зона, ул. Тихорецкая, 20/1"
УФИЦ №4 ИК-14,"г. Краснодар, Западный обход, 2-ое отделение АФ «Солнечная», 7/4"
УФИЦ № 2 ИК-1,"Крым и Севастополь, пгт. Красногвардейское, ул. Строителей, д. 13"
СИЗО-2 Симферополь,"г. Симферополь, пер. Элеваторный, 4"
УФИЦ № 3 ИК-1,"Крым и Севастополь, Джанкойский район, с. Яркое, ул. Ленина, д. 12"
УФИЦ № 1 ИК-9,"г. Старая Русса, ул. Клубная д. 3"
УФИЦ № 2 ИК-9,"Новгородская область, п. Парфино, ул. Кирова д. 52/71"
Исправительный центр № 2,"г. Петрозаводск, ул.Жуковского, д.32 б"
УФИЦ ИК-25,"г. Сыктывкар, ул. 1-промышленная, д. 15"
УФИЦ №3 ИК-9,"Новгородская область, п. Крестцы ул. Краснова д. 2"
УФИЦ-2,"г. Петрозаводск, проезд Строителей, д.30 б"
Исправительный центр № 1,"г. Емва, ул. Калинина, д.55 а"
УФИЦ № 3 ИК-14,"Краснодарский край, Северский район,  пгт. Ильский, улица Завода Утяжелитель, 45"
УФИЦ № 1 ИК-2,"Калмыкия, Целинный район, с. Троицкое, Северная промзона"
УФИЦ № 2 ИК-2,"г. Элиста, ул. Ленина, д. 329"
Исправительный центр № 1,"г. Майкоп, ул. Кожевенная,11"
УФИЦ № 5 ИК-14,"Краснодарский край, Славянский район, пос. Вишневый, ул. Парковая д. 1"
УФИЦ ИК-6,"Краснодарский край, Выселковский район,  ст. Новомалороссийская, ул. Степная, д. 2"
УФИЦ № 1 ИК-14,"г. Славянск-на Кубани, ул. Донская 3 «а»"
УФИЦ № 3 ИК-2,"г.Элиста, Северная промышленная зона-2, д.172"
Исправительный центр № 1,"г. Волгоград, ул.им. Землячки, 14"
УФИЦ №2 ИК-4,"Краснодарский край, Успенский район, п. Мичуринский, ул. Садовая, 22"
УФИЦ №1 ИК-4,"г. Армавир, ул. Володарского 1а"
Исправительный центр № 2,"г. Волгоград, ул.им. Бахтурова, 6"
УФИЦ ИК-2,"Краснодарский край, Усть-Лабинский район, ст. Воронежская, ул. Крайняя 1"
УФИЦ №1 ИК-1,"г. Симферополь, пер. Элеваторный, 5"
УФИЦ № 2 ИК-14,"г. Краснодар, Восточная промышленная зона, ул. Тихорецкая, 20/1"
УФИЦ №4 ИК-14,"г. Краснодар, Западный обход, 2-ое отделение АФ «Солнечная», 7/4"
УФИЦ № 2 ИК-1,"Крым и Севастополь, пгт. Красногвардейское, ул. Строителей, д. 13"
СИЗО-2 Симферополь,"г. Симферополь, пер. Элеваторный, 4"
УФИЦ № 3 ИК-1,"Крым и Севастополь, Джанкойский район, с. Яркое, ул. Ленина, д. 12"
УФИЦ № 1 ИК-9,"г. Старая Русса, ул. Клубная д. 3"
УФИЦ № 2 ИК-9,"Новгородская область, п. Парфино, ул. Кирова д. 52/71"
Исправительный центр № 2,"г. Петрозаводск, ул.Жуковского, д.32 б"
УФИЦ ИК-25,"г. Сыктывкар, ул. 1-промышленная, д. 15"
УФИЦ №3 ИК-9,"Новгородская область, п. Крестцы ул. Краснова д. 2"
УФИЦ-2,"г. Петрозаводск, проезд Строителей, д.30 б"
Исправительный центр № 1,"г. Емва, ул. Калинина, д.55 а"
УФИЦ № 3 ИК-14,"Краснодарский край, Северский район,  пгт. Ильский, улица Завода Утяжелитель, 45"
УФИЦ № 1 ИК-2,"Калмыкия, Целинный район, с. Троицкое, Северная промзона"
УФИЦ № 2 ИК-2,"г. Элиста, ул. Ленина, д. 329"
Исправительный центр № 1,"г. Майкоп, ул. Кожевенная,11"
УФИЦ № 5 ИК-14,"Краснодарский край, Славянский район, пос. Вишневый, ул. Парковая д. 1"
УФИЦ ИК-6,"Краснодарский край, Выселковский район,  ст. Новомалороссийская, ул. Степная, д. 2"
УФИЦ № 1 ИК-14,"г. Славянск-на Кубани, ул. Донская 3 «а»"
УФИЦ № 3 ИК-2,"г.Элиста, Северная промышленная зона-2, д.172"
Исправительный центр № 1,"г. Волгоград, ул.им. Землячки, 14"
УФИЦ №2 ИК-4,"Краснодарский край, Успенский район, п. Мичуринский, ул. Садовая, 22"
УФИЦ №1 ИК-4,"г. Армавир, ул. Володарского 1а"
Исправительный центр № 2,"г. Волгоград, ул.им. Бахтурова, 6"
УФИЦ ИК-2,"Краснодарский край, Усть-Лабинский район, ст. Воронежская, ул. Крайняя 1"
УФИЦ №1 ИК-1,"г. Симферополь, пер. Элеваторный, 5"
УФИЦ № 2 ИК-14,"г. Краснодар, Восточная промышленная зона, ул. Тихорецкая, 20/1"
УФИЦ №4 ИК-14,"г. Краснодар, Западный обход, 2-ое отделение АФ «Солнечная», 7/4"
УФИЦ № 2 ИК-1,"Крым и Севастополь, пгт. Красногвардейское, ул. Строителей, д. 13"
СИЗО-2 Симферополь,"г. Симферополь, пер. Элеваторный, 4"
УФИЦ № 3 ИК-1,"Крым и Севастополь, Джанкойский район, с. Яркое, ул. Ленина, д. 12"
УФИЦ № 1 ИК-9,"г. Старая Русса, ул. Клубная д. 3"
УФИЦ № 2 ИК-9,"Новгородская область, п. Парфино, ул. Кирова д. 52/71"
Исправительный центр № 2,"г. Петрозаводск, ул.Жуковского, д.32 б"
УФИЦ ИК-25,"г. Сыктывкар, ул. 1-промышленная, д. 15"
УФИЦ №3 ИК-9,"Новгородская область, п. Крестцы ул. Краснова д. 2"
УФИЦ-2,"г. Петрозаводск, проезд Строителей, д.30 б"
Исправительный центр № 1,"г. Емва, ул. Калинина, д.55 а"
УФИЦ № 3 ИК-14,"Краснодарский край, Северский район,  пгт. Ильский, улица Завода Утяжелитель, 45"
УФИЦ № 1 ИК-2,"Калмыкия, Целинный район, с. Троицкое, Северная промзона"
УФИЦ № 2 ИК-2,"г. Элиста, ул. Ленина, д. 329"
Исправительный центр № 1,"г. Майкоп, ул. Кожевенная,11"
УФИЦ № 5 ИК-14,"Краснодарский край, Славянский район, пос. Вишневый, ул. Парковая д. 1"
УФИЦ ИК-6,"Краснодарский край, Выселковский район,  ст. Новомалороссийская, ул. Степная, д. 2"
УФИЦ № 1 ИК-14,"г. Славянск-на Кубани, ул. Донская 3 «а»"
УФИЦ № 3 ИК-2,"г.Элиста, Северная промышленная зона-2, д.172"
Исправительный центр № 1,"г. Волгоград, ул.им. Землячки, 14"
УФИЦ №2 ИК-4,"Краснодарский край, Успенский район, п. Мичуринский, ул. Садовая, 22"
УФИЦ №1 ИК-4,"г. Армавир, ул. Володарского 1а"
Исправительный центр № 2,"г. Волгоград, ул.им. Бахтурова, 6"
УФИЦ ИК-2,"Краснодарский край, Усть-Лабинский район, ст. Воронежская, ул. Крайняя 1"
УФИЦ №1 ИК-1,"г. Симферополь, пер. Элеваторный, 5"
УФИЦ № 2 ИК-14,"г. Краснодар, Восточная промышленная зона, ул. Тихорецкая, 20/1"
УФИЦ №4 ИК-14,"г. Краснодар, Западный обход, 2-ое отделение АФ «Солнечная», 7/4"
УФИЦ № 2 ИК-1,"Крым и Севастополь, пгт. Красногвардейское, ул. Строителей, д. 13"
СИЗО-2 Симферополь,"г. Симферополь, пер. Элеваторный, 4"
УФИЦ № 3 ИК-1,"Крым и Севастополь, Джанкойский район, с. Яркое, ул. Ленина, д. 12"
УФИЦ № 1 ИК-9,"г. Старая Русса, ул. Клубная д. 3"
УФИЦ № 2 ИК-9,"Новгородская область, п. Парфино, ул. Кирова д. 52/71"
Исправительный центр № 2,"г. Петрозаводск, ул.Жуковского, д.32 б"
УФИЦ ИК-25,"г. Сыктывкар, ул. 1-промышленная, д. 15"
УФИЦ №3 ИК-9,"Новгородская область, п. Крестцы ул. Краснова д. 2"
УФИЦ-2,"г. Петрозаводск, проезд Строителей, д.30 б"
Исправительный центр № 1,"г. Емва, ул. Калинина, д.55 а"
УФИЦ № 3 ИК-14,"Краснодарский край, Северский район,  пгт. Ильский, улица Завода Утяжелитель, 45"
УФИЦ № 1 ИК-2,"Калмыкия, Целинный район, с. Троицкое, Северная промзона"
УФИЦ № 2 ИК-2,"г. Элиста, ул. Ленина, д. 329"
Исправительный центр № 1,"г. Майкоп, ул. Кожевенная,11"
УФИЦ № 5 ИК-14,"Краснодарский край, Славянский район, пос. Вишневый, ул. Парковая д. 1"
УФИЦ ИК-6,"Краснодарский край, Выселковский район,  ст. Новомалороссийская, ул. Степная, д. 2"
УФИЦ № 1 ИК-14,"г. Славянск-на Кубани, ул. Донская 3 «а»"
УФИЦ № 3 ИК-2,"г.Элиста, Северная промышленная зона-2, д.172"
Исправительный центр № 1,"г. Волгоград, ул.им. Землячки, 14"
УФИЦ №2 ИК-4,"Краснодарский край, Успенский район, п. Мичуринский, ул. Садовая, 22"
УФИЦ №1 ИК-4,"г. Армавир, ул. Володарского 1а"
Исправительный центр № 2,"г. Волгоград, ул.им. Бахтурова, 6"
УФИЦ ИК-2,"Краснодарский край, Усть-Лабинский район, ст. Воронежская, ул. Крайняя 1"
УФИЦ №1 ИК-1,"г. Симферополь, пер. Элеваторный, 5"
УФИЦ № 2 ИК-14,"г. Краснодар, Восточная промышленная зона, ул. Тихорецкая, 20/1"
УФИЦ №4 ИК-14,"г. Краснодар, Западный обход, 2-ое отделение АФ «Солнечная», 7/4"
УФИЦ № 2 ИК-1,"Крым и Севастополь, пгт. Красногвардейское, ул. Строителей, д. 13"
СИЗО-2 Симферополь,"г. Симферополь, пер. Элеваторный, 4"
УФИЦ № 3 ИК-1,"Крым и Севастополь, Джанкойский район, с. Яркое, ул. Ленина, д. 12"
УФИЦ № 1 ИК-9,"г. Старая Русса, ул. Клубная д. 3"
УФИЦ № 2 ИК-9,"Новгородская область, п. Парфино, ул. Кирова д. 52/71"
Исправительный центр № 2,"г. Петрозаводск, ул.Жуковского, д.32 б"
УФИЦ ИК-25,"г. Сыктывкар, ул. 1-промышленная, д. 15"
УФИЦ №3 ИК-9,"Новгородская область, п. Крестцы ул. Краснова д. 2"
УФИЦ-2,"г. Петрозаводск, проезд Строителей, д.30 б"
Исправительный центр № 1,"г. Емва, ул. Калинина, д.55 а"
УФИЦ № 3 ИК-14,"Краснодарский край, Северский район,  пгт. Ильский, улица Завода Утяжелитель, 45"
УФИЦ № 1 ИК-2,"Калмыкия, Целинный район, с. Троицкое, Северная промзона"
УФИЦ № 2 ИК-2,"г. Элиста, ул. Ленина, д. 329"
Исправительный центр № 1,"г. Майкоп, ул. Кожевенная,11"
УФИЦ № 5 ИК-14,"Краснодарский край, Славянский район, пос. Вишневый, ул. Парковая д. 1"
УФИЦ ИК-6,"Краснодарский край, Выселковский район,  ст. Новомалороссийская, ул. Степная, д. 2"
УФИЦ № 1 ИК-14,"г. Славянск-на Кубани, ул. Донская 3 «а»"
УФИЦ № 3 ИК-2,"г.Элиста, Северная промышленная зона-2, д.172"
Исправительный центр № 1,"г. Волгоград, ул.им. Землячки, 14"
УФИЦ №2 ИК-4,"Краснодарский край, Успенский район, п. Мичуринский, ул. Садовая, 22"
УФИЦ №1 ИК-4,"г. Армавир, ул. Володарского 1а"
Исправительный центр № 2,"г. Волгоград, ул.им. Бахтурова, 6"
УФИЦ ИК-2,"Краснодарский край, Усть-Лабинский район, ст. Воронежская, ул. Крайняя 1"
УФИЦ №1 ИК-1,"г. Симферополь, пер. Элеваторный, 5"
УФИЦ № 2 ИК-14,"г. Краснодар, Восточная промышленная зона, ул. Тихорецкая, 20/1"
УФИЦ №4 ИК-14,"г. Краснодар, Западный обход, 2-ое отделение АФ «Солнечная», 7/4"
УФИЦ № 2 ИК-1,"Крым и Севастополь, пгт. Красногвардейское, ул. Строителей, д. 13"
СИЗО-2 Симферополь,"г. Симферополь, пер. Элеваторный, 4"
УФИЦ № 3 ИК-1,"Крым и Севастополь, Джанкойский район, с. Яркое, ул. Ленина, д. 12"
УФИЦ № 1 ИК-9,"г. Старая Русса, ул. Клубная д. 3"
УФИЦ № 2 ИК-9,"Новгородская область, п. Парфино, ул. Кирова д. 52/71"
Исправительный центр № 2,"г. Петрозаводск, ул.Жуковского, д.32 б"
УФИЦ ИК-25,"г. Сыктывкар, ул. 1-промышленная, д. 15"
УФИЦ №3 ИК-9,"Новгородская область, п. Крестцы ул. Краснова д. 2"
УФИЦ-2,"г. Петрозаводск, проезд Строителей, д.30 б"
Исправительный центр № 1,"г. Емва, ул. Калинина, д.55 а"
УФИЦ № 3 ИК-14,"Краснодарский край, Северский район,  пгт. Ильский, улица Завода Утяжелитель, 45"
УФИЦ № 1 ИК-2,"Калмыкия, Целинный район, с. Троицкое, Северная промзона"
УФИЦ № 2 ИК-2,"г. Элиста, ул. Ленина, д. 329"
Исправительный центр № 1,"г. Майкоп, ул. Кожевенная,11"
УФИЦ № 5 ИК-14,"Краснодарский край, Славянский район, пос. Вишневый, ул. Парковая д. 1"
УФИЦ ИК-6,"Краснодарский край, Выселковский район,  ст. Новомалороссийская, ул. Степная, д. 2"
УФИЦ № 1 ИК-14,"г. Славянск-на Кубани, ул. Донская 3 «а»"
УФИЦ № 3 ИК-2,"г.Элиста, Северная промышленная зона-2, д.172"
Исправительный центр № 1,"г. Волгоград, ул.им. Землячки, 14"
УФИЦ №2 ИК-4,"Краснодарский край, Успенский район, п. Мичуринский, ул. Садовая, 22"
УФИЦ №1 ИК-4,"г. Армавир, ул. Володарского 1а"
Исправительный центр № 2,"г. Волгоград, ул.им. Бахтурова, 6"
УФИЦ ИК-2,"Краснодарский край, Усть-Лабинский район, ст. Воронежская, ул. Крайняя 1"
УФИЦ №1 ИК-1,"г. Симферополь, пер. Элеваторный, 5"
УФИЦ № 2 ИК-14,"г. Краснодар, Восточная промышленная зона, ул. Тихорецкая, 20/1"
УФИЦ №4 ИК-14,"г. Краснодар, Западный обход, 2-ое отделение АФ «Солнечная», 7/4"
УФИЦ № 2 ИК-1,"Крым и Севастополь, пгт. Красногвардейское, ул. Строителей, д. 13"
СИЗО-2 Симферополь,"г. Симферополь, пер. Элеваторный, 4"
УФИЦ № 3 ИК-1,"Крым и Севастополь, Джанкойский район, с. Яркое, ул. Ленина, д. 12"
УФИЦ № 1 ИК-9,"г. Старая Русса, ул. Клубная д. 3"
УФИЦ № 2 ИК-9,"Новгородская область, п. Парфино, ул. Кирова д. 52/71"
Исправительный центр № 2,"г. Петрозаводск, ул.Жуковского, д.32 б"
УФИЦ ИК-25,"г. Сыктывкар, ул. 1-промышленная, д. 15"
УФИЦ №3 ИК-9,"Новгородская область, п. Крестцы ул. Краснова д. 2"
УФИЦ-2,"г. Петрозаводск, проезд Строителей, д.30 б"
Исправительный центр № 1,"г. Емва, ул. Калинина, д.55 а"
УФИЦ № 3 ИК-14,"Краснодарский край, Северский район,  пгт. Ильский, улица Завода Утяжелитель, 45"
УФИЦ № 1 ИК-2,"Калмыкия, Целинный район, с. Троицкое, Северная промзона"
УФИЦ № 2 ИК-2,"г. Элиста, ул. Ленина, д. 329"
Исправительный центр № 1,"г. Майкоп, ул. Кожевенная,11"
УФИЦ № 5 ИК-14,"Краснодарский край, Славянский район, пос. Вишневый, ул. Парковая д. 1"
УФИЦ ИК-6,"Краснодарский край, Выселковский район,  ст. Новомалороссийская, ул. Степная, д. 2"
УФИЦ № 1 ИК-14,"г. Славянск-на Кубани, ул. Донская 3 «а»"
УФИЦ № 3 ИК-2,"г.Элиста, Северная промышленная зона-2, д.172"
Исправительный центр № 1,"г. Волгоград, ул.им. Землячки, 14"
УФИЦ №2 ИК-4,"Краснодарский край, Успенский район, п. Мичуринский, ул. Садовая, 22"
УФИЦ №1 ИК-4,"г. Армавир, ул. Володарского 1а"
Исправительный центр № 2,"г. Волгоград, ул.им. Бахтурова, 6"
УФИЦ ИК-2,"Краснодарский край, Усть-Лабинский район, ст. Воронежская, ул. Крайняя 1"
УФИЦ №1 ИК-1,"г. Симферополь, пер. Элеваторный, 5"
УФИЦ № 2 ИК-14,"г. Краснодар, Восточная промышленная зона, ул. Тихорецкая, 20/1"
УФИЦ №4 ИК-14,"г. Краснодар, Западный обход, 2-ое отделение АФ «Солнечная», 7/4"
УФИЦ № 2 ИК-1,"Крым и Севастополь, пгт. Красногвардейское, ул. Строителей, д. 13"
СИЗО-2 Симферополь,"г. Симферополь, пер. Элеваторный, 4"
УФИЦ № 3 ИК-1,"Крым и Севастополь, Джанкойский район, с. Яркое, ул. Ленина, д. 12"
УФИЦ № 1 ИК-9,"г. Старая Русса, ул. Клубная д. 3"
УФИЦ № 2 ИК-9,"Новгородская область, п. Парфино, ул. Кирова д. 52/71"
Исправительный центр № 2,"г. Петрозаводск, ул.Жуковского, д.32 б"
УФИЦ ИК-25,"г. Сыктывкар, ул. 1-промышленная, д. 15"
УФИЦ №3 ИК-9,"Новгородская область, п. Крестцы ул. Краснова д. 2"
УФИЦ-2,"г. Петрозаводск, проезд Строителей, д.30 б"
Исправительный центр № 1,"г. Емва, ул. Калинина, д.55 а"
УФИЦ № 3 ИК-14,"Краснодарский край, Северский район,  пгт. Ильский, улица Завода Утяжелитель, 45"
УФИЦ № 1 ИК-2,"Калмыкия, Целинный район, с. Троицкое, Северная промзона"
УФИЦ № 2 ИК-2,"г. Элиста, ул. Ленина, д. 329"
Исправительный центр № 1,"г. Майкоп, ул. Кожевенная,11"
УФИЦ № 5 ИК-14,"Краснодарский край, Славянский район, пос. Вишневый, ул. Парковая д. 1"
УФИЦ ИК-6,"Краснодарский край, Выселковский район,  ст. Новомалороссийская, ул. Степная, д. 2"
УФИЦ № 1 ИК-14,"г. Славянск-на Кубани, ул. Донская 3 «а»"
УФИЦ № 3 ИК-2,"г.Элиста, Северная промышленная зона-2, д.172"
Исправительный центр № 1,"г. Волгоград, ул.им. Землячки, 14"
УФИЦ №2 ИК-4,"Краснодарский край, Успенский район, п. Мичуринский, ул. Садовая, 22"
УФИЦ №1 ИК-4,"г. Армавир, ул. Володарского 1а"
Исправительный центр № 2,"г. Волгоград, ул.им. Бахтурова, 6"
УФИЦ ИК-2,"Краснодарский край, Усть-Лабинский район, ст. Воронежская, ул. Крайняя 1"
УФИЦ №1 ИК-1,"г. Симферополь, пер. Элеваторный, 5"
УФИЦ № 2 ИК-14,"г. Краснодар, Восточная промышленная зона, ул. Тихорецкая, 20/1"
УФИЦ №4 ИК-14,"г. Краснодар, Западный обход, 2-ое отделение АФ «Солнечная», 7/4"
УФИЦ № 2 ИК-1,"Крым и Севастополь, пгт. Красногвардейское, ул. Строителей, д. 13"
СИЗО-2 Симферополь,"г. Симферополь, пер. Элеваторный, 4"
УФИЦ № 3 ИК-1,"Крым и Севастополь, Джанкойский район, с. Яркое, ул. Ленина, д. 12"
УФИЦ № 1 ИК-9,"г. Старая Русса, ул. Клубная д. 3"
УФИЦ № 2 ИК-9,"Новгородская область, п. Парфино, ул. Кирова д. 52/71"
Исправительный центр № 2,"г. Петрозаводск, ул.Жуковского, д.32 б"
УФИЦ ИК-25,"г. Сыктывкар, ул. 1-промышленная, д. 15"
УФИЦ №3 ИК-9,"Новгородская область, п. Крестцы ул. Краснова д. 2"
УФИЦ-2,"г. Петрозаводск, проезд Строителей, д.30 б"
Исправительный центр № 1,"г. Емва, ул. Калинина, д.55 а"
УФИЦ № 3 ИК-14,"Краснодарский край, Северский район,  пгт. Ильский, улица Завода Утяжелитель, 45"
УФИЦ № 1 ИК-2,"Калмыкия, Целинный район, с. Троицкое, Северная промзона"
УФИЦ № 2 ИК-2,"г. Элиста, ул. Ленина, д. 329"
Исправительный центр № 1,"г. Майкоп, ул. Кожевенная,11"
УФИЦ № 5 ИК-14,"Краснодарский край, Славянский район, пос. Вишневый, ул. Парковая д. 1"
УФИЦ ИК-6,"Краснодарский край, Выселковский район,  ст. Новомалороссийская, ул. Степная, д. 2"
УФИЦ № 1 ИК-14,"г. Славянск-на Кубани, ул. Донская 3 «а»"
УФИЦ № 3 ИК-2,"г.Элиста, Северная промышленная зона-2, д.172"
Исправительный центр № 1,"г. Волгоград, ул.им. Землячки, 14"
УФИЦ №2 ИК-4,"Краснодарский край, Успенский район, п. Мичуринский, ул. Садовая, 22"
УФИЦ №1 ИК-4,"г. Армавир, ул. Володарского 1а"
Исправительный центр № 2,"г. Волгоград, ул.им. Бахтурова, 6"
УФИЦ ИК-2,"Краснодарский край, Усть-Лабинский район, ст. Воронежская, ул. Крайняя 1"
УФИЦ №1 ИК-1,"г. Симферополь, пер. Элеваторный, 5"
УФИЦ № 2 ИК-14,"г. Краснодар, Восточная промышленная зона, ул. Тихорецкая, 20/1"
УФИЦ №4 ИК-14,"г. Краснодар, Западный обход, 2-ое отделение АФ «Солнечная», 7/4"
УФИЦ № 2 ИК-1,"Крым и Севастополь, пгт. Красногвардейское, ул. Строителей, д. 13"
СИЗО-2 Симферополь,"г. Симферополь, пер. Элеваторный, 4"
УФИЦ № 3 ИК-1,"Крым и Севастополь, Джанкойский район, с. Яркое, ул. Ленина, д. 12"
УФИЦ № 1 ИК-9,"г. Старая Русса, ул. Клубная д. 3"
УФИЦ № 2 ИК-9,"Новгородская область, п. Парфино, ул. Кирова д. 52/71"
Исправительный центр № 2,"г. Петрозаводск, ул.Жуковского, д.32 б"
УФИЦ ИК-25,"г. Сыктывкар, ул. 1-промышленная, д. 15"
УФИЦ №3 ИК-9,"Новгородская область, п. Крестцы ул. Краснова д. 2"
УФИЦ-2,"г. Петрозаводск, проезд Строителей, д.30 б"
Исправительный центр № 1,"г. Емва, ул. Калинина, д.55 а"
УФИЦ № 3 ИК-14,"Краснодарский край, Северский район,  пгт. Ильский, улица Завода Утяжелитель, 45"
УФИЦ № 1 ИК-2,"Калмыкия, Целинный район, с. Троицкое, Северная промзона"
УФИЦ № 2 ИК-2,"г. Элиста, ул. Ленина, д. 329"
Исправительный центр № 1,"г. Майкоп, ул. Кожевенная,11"
УФИЦ № 5 ИК-14,"Краснодарский край, Славянский район, пос. Вишневый, ул. Парковая д. 1"
УФИЦ ИК-6,"Краснодарский край, Выселковский район,  ст. Новомалороссийская, ул. Степная, д. 2"
УФИЦ № 1 ИК-14,"г. Славянск-на Кубани, ул. Донская 3 «а»"
УФИЦ № 3 ИК-2,"г.Элиста, Северная промышленная зона-2, д.172"
Исправительный центр № 1,"г. Волгоград, ул.им. Землячки, 14"
УФИЦ №2 ИК-4,"Краснодарский край, Успенский район, п. Мичуринский, ул. Садовая, 22"
УФИЦ №1 ИК-4,"г. Армавир, ул. Володарского 1а"
Исправительный центр № 2,"г. Волгоград, ул.им. Бахтурова, 6"
УФИЦ ИК-2,"Краснодарский край, Усть-Лабинский район, ст. Воронежская, ул. Крайняя 1"
УФИЦ №1 ИК-1,"г. Симферополь, пер. Элеваторный, 5"
УФИЦ № 2 ИК-14,"г. Краснодар, Восточная промышленная зона, ул. Тихорецкая, 20/1"
УФИЦ №4 ИК-14,"г. Краснодар, Западный обход, 2-ое отделение АФ «Солнечная», 7/4"
УФИЦ № 2 ИК-1,"Крым и Севастополь, пгт. Красногвардейское, ул. Строителей, д. 13"
СИЗО-2 Симферополь,"г. Симферополь, пер. Элеваторный, 4"
УФИЦ № 3 ИК-1,"Крым и Севастополь, Джанкойский район, с. Яркое, ул. Ленина, д. 12"
УФИЦ № 1 ИК-9,"г. Старая Русса, ул. Клубная д. 3"
УФИЦ № 2 ИК-9,"Новгородская область, п. Парфино, ул. Кирова д. 52/71"
Исправительный центр № 2,"г. Петрозаводск, ул.Жуковского, д.32 б"
УФИЦ ИК-25,"г. Сыктывкар, ул. 1-промышленная, д. 15"
УФИЦ №3 ИК-9,"Новгородская область, п. Крестцы ул. Краснова д. 2"
УФИЦ-2,"г. Петрозаводск, проезд Строителей, д.30 б"
Исправительный центр № 1,"г. Емва, ул. Калинина, д.55 а"
УФИЦ № 3 ИК-14,"Краснодарский край, Северский район,  пгт. Ильский, улица Завода Утяжелитель, 45"
УФИЦ № 1 ИК-2,"Калмыкия, Целинный район, с. Троицкое, Северная промзона"
УФИЦ № 2 ИК-2,"г. Элиста, ул. Ленина, д. 329"
Исправительный центр № 1,"г. Майкоп, ул. Кожевенная,11"
УФИЦ № 5 ИК-14,"Краснодарский край, Славянский район, пос. Вишневый, ул. Парковая д. 1"
УФИЦ ИК-6,"Краснодарский край, Выселковский район,  ст. Новомалороссийская, ул. Степная, д. 2"
УФИЦ № 1 ИК-14,"г. Славянск-на Кубани, ул. Донская 3 «а»"
УФИЦ № 3 ИК-2,"г.Элиста, Северная промышленная зона-2, д.172"
Исправительный центр № 1,"г. Волгоград, ул.им. Землячки, 14"
УФИЦ №2 ИК-4,"Краснодарский край, Успенский район, п. Мичуринский, ул. Садовая, 22"
УФИЦ №1 ИК-4,"г. Армавир, ул. Володарского 1а"
Исправительный центр № 2,"г. Волгоград, ул.им. Бахтурова, 6"
УФИЦ ИК-2,"Краснодарский край, Усть-Лабинский район, ст. Воронежская, ул. Крайняя 1"
УФИЦ №1 ИК-1,"г. Симферополь, пер. Элеваторный, 5"
УФИЦ № 2 ИК-14,"г. Краснодар, Восточная промышленная зона, ул. Тихорецкая, 20/1"
УФИЦ №4 ИК-14,"г. Краснодар, Западный обход, 2-ое отделение АФ «Солнечная», 7/4"
УФИЦ № 2 ИК-1,"Крым и Севастополь, пгт. Красногвардейское, ул. Строителей, д. 13"
СИЗО-2 Симферополь,"г. Симферополь, пер. Элеваторный, 4"
УФИЦ № 3 ИК-1,"Крым и Севастополь, Джанкойский район, с. Яркое, ул. Ленина, д. 12"
УФИЦ № 1 ИК-9,"г. Старая Русса, ул. Клубная д. 3"
УФИЦ № 2 ИК-9,"Новгородская область, п. Парфино, ул. Кирова д. 52/71"
Исправительный центр № 2,"г. Петрозаводск, ул.Жуковского, д.32 б"
УФИЦ ИК-25,"г. Сыктывкар, ул. 1-промышленная, д. 15"
УФИЦ №3 ИК-9,"Новгородская область, п. Крестцы ул. Краснова д. 2"
УФИЦ-2,"г. Петрозаводск, проезд Строителей, д.30 б"
Исправительный центр № 1,"г. Емва, ул. Калинина, д.55 а"
УФИЦ № 3 ИК-14,"Краснодарский край, Северский район,  пгт. Ильский, улица Завода Утяжелитель, 45"
УФИЦ № 1 ИК-2,"Калмыкия, Целинный район, с. Троицкое, Северная промзона"
УФИЦ № 2 ИК-2,"г. Элиста, ул. Ленина, д. 329"
Исправительный центр № 1,"г. Майкоп, ул. Кожевенная,11"
УФИЦ № 5 ИК-14,"Краснодарский край, Славянский район, пос. Вишневый, ул. Парковая д. 1"
УФИЦ ИК-6,"Краснодарский край, Выселковский район,  ст. Новомалороссийская, ул. Степная, д. 2"
УФИЦ № 1 ИК-14,"г. Славянск-на Кубани, ул. Донская 3 «а»"
УФИЦ № 3 ИК-2,"г.Элиста, Северная промышленная зона-2, д.172"
Исправительный центр № 1,"г. Волгоград, ул.им. Землячки, 14"
УФИЦ №2 ИК-4,"Краснодарский край, Успенский район, п. Мичуринский, ул. Садовая, 22"
УФИЦ №1 ИК-4,"г. Армавир, ул. Володарского 1а"
Исправительный центр № 2,"г. Волгоград, ул.им. Бахтурова, 6"
УФИЦ ИК-2,"Краснодарский край, Усть-Лабинский район, ст. Воронежская, ул. Крайняя 1"
УФИЦ №1 ИК-1,"г. Симферополь, пер. Элеваторный, 5"
УФИЦ № 2 ИК-14,"г. Краснодар, Восточная промышленная зона, ул. Тихорецкая, 20/1"
УФИЦ №4 ИК-14,"г. Краснодар, Западный обход, 2-ое отделение АФ «Солнечная», 7/4"
УФИЦ № 2 ИК-1,"Крым и Севастополь, пгт. Красногвардейское, ул. Строителей, д. 13"
СИЗО-2 Симферополь,"г. Симферополь, пер. Элеваторный, 4"
УФИЦ № 3 ИК-1,"Крым и Севастополь, Джанкойский район, с. Яркое, ул. Ленина, д. 12"
УФИЦ № 1 ИК-9,"г. Старая Русса, ул. Клубная д. 3"
УФИЦ № 2 ИК-9,"Новгородская область, п. Парфино, ул. Кирова д. 52/71"
Исправительный центр № 2,"г. Петрозаводск, ул.Жуковского, д.32 б"
УФИЦ ИК-25,"г. Сыктывкар, ул. 1-промышленная, д. 15"
УФИЦ №3 ИК-9,"Новгородская область, п. Крестцы ул. Краснова д. 2"
УФИЦ-2,"г. Петрозаводск, проезд Строителей, д.30 б"
Исправительный центр № 1,"г. Емва, ул. Калинина, д.55 а"
УФИЦ № 3 ИК-14,"Краснодарский край, Северский район,  пгт. Ильский, улица Завода Утяжелитель, 45"
УФИЦ № 1 ИК-2,"Калмыкия, Целинный район, с. Троицкое, Северная промзона"
УФИЦ № 2 ИК-2,"г. Элиста, ул. Ленина, д. 329"
Исправительный центр № 1,"г. Майкоп, ул. Кожевенная,11"
УФИЦ № 5 ИК-14,"Краснодарский край, Славянский район, пос. Вишневый, ул. Парковая д. 1"
УФИЦ ИК-6,"Краснодарский край, Выселковский район,  ст. Новомалороссийская, ул. Степная, д. 2"
УФИЦ № 1 ИК-14,"г. Славянск-на Кубани, ул. Донская 3 «а»"
УФИЦ № 3 ИК-2,"г.Элиста, Северная промышленная зона-2, д.172"
Исправительный центр № 1,"г. Волгоград, ул.им. Землячки, 14"
УФИЦ №2 ИК-4,"Краснодарский край, Успенский район, п. Мичуринский, ул. Садовая, 22"
УФИЦ №1 ИК-4,"г. Армавир, ул. Володарского 1а"
Исправительный центр № 2,"г. Волгоград, ул.им. Бахтурова, 6"
УФИЦ ИК-2,"Краснодарский край, Усть-Лабинский район, ст. Воронежская, ул. Крайняя 1"
УФИЦ №1 ИК-1,"г. Симферополь, пер. Элеваторный, 5"
УФИЦ № 2 ИК-14,"г. Краснодар, Восточная промышленная зона, ул. Тихорецкая, 20/1"
УФИЦ №4 ИК-14,"г. Краснодар, Западный обход, 2-ое отделение АФ «Солнечная», 7/4"
УФИЦ № 2 ИК-1,"Крым и Севастополь, пгт. Красногвардейское, ул. Строителей, д. 13"
СИЗО-2 Симферополь,"г. Симферополь, пер. Элеваторный, 4"
УФИЦ № 3 ИК-1,"Крым и Севастополь, Джанкойский район, с. Яркое, ул. Ленина, д. 12"
УФИЦ № 1 ИК-9,"г. Старая Русса, ул. Клубная д. 3"
УФИЦ № 2 ИК-9,"Новгородская область, п. Парфино, ул. Кирова д. 52/71"
Исправительный центр № 2,"г. Петрозаводск, ул.Жуковского, д.32 б"
УФИЦ ИК-25,"г. Сыктывкар, ул. 1-промышленная, д. 15"
УФИЦ №3 ИК-9,"Новгородская область, п. Крестцы ул. Краснова д. 2"
УФИЦ-2,"г. Петрозаводск, проезд Строителей, д.30 б"
Исправительный центр № 1,"г. Емва, ул. Калинина, д.55 а"
УФИЦ № 3 ИК-14,"Краснодарский край, Северский район,  пгт. Ильский, улица Завода Утяжелитель, 45"
УФИЦ № 1 ИК-2,"Калмыкия, Целинный район, с. Троицкое, Северная промзона"
УФИЦ № 2 ИК-2,"г. Элиста, ул. Ленина, д. 329"
Исправительный центр № 1,"г. Майкоп, ул. Кожевенная,11"
УФИЦ № 5 ИК-14,"Краснодарский край, Славянский район, пос. Вишневый, ул. Парковая д. 1"
УФИЦ ИК-6,"Краснодарский край, Выселковский район,  ст. Новомалороссийская, ул. Степная, д. 2"
УФИЦ № 1 ИК-14,"г. Славянск-на Кубани, ул. Донская 3 «а»"
УФИЦ № 3 ИК-2,"г.Элиста, Северная промышленная зона-2, д.172"
Исправительный центр № 1,"г. Волгоград, ул.им. Землячки, 14"
УФИЦ №2 ИК-4,"Краснодарский край, Успенский район, п. Мичуринский, ул. Садовая, 22"
УФИЦ №1 ИК-4,"г. Армавир, ул. Володарского 1а"
Исправительный центр № 2,"г. Волгоград, ул.им. Бахтурова, 6"
УФИЦ ИК-2,"Краснодарский край, Усть-Лабинский район, ст. Воронежская, ул. Крайняя 1"
УФИЦ №1 ИК-1,"г. Симферополь, пер. Элеваторный, 5"
УФИЦ № 2 ИК-14,"г. Краснодар, Восточная промышленная зона, ул. Тихорецкая, 20/1"
УФИЦ №4 ИК-14,"г. Краснодар, Западный обход, 2-ое отделение АФ «Солнечная», 7/4"
УФИЦ № 2 ИК-1,"Крым и Севастополь, пгт. Красногвардейское, ул. Строителей, д. 13"
СИЗО-2 Симферополь,"г. Симферополь, пер. Элеваторный, 4"
УФИЦ № 3 ИК-1,"Крым и Севастополь, Джанкойский район, с. Яркое, ул. Ленина, д. 12"
УФИЦ № 1 ИК-9,"г. Старая Русса, ул. Клубная д. 3"
УФИЦ № 2 ИК-9,"Новгородская область, п. Парфино, ул. Кирова д. 52/71"
Исправительный центр № 2,"г. Петрозаводск, ул.Жуковского, д.32 б"
УФИЦ ИК-25,"г. Сыктывкар, ул. 1-промышленная, д. 15"
УФИЦ №3 ИК-9,"Новгородская область, п. Крестцы ул. Краснова д. 2"
УФИЦ-2,"г. Петрозаводск, проезд Строителей, д.30 б"
Исправительный центр № 1,"г. Емва, ул. Калинина, д.55 а"
УФИЦ № 3 ИК-14,"Краснодарский край, Северский район,  пгт. Ильский, улица Завода Утяжелитель, 45"
УФИЦ № 1 ИК-2,"Калмыкия, Целинный район, с. Троицкое, Северная промзона"
УФИЦ № 2 ИК-2,"г. Элиста, ул. Ленина, д. 329"
Исправительный центр № 1,"г. Майкоп, ул. Кожевенная,11"
УФИЦ № 5 ИК-14,"Краснодарский край, Славянский район, пос. Вишневый, ул. Парковая д. 1"
УФИЦ ИК-6,"Краснодарский край, Выселковский район,  ст. Новомалороссийская, ул. Степная, д. 2"
УФИЦ № 1 ИК-14,"г. Славянск-на Кубани, ул. Донская 3 «а»"
УФИЦ № 3 ИК-2,"г.Элиста, Северная промышленная зона-2, д.172"
Исправительный центр № 1,"г. Волгоград, ул.им. Землячки, 14"
УФИЦ №2 ИК-4,"Краснодарский край, Успенский район, п. Мичуринский, ул. Садовая, 22"
УФИЦ №1 ИК-4,"г. Армавир, ул. Володарского 1а"
Исправительный центр № 2,"г. Волгоград, ул.им. Бахтурова, 6"
УФИЦ ИК-2,"Краснодарский край, Усть-Лабинский район, ст. Воронежская, ул. Крайняя 1"
УФИЦ №1 ИК-1,"г. Симферополь, пер. Элеваторный, 5"
УФИЦ № 2 ИК-14,"г. Краснодар, Восточная промышленная зона, ул. Тихорецкая, 20/1"
УФИЦ №4 ИК-14,"г. Краснодар, Западный обход, 2-ое отделение АФ «Солнечная», 7/4"
УФИЦ № 2 ИК-1,"Крым и Севастополь, пгт. Красногвардейское, ул. Строителей, д. 13"
СИЗО-2 Симферополь,"г. Симферополь, пер. Элеваторный, 4"
УФИЦ № 3 ИК-1,"Крым и Севастополь, Джанкойский район, с. Яркое, ул. Ленина, д. 12"
УФИЦ № 1 ИК-9,"г. Старая Русса, ул. Клубная д. 3"
УФИЦ № 2 ИК-9,"Новгородская область, п. Парфино, ул. Кирова д. 52/71"
Исправительный центр № 2,"г. Петрозаводск, ул.Жуковского, д.32 б"
УФИЦ ИК-25,"г. Сыктывкар, ул. 1-промышленная, д. 15"
УФИЦ №3 ИК-9,"Новгородская область, п. Крестцы ул. Краснова д. 2"
УФИЦ-2,"г. Петрозаводск, проезд Строителей, д.30 б"
Исправительный центр № 1,"г. Емва, ул. Калинина, д.55 а"
УФИЦ № 3 ИК-14,"Краснодарский край, Северский район,  пгт. Ильский, улица Завода Утяжелитель, 45"
УФИЦ № 1 ИК-2,"Калмыкия, Целинный район, с. Троицкое, Северная промзона"
УФИЦ № 2 ИК-2,"г. Элиста, ул. Ленина, д. 329"
Исправительный центр № 1,"г. Майкоп, ул. Кожевенная,11"
УФИЦ № 5 ИК-14,"Краснодарский край, Славянский район, пос. Вишневый, ул. Парковая д. 1"
УФИЦ ИК-6,"Краснодарский край, Выселковский район,  ст. Новомалороссийская, ул. Степная, д. 2"
УФИЦ № 1 ИК-14,"г. Славянск-на Кубани, ул. Донская 3 «а»"
УФИЦ № 3 ИК-2,"г.Элиста, Северная промышленная зона-2, д.172"
Исправительный центр № 1,"г. Волгоград, ул.им. Землячки, 14"
УФИЦ №2 ИК-4,"Краснодарский край, Успенский район, п. Мичуринский, ул. Садовая, 22"
УФИЦ №1 ИК-4,"г. Армавир, ул. Володарского 1а"
Исправительный центр № 2,"г. Волгоград, ул.им. Бахтурова, 6"
УФИЦ ИК-2,"Краснодарский край, Усть-Лабинский район, ст. Воронежская, ул. Крайняя 1"
УФИЦ №1 ИК-1,"г. Симферополь, пер. Элеваторный, 5"
УФИЦ № 2 ИК-14,"г. Краснодар, Восточная промышленная зона, ул. Тихорецкая, 20/1"
УФИЦ №4 ИК-14,"г. Краснодар, Западный обход, 2-ое отделение АФ «Солнечная», 7/4"
УФИЦ № 2 ИК-1,"Крым и Севастополь, пгт. Красногвардейское, ул. Строителей, д. 13"
СИЗО-2 Симферополь,"г. Симферополь, пер. Элеваторный, 4"
УФИЦ № 3 ИК-1,"Крым и Севастополь, Джанкойский район, с. Яркое, ул. Ленина, д. 12"
УФИЦ № 1 ИК-9,"г. Старая Русса, ул. Клубная д. 3"
УФИЦ № 2 ИК-9,"Новгородская область, п. Парфино, ул. Кирова д. 52/71"
Исправительный центр № 2,"г. Петрозаводск, ул.Жуковского, д.32 б"
УФИЦ ИК-25,"г. Сыктывкар, ул. 1-промышленная, д. 15"
УФИЦ №3 ИК-9,"Новгородская область, п. Крестцы ул. Краснова д. 2"
УФИЦ-2,"г. Петрозаводск, проезд Строителей, д.30 б"
Исправительный центр № 1,"г. Емва, ул. Калинина, д.55 а"
УФИЦ № 3 ИК-14,"Краснодарский край, Северский район,  пгт. Ильский, улица Завода Утяжелитель, 45"
УФИЦ № 1 ИК-2,"Калмыкия, Целинный район, с. Троицкое, Северная промзона"
УФИЦ № 2 ИК-2,"г. Элиста, ул. Ленина, д. 329"
Исправительный центр № 1,"г. Майкоп, ул. Кожевенная,11"
УФИЦ № 5 ИК-14,"Краснодарский край, Славянский район, пос. Вишневый, ул. Парковая д. 1"
УФИЦ ИК-6,"Краснодарский край, Выселковский район,  ст. Новомалороссийская, ул. Степная, д. 2"
УФИЦ № 1 ИК-14,"г. Славянск-на Кубани, ул. Донская 3 «а»"
УФИЦ № 3 ИК-2,"г.Элиста, Северная промышленная зона-2, д.172"
Исправительный центр № 1,"г. Волгоград, ул.им. Землячки, 14"
УФИЦ №2 ИК-4,"Краснодарский край, Успенский район, п. Мичуринский, ул. Садовая, 22"
УФИЦ №1 ИК-4,"г. Армавир, ул. Володарского 1а"
Исправительный центр № 2,"г. Волгоград, ул.им. Бахтурова, 6"
УФИЦ ИК-2,"Краснодарский край, Усть-Лабинский район, ст. Воронежская, ул. Крайняя 1"
УФИЦ №1 ИК-1,"г. Симферополь, пер. Элеваторный, 5"
УФИЦ № 2 ИК-14,"г. Краснодар, Восточная промышленная зона, ул. Тихорецкая, 20/1"
УФИЦ №4 ИК-14,"г. Краснодар, Западный обход, 2-ое отделение АФ «Солнечная», 7/4"
УФИЦ № 2 ИК-1,"Крым и Севастополь, пгт. Красногвардейское, ул. Строителей, д. 13"
СИЗО-2 Симферополь,"г. Симферополь, пер. Элеваторный, 4"
УФИЦ № 3 ИК-1,"Крым и Севастополь, Джанкойский район, с. Яркое, ул. Ленина, д. 12"
УФИЦ № 1 ИК-9,"г. Старая Русса, ул. Клубная д. 3"
УФИЦ № 2 ИК-9,"Новгородская область, п. Парфино, ул. Кирова д. 52/71"
Исправительный центр № 2,"г. Петрозаводск, ул.Жуковского, д.32 б"
УФИЦ ИК-25,"г. Сыктывкар, ул. 1-промышленная, д. 15"
УФИЦ №3 ИК-9,"Новгородская область, п. Крестцы ул. Краснова д. 2"
УФИЦ-2,"г. Петрозаводск, проезд Строителей, д.30 б"
Исправительный центр № 1,"г. Емва, ул. Калинина, д.55 а"
УФИЦ № 3 ИК-14,"Краснодарский край, Северский район,  пгт. Ильский, улица Завода Утяжелитель, 45"
УФИЦ № 1 ИК-2,"Калмыкия, Целинный район, с. Троицкое, Северная промзона"
УФИЦ № 2 ИК-2,"г. Элиста, ул. Ленина, д. 329"
Исправительный центр № 1,"г. Майкоп, ул. Кожевенная,11"
УФИЦ № 5 ИК-14,"Краснодарский край, Славянский район, пос. Вишневый, ул. Парковая д. 1"
УФИЦ ИК-6,"Краснодарский край, Выселковский район,  ст. Новомалороссийская, ул. Степная, д. 2"
УФИЦ № 1 ИК-14,"г. Славянск-на Кубани, ул. Донская 3 «а»"
УФИЦ № 3 ИК-2,"г.Элиста, Северная промышленная зона-2, д.172"
Исправительный центр № 1,"г. Волгоград, ул.им. Землячки, 14"
УФИЦ №2 ИК-4,"Краснодарский край, Успенский район, п. Мичуринский, ул. Садовая, 22"
УФИЦ №1 ИК-4,"г. Армавир, ул. Володарского 1а"
Исправительный центр № 2,"г. Волгоград, ул.им. Бахтурова, 6"
УФИЦ ИК-2,"Краснодарский край, Усть-Лабинский район, ст. Воронежская, ул. Крайняя 1"
УФИЦ №1 ИК-1,"г. Симферополь, пер. Элеваторный, 5"
УФИЦ № 2 ИК-14,"г. Краснодар, Восточная промышленная зона, ул. Тихорецкая, 20/1"
УФИЦ №4 ИК-14,"г. Краснодар, Западный обход, 2-ое отделение АФ «Солнечная», 7/4"
УФИЦ № 2 ИК-1,"Крым и Севастополь, пгт. Красногвардейское, ул. Строителей, д. 13"
СИЗО-2 Симферополь,"г. Симферополь, пер. Элеваторный, 4"
УФИЦ № 3 ИК-1,"Крым и Севастополь, Джанкойский район, с. Яркое, ул. Ленина, д. 12"
УФИЦ № 1 ИК-9,"г. Старая Русса, ул. Клубная д. 3"
УФИЦ № 2 ИК-9,"Новгородская область, п. Парфино, ул. Кирова д. 52/71"
Исправительный центр № 2,"г. Петрозаводск, ул.Жуковского, д.32 б"
УФИЦ ИК-25,"г. Сыктывкар, ул. 1-промышленная, д. 15"
УФИЦ №3 ИК-9,"Новгородская область, п. Крестцы ул. Краснова д. 2"
УФИЦ-2,"г. Петрозаводск, проезд Строителей, д.30 б"
Исправительный центр № 1,"г. Емва, ул. Калинина, д.55 а"
УФИЦ № 3 ИК-14,"Краснодарский край, Северский район,  пгт. Ильский, улица Завода Утяжелитель, 45"
УФИЦ № 1 ИК-2,"Калмыкия, Целинный район, с. Троицкое, Северная промзона"
УФИЦ № 2 ИК-2,"г. Элиста, ул. Ленина, д. 329"
Исправительный центр № 1,"г. Майкоп, ул. Кожевенная,11"
УФИЦ № 5 ИК-14,"Краснодарский край, Славянский район, пос. Вишневый, ул. Парковая д. 1"
УФИЦ ИК-6,"Краснодарский край, Выселковский район,  ст. Новомалороссийская, ул. Степная, д. 2"
УФИЦ № 1 ИК-14,"г. Славянск-на Кубани, ул. Донская 3 «а»"
УФИЦ № 3 ИК-2,"г.Элиста, Северная промышленная зона-2, д.172"
Исправительный центр № 1,"г. Волгоград, ул.им. Землячки, 14"
УФИЦ №2 ИК-4,"Краснодарский край, Успенский район, п. Мичуринский, ул. Садовая, 22"
УФИЦ №1 ИК-4,"г. Армавир, ул. Володарского 1а"
Исправительный центр № 2,"г. Волгоград, ул.им. Бахтурова, 6"
УФИЦ ИК-2,"Краснодарский край, Усть-Лабинский район, ст. Воронежская, ул. Крайняя 1"
УФИЦ №1 ИК-1,"г. Симферополь, пер. Элеваторный, 5"
УФИЦ № 2 ИК-14,"г. Краснодар, Восточная промышленная зона, ул. Тихорецкая, 20/1"
УФИЦ №4 ИК-14,"г. Краснодар, Западный обход, 2-ое отделение АФ «Солнечная», 7/4"
УФИЦ № 2 ИК-1,"Крым и Севастополь, пгт. Красногвардейское, ул. Строителей, д. 13"
СИЗО-2 Симферополь,"г. Симферополь, пер. Элеваторный, 4"
УФИЦ № 3 ИК-1,"Крым и Севастополь, Джанкойский район, с. Яркое, ул. Ленина, д. 12"
УФИЦ № 1 ИК-9,"г. Старая Русса, ул. Клубная д. 3"
УФИЦ № 2 ИК-9,"Новгородская область, п. Парфино, ул. Кирова д. 52/71"
Исправительный центр № 2,"г. Петрозаводск, ул.Жуковского, д.32 б"
УФИЦ ИК-25,"г. Сыктывкар, ул. 1-промышленная, д. 15"
УФИЦ №3 ИК-9,"Новгородская область, п. Крестцы ул. Краснова д. 2"
УФИЦ-2,"г. Петрозаводск, проезд Строителей, д.30 б"
Исправительный центр № 1,"г. Емва, ул. Калинина, д.55 а"
УФИЦ № 3 ИК-14,"Краснодарский край, Северский район,  пгт. Ильский, улица Завода Утяжелитель, 45"
УФИЦ № 1 ИК-2,"Калмыкия, Целинный район, с. Троицкое, Северная промзона"
УФИЦ № 2 ИК-2,"г. Элиста, ул. Ленина, д. 329"
Исправительный центр № 1,"г. Майкоп, ул. Кожевенная,11"
УФИЦ № 5 ИК-14,"Краснодарский край, Славянский район, пос. Вишневый, ул. Парковая д. 1"
УФИЦ ИК-6,"Краснодарский край, Выселковский район,  ст. Новомалороссийская, ул. Степная, д. 2"
УФИЦ № 1 ИК-14,"г. Славянск-на Кубани, ул. Донская 3 «а»"
УФИЦ № 3 ИК-2,"г.Элиста, Северная промышленная зона-2, д.172"
Исправительный центр № 1,"г. Волгоград, ул.им. Землячки, 14"
УФИЦ №2 ИК-4,"Краснодарский край, Успенский район, п. Мичуринский, ул. Садовая, 22"
УФИЦ №1 ИК-4,"г. Армавир, ул. Володарского 1а"
Исправительный центр № 2,"г. Волгоград, ул.им. Бахтурова, 6"
УФИЦ ИК-2,"Краснодарский край, Усть-Лабинский район, ст. Воронежская, ул. Крайняя 1"
УФИЦ №1 ИК-1,"г. Симферополь, пер. Элеваторный, 5"
УФИЦ № 2 ИК-14,"г. Краснодар, Восточная промышленная зона, ул. Тихорецкая, 20/1"
УФИЦ №4 ИК-14,"г. Краснодар, Западный обход, 2-ое отделение АФ «Солнечная», 7/4"
УФИЦ № 2 ИК-1,"Крым и Севастополь, пгт. Красногвардейское, ул. Строителей, д. 13"
СИЗО-2 Симферополь,"г. Симферополь, пер. Элеваторный, 4"
УФИЦ № 3 ИК-1,"Крым и Севастополь, Джанкойский район, с. Яркое, ул. Ленина, д. 12"
УФИЦ № 1 ИК-9,"г. Старая Русса, ул. Клубная д. 3"
УФИЦ № 2 ИК-9,"Новгородская область, п. Парфино, ул. Кирова д. 52/71"
Исправительный центр № 2,"г. Петрозаводск, ул.Жуковского, д.32 б"
УФИЦ ИК-25,"г. Сыктывкар, ул. 1-промышленная, д. 15"
УФИЦ №3 ИК-9,"Новгородская область, п. Крестцы ул. Краснова д. 2"
УФИЦ-2,"г. Петрозаводск, проезд Строителей, д.30 б"
Исправительный центр № 1,"г. Емва, ул. Калинина, д.55 а"
УФИЦ № 3 ИК-14,"Краснодарский край, Северский район,  пгт. Ильский, улица Завода Утяжелитель, 45"
УФИЦ № 1 ИК-2,"Калмыкия, Целинный район, с. Троицкое, Северная промзона"
УФИЦ № 2 ИК-2,"г. Элиста, ул. Ленина, д. 329"
Исправительный центр № 1,"г. Майкоп, ул. Кожевенная,11"
УФИЦ № 5 ИК-14,"Краснодарский край, Славянский район, пос. Вишневый, ул. Парковая д. 1"
УФИЦ ИК-6,"Краснодарский край, Выселковский район,  ст. Новомалороссийская, ул. Степная, д. 2"
УФИЦ № 1 ИК-14,"г. Славянск-на Кубани, ул. Донская 3 «а»"
УФИЦ № 3 ИК-2,"г.Элиста, Северная промышленная зона-2, д.172"
Исправительный центр № 1,"г. Волгоград, ул.им. Землячки, 14"
УФИЦ №2 ИК-4,"Краснодарский край, Успенский район, п. Мичуринский, ул. Садовая, 22"
УФИЦ №1 ИК-4,"г. Армавир, ул. Володарского 1а"
Исправительный центр № 2,"г. Волгоград, ул.им. Бахтурова, 6"
УФИЦ ИК-2,"Краснодарский край, Усть-Лабинский район, ст. Воронежская, ул. Крайняя 1"
УФИЦ №1 ИК-1,"г. Симферополь, пер. Элеваторный, 5"
УФИЦ № 2 ИК-14,"г. Краснодар, Восточная промышленная зона, ул. Тихорецкая, 20/1"
УФИЦ №4 ИК-14,"г. Краснодар, Западный обход, 2-ое отделение АФ «Солнечная», 7/4"
УФИЦ № 2 ИК-1,"Крым и Севастополь, пгт. Красногвардейское, ул. Строителей, д. 13"
СИЗО-2 Симферополь,"г. Симферополь, пер. Элеваторный, 4"
УФИЦ № 3 ИК-1,"Крым и Севастополь, Джанкойский район, с. Яркое, ул. Ленина, д. 12"
УФИЦ № 1 ИК-9,"г. Старая Русса, ул. Клубная д. 3"
УФИЦ № 2 ИК-9,"Новгородская область, п. Парфино, ул. Кирова д. 52/71"
Исправительный центр № 2,"г. Петрозаводск, ул.Жуковского, д.32 б"
УФИЦ ИК-25,"г. Сыктывкар, ул. 1-промышленная, д. 15"
УФИЦ №3 ИК-9,"Новгородская область, п. Крестцы ул. Краснова д. 2"
УФИЦ-2,"г. Петрозаводск, проезд Строителей, д.30 б"
Исправительный центр № 1,"г. Емва, ул. Калинина, д.55 а"
УФИЦ № 3 ИК-14,"Краснодарский край, Северский район,  пгт. Ильский, улица Завода Утяжелитель, 45"
УФИЦ № 1 ИК-2,"Калмыкия, Целинный район, с. Троицкое, Северная промзона"
УФИЦ № 2 ИК-2,"г. Элиста, ул. Ленина, д. 329"
Исправительный центр № 1,"г. Майкоп, ул. Кожевенная,11"
УФИЦ № 5 ИК-14,"Краснодарский край, Славянский район, пос. Вишневый, ул. Парковая д. 1"
УФИЦ ИК-6,"Краснодарский край, Выселковский район,  ст. Новомалороссийская, ул. Степная, д. 2"
УФИЦ № 1 ИК-14,"г. Славянск-на Кубани, ул. Донская 3 «а»"
УФИЦ № 3 ИК-2,"г.Элиста, Северная промышленная зона-2, д.172"
Исправительный центр № 1,"г. Волгоград, ул.им. Землячки, 14"
УФИЦ №2 ИК-4,"Краснодарский край, Успенский район, п. Мичуринский, ул. Садовая, 22"
УФИЦ №1 ИК-4,"г. Армавир, ул. Володарского 1а"
Исправительный центр № 2,"г. Волгоград, ул.им. Бахтурова, 6"
УФИЦ ИК-2,"Краснодарский край, Усть-Лабинский район, ст. Воронежская, ул. Крайняя 1"
УФИЦ №1 ИК-1,"г. Симферополь, пер. Элеваторный, 5"
УФИЦ № 2 ИК-14,"г. Краснодар, Восточная промышленная зона, ул. Тихорецкая, 20/1"
УФИЦ №4 ИК-14,"г. Краснодар, Западный обход, 2-ое отделение АФ «Солнечная», 7/4"
УФИЦ № 2 ИК-1,"Крым и Севастополь, пгт. Красногвардейское, ул. Строителей, д. 13"
СИЗО-2 Симферополь,"г. Симферополь, пер. Элеваторный, 4"
УФИЦ № 3 ИК-1,"Крым и Севастополь, Джанкойский район, с. Яркое, ул. Ленина, д. 12"
УФИЦ № 1 ИК-9,"г. Старая Русса, ул. Клубная д. 3"
УФИЦ № 2 ИК-9,"Новгородская область, п. Парфино, ул. Кирова д. 52/71"
Исправительный центр № 2,"г. Петрозаводск, ул.Жуковского, д.32 б"
УФИЦ ИК-25,"г. Сыктывкар, ул. 1-промышленная, д. 15"
УФИЦ №3 ИК-9,"Новгородская область, п. Крестцы ул. Краснова д. 2"
УФИЦ-2,"г. Петрозаводск, проезд Строителей, д.30 б"
Исправительный центр № 1,"г. Емва, ул. Калинина, д.55 а"
УФИЦ № 3 ИК-14,"Краснодарский край, Северский район,  пгт. Ильский, улица Завода Утяжелитель, 45"
УФИЦ № 1 ИК-2,"Калмыкия, Целинный район, с. Троицкое, Северная промзона"
УФИЦ № 2 ИК-2,"г. Элиста, ул. Ленина, д. 329"
Исправительный центр № 1,"г. Майкоп, ул. Кожевенная,11"
УФИЦ № 5 ИК-14,"Краснодарский край, Славянский район, пос. Вишневый, ул. Парковая д. 1"
УФИЦ ИК-6,"Краснодарский край, Выселковский район,  ст. Новомалороссийская, ул. Степная, д. 2"
УФИЦ № 1 ИК-14,"г. Славянск-на Кубани, ул. Донская 3 «а»"
УФИЦ № 3 ИК-2,"г.Элиста, Северная промышленная зона-2, д.172"
Исправительный центр № 1,"г. Волгоград, ул.им. Землячки, 14"
УФИЦ №2 ИК-4,"Краснодарский край, Успенский район, п. Мичуринский, ул. Садовая, 22"
УФИЦ №1 ИК-4,"г. Армавир, ул. Володарского 1а"
Исправительный центр № 2,"г. Волгоград, ул.им. Бахтурова, 6"
УФИЦ ИК-2,"Краснодарский край, Усть-Лабинский район, ст. Воронежская, ул. Крайняя 1"
УФИЦ №1 ИК-1,"г. Симферополь, пер. Элеваторный, 5"
УФИЦ № 2 ИК-14,"г. Краснодар, Восточная промышленная зона, ул. Тихорецкая, 20/1"
УФИЦ №4 ИК-14,"г. Краснодар, Западный обход, 2-ое отделение АФ «Солнечная», 7/4"
УФИЦ № 2 ИК-1,"Крым и Севастополь, пгт. Красногвардейское, ул. Строителей, д. 13"
СИЗО-2 Симферополь,"г. Симферополь, пер. Элеваторный, 4"
УФИЦ № 3 ИК-1,"Крым и Севастополь, Джанкойский район, с. Яркое, ул. Ленина, д. 12"
УФИЦ № 1 ИК-9,"г. Старая Русса, ул. Клубная д. 3"
УФИЦ № 2 ИК-9,"Новгородская область, п. Парфино, ул. Кирова д. 52/71"
Исправительный центр № 2,"г. Петрозаводск, ул.Жуковского, д.32 б"
УФИЦ ИК-25,"г. Сыктывкар, ул. 1-промышленная, д. 15"
УФИЦ №3 ИК-9,"Новгородская область, п. Крестцы ул. Краснова д. 2"
УФИЦ-2,"г. Петрозаводск, проезд Строителей, д.30 б"
Исправительный центр № 1,"г. Емва, ул. Калинина, д.55 а"
УФИЦ № 3 ИК-14,"Краснодарский край, Северский район,  пгт. Ильский, улица Завода Утяжелитель, 45"
УФИЦ № 1 ИК-2,"Калмыкия, Целинный район, с. Троицкое, Северная промзона"
УФИЦ № 2 ИК-2,"г. Элиста, ул. Ленина, д. 329"
Исправительный центр № 1,"г. Майкоп, ул. Кожевенная,11"
УФИЦ № 5 ИК-14,"Краснодарский край, Славянский район, пос. Вишневый, ул. Парковая д. 1"
УФИЦ ИК-6,"Краснодарский край, Выселковский район,  ст. Новомалороссийская, ул. Степная, д. 2"
УФИЦ № 1 ИК-14,"г. Славянск-на Кубани, ул. Донская 3 «а»"
УФИЦ № 3 ИК-2,"г.Элиста, Северная промышленная зона-2, д.172"
Исправительный центр № 1,"г. Волгоград, ул.им. Землячки, 14"
УФИЦ №2 ИК-4,"Краснодарский край, Успенский район, п. Мичуринский, ул. Садовая, 22"
УФИЦ №1 ИК-4,"г. Армавир, ул. Володарского 1а"
Исправительный центр № 2,"г. Волгоград, ул.им. Бахтурова, 6"
УФИЦ ИК-2,"Краснодарский край, Усть-Лабинский район, ст. Воронежская, ул. Крайняя 1"
УФИЦ №1 ИК-1,"г. Симферополь, пер. Элеваторный, 5"
УФИЦ № 2 ИК-14,"г. Краснодар, Восточная промышленная зона, ул. Тихорецкая, 20/1"
УФИЦ №4 ИК-14,"г. Краснодар, Западный обход, 2-ое отделение АФ «Солнечная», 7/4"
УФИЦ № 2 ИК-1,"Крым и Севастополь, пгт. Красногвардейское, ул. Строителей, д. 13"
СИЗО-2 Симферополь,"г. Симферополь, пер. Элеваторный, 4"
УФИЦ № 3 ИК-1,"Крым и Севастополь, Джанкойский район, с. Яркое, ул. Ленина, д. 12"
УФИЦ № 1 ИК-9,"г. Старая Русса, ул. Клубная д. 3"
УФИЦ № 2 ИК-9,"Новгородская область, п. Парфино, ул. Кирова д. 52/71"
Исправительный центр № 2,"г. Петрозаводск, ул.Жуковского, д.32 б"
УФИЦ ИК-25,"г. Сыктывкар, ул. 1-промышленная, д. 15"
УФИЦ №3 ИК-9,"Новгородская область, п. Крестцы ул. Краснова д. 2"
УФИЦ-2,"г. Петрозаводск, проезд Строителей, д.30 б"
Исправительный центр № 1,"г. Емва, ул. Калинина, д.55 а"
УФИЦ № 3 ИК-14,"Краснодарский край, Северский район,  пгт. Ильский, улица Завода Утяжелитель, 45"
УФИЦ № 1 ИК-2,"Калмыкия, Целинный район, с. Троицкое, Северная промзона"
УФИЦ № 2 ИК-2,"г. Элиста, ул. Ленина, д. 329"
Исправительный центр № 1,"г. Майкоп, ул. Кожевенная,11"
УФИЦ № 5 ИК-14,"Краснодарский край, Славянский район, пос. Вишневый, ул. Парковая д. 1"
УФИЦ ИК-6,"Краснодарский край, Выселковский район,  ст. Новомалороссийская, ул. Степная, д. 2"
УФИЦ № 1 ИК-14,"г. Славянск-на Кубани, ул. Донская 3 «а»"
УФИЦ № 3 ИК-2,"г.Элиста, Северная промышленная зона-2, д.172"
Исправительный центр № 1,"г. Волгоград, ул.им. Землячки, 14"
УФИЦ №2 ИК-4,"Краснодарский край, Успенский район, п. Мичуринский, ул. Садовая, 22"
УФИЦ №1 ИК-4,"г. Армавир, ул. Володарского 1а"
Исправительный центр № 2,"г. Волгоград, ул.им. Бахтурова, 6"
УФИЦ ИК-2,"Краснодарский край, Усть-Лабинский район, ст. Воронежская, ул. Крайняя 1"
УФИЦ №1 ИК-1,"г. Симферополь, пер. Элеваторный, 5"
УФИЦ № 2 ИК-14,"г. Краснодар, Восточная промышленная зона, ул. Тихорецкая, 20/1"
УФИЦ №4 ИК-14,"г. Краснодар, Западный обход, 2-ое отделение АФ «Солнечная», 7/4"
УФИЦ № 2 ИК-1,"Крым и Севастополь, пгт. Красногвардейское, ул. Строителей, д. 13"
СИЗО-2 Симферополь,"г. Симферополь, пер. Элеваторный, 4"
УФИЦ № 3 ИК-1,"Крым и Севастополь, Джанкойский район, с. Яркое, ул. Ленина, д. 12"
УФИЦ № 1 ИК-9,"г. Старая Русса, ул. Клубная д. 3"
УФИЦ № 2 ИК-9,"Новгородская область, п. Парфино, ул. Кирова д. 52/71"
Исправительный центр № 2,"г. Петрозаводск, ул.Жуковского, д.32 б"
УФИЦ ИК-25,"г. Сыктывкар, ул. 1-промышленная, д. 15"
УФИЦ №3 ИК-9,"Новгородская область, п. Крестцы ул. Краснова д. 2"
УФИЦ-2,"г. Петрозаводск, проезд Строителей, д.30 б"
Исправительный центр № 1,"г. Емва, ул. Калинина, д.55 а"
УФИЦ № 3 ИК-14,"Краснодарский край, Северский район,  пгт. Ильский, улица Завода Утяжелитель, 45"
УФИЦ № 1 ИК-2,"Калмыкия, Целинный район, с. Троицкое, Северная промзона"
УФИЦ № 2 ИК-2,"г. Элиста, ул. Ленина, д. 329"
Исправительный центр № 1,"г. Майкоп, ул. Кожевенная,11"
УФИЦ № 5 ИК-14,"Краснодарский край, Славянский район, пос. Вишневый, ул. Парковая д. 1"
УФИЦ ИК-6,"Краснодарский край, Выселковский район,  ст. Новомалороссийская, ул. Степная, д. 2"
УФИЦ № 1 ИК-14,"г. Славянск-на Кубани, ул. Донская 3 «а»"
УФИЦ № 3 ИК-2,"г.Элиста, Северная промышленная зона-2, д.172"
Исправительный центр № 1,"г. Волгоград, ул.им. Землячки, 14"
УФИЦ №2 ИК-4,"Краснодарский край, Успенский район, п. Мичуринский, ул. Садовая, 22"
УФИЦ №1 ИК-4,"г. Армавир, ул. Володарского 1а"
Исправительный центр № 2,"г. Волгоград, ул.им. Бахтурова, 6"
УФИЦ ИК-2,"Краснодарский край, Усть-Лабинский район, ст. Воронежская, ул. Крайняя 1"
УФИЦ №1 ИК-1,"г. Симферополь, пер. Элеваторный, 5"
УФИЦ № 2 ИК-14,"г. Краснодар, Восточная промышленная зона, ул. Тихорецкая, 20/1"
УФИЦ №4 ИК-14,"г. Краснодар, Западный обход, 2-ое отделение АФ «Солнечная», 7/4"
УФИЦ № 2 ИК-1,"Крым и Севастополь, пгт. Красногвардейское, ул. Строителей, д. 13"
СИЗО-2 Симферополь,"г. Симферополь, пер. Элеваторный, 4"
УФИЦ № 3 ИК-1,"Крым и Севастополь, Джанкойский район, с. Яркое, ул. Ленина, д. 12"
УФИЦ № 1 ИК-9,"г. Старая Русса, ул. Клубная д. 3"
УФИЦ № 2 ИК-9,"Новгородская область, п. Парфино, ул. Кирова д. 52/71"
Исправительный центр № 2,"г. Петрозаводск, ул.Жуковского, д.32 б"
УФИЦ ИК-25,"г. Сыктывкар, ул. 1-промышленная, д. 15"
УФИЦ №3 ИК-9,"Новгородская область, п. Крестцы ул. Краснова д. 2"
УФИЦ-2,"г. Петрозаводск, проезд Строителей, д.30 б"
Исправительный центр № 1,"г. Емва, ул. Калинина, д.55 а"
УФИЦ № 3 ИК-14,"Краснодарский край, Северский район,  пгт. Ильский, улица Завода Утяжелитель, 45"
УФИЦ № 1 ИК-2,"Калмыкия, Целинный район, с. Троицкое, Северная промзона"
УФИЦ № 2 ИК-2,"г. Элиста, ул. Ленина, д. 329"
Исправительный центр № 1,"г. Майкоп, ул. Кожевенная,11"
УФИЦ № 5 ИК-14,"Краснодарский край, Славянский район, пос. Вишневый, ул. Парковая д. 1"
УФИЦ ИК-6,"Краснодарский край, Выселковский район,  ст. Новомалороссийская, ул. Степная, д. 2"
УФИЦ № 1 ИК-14,"г. Славянск-на Кубани, ул. Донская 3 «а»"
УФИЦ № 3 ИК-2,"г.Элиста, Северная промышленная зона-2, д.172"
Исправительный центр № 1,"г. Волгоград, ул.им. Землячки, 14"
УФИЦ №2 ИК-4,"Краснодарский край, Успенский район, п. Мичуринский, ул. Садовая, 22"
УФИЦ №1 ИК-4,"г. Армавир, ул. Володарского 1а"
Исправительный центр № 2,"г. Волгоград, ул.им. Бахтурова, 6"
УФИЦ ИК-2,"Краснодарский край, Усть-Лабинский район, ст. Воронежская, ул. Крайняя 1"
УФИЦ №1 ИК-1,"г. Симферополь, пер. Элеваторный, 5"
УФИЦ № 2 ИК-14,"г. Краснодар, Восточная промышленная зона, ул. Тихорецкая, 20/1"
УФИЦ №4 ИК-14,"г. Краснодар, Западный обход, 2-ое отделение АФ «Солнечная», 7/4"
УФИЦ № 2 ИК-1,"Крым и Севастополь, пгт. Красногвардейское, ул. Строителей, д. 13"
СИЗО-2 Симферополь,"г. Симферополь, пер. Элеваторный, 4"
УФИЦ № 3 ИК-1,"Крым и Севастополь, Джанкойский район, с. Яркое, ул. Ленина, д. 12"
УФИЦ № 1 ИК-9,"г. Старая Русса, ул. Клубная д. 3"
УФИЦ № 2 ИК-9,"Новгородская область, п. Парфино, ул. Кирова д. 52/71"
Исправительный центр № 2,"г. Петрозаводск, ул.Жуковского, д.32 б"
УФИЦ ИК-25,"г. Сыктывкар, ул. 1-промышленная, д. 15"
УФИЦ №3 ИК-9,"Новгородская область, п. Крестцы ул. Краснова д. 2"
УФИЦ-2,"г. Петрозаводск, проезд Строителей, д.30 б"
Исправительный центр № 1,"г. Емва, ул. Калинина, д.55 а"
УФИЦ № 3 ИК-14,"Краснодарский край, Северский район,  пгт. Ильский, улица Завода Утяжелитель, 45"
УФИЦ № 1 ИК-2,"Калмыкия, Целинный район, с. Троицкое, Северная промзона"
УФИЦ № 2 ИК-2,"г. Элиста, ул. Ленина, д. 329"
Исправительный центр № 1,"г. Майкоп, ул. Кожевенная,11"
УФИЦ № 5 ИК-14,"Краснодарский край, Славянский район, пос. Вишневый, ул. Парковая д. 1"
УФИЦ ИК-6,"Краснодарский край, Выселковский район,  ст. Новомалороссийская, ул. Степная, д. 2"
УФИЦ № 1 ИК-14,"г. Славянск-на Кубани, ул. Донская 3 «а»"
УФИЦ № 3 ИК-2,"г.Элиста, Северная промышленная зона-2, д.172"
Исправительный центр № 1,"г. Волгоград, ул.им. Землячки, 14"
УФИЦ №2 ИК-4,"Краснодарский край, Успенский район, п. Мичуринский, ул. Садовая, 22"
УФИЦ №1 ИК-4,"г. Армавир, ул. Володарского 1а"
Исправительный центр № 2,"г. Волгоград, ул.им. Бахтурова, 6"
УФИЦ ИК-2,"Краснодарский край, Усть-Лабинский район, ст. Воронежская, ул. Крайняя 1"
УФИЦ №1 ИК-1,"г. Симферополь, пер. Элеваторный, 5"
УФИЦ № 2 ИК-14,"г. Краснодар, Восточная промышленная зона, ул. Тихорецкая, 20/1"
УФИЦ №4 ИК-14,"г. Краснодар, Западный обход, 2-ое отделение АФ «Солнечная», 7/4"
УФИЦ № 2 ИК-1,"Крым и Севастополь, пгт. Красногвардейское, ул. Строителей, д. 13"
СИЗО-2 Симферополь,"г. Симферополь, пер. Элеваторный, 4"
УФИЦ № 3 ИК-1,"Крым и Севастополь, Джанкойский район, с. Яркое, ул. Ленина, д. 12"
УФИЦ № 1 ИК-9,"г. Старая Русса, ул. Клубная д. 3"
УФИЦ № 2 ИК-9,"Новгородская область, п. Парфино, ул. Кирова д. 52/71"
Исправительный центр № 2,"г. Петрозаводск, ул.Жуковского, д.32 б"
УФИЦ ИК-25,"г. Сыктывкар, ул. 1-промышленная, д. 15"
УФИЦ №3 ИК-9,"Новгородская область, п. Крестцы ул. Краснова д. 2"
УФИЦ-2,"г. Петрозаводск, проезд Строителей, д.30 б"
Исправительный центр № 1,"г. Емва, ул. Калинина, д.55 а"
УФИЦ № 3 ИК-14,"Краснодарский край, Северский район,  пгт. Ильский, улица Завода Утяжелитель, 45"
УФИЦ № 1 ИК-2,"Калмыкия, Целинный район, с. Троицкое, Северная промзона"
УФИЦ № 2 ИК-2,"г. Элиста, ул. Ленина, д. 329"
Исправительный центр № 1,"г. Майкоп, ул. Кожевенная,11"
УФИЦ № 5 ИК-14,"Краснодарский край, Славянский район, пос. Вишневый, ул. Парковая д. 1"
УФИЦ ИК-6,"Краснодарский край, Выселковский район,  ст. Новомалороссийская, ул. Степная, д. 2"
УФИЦ № 1 ИК-14,"г. Славянск-на Кубани, ул. Донская 3 «а»"
УФИЦ № 3 ИК-2,"г.Элиста, Северная промышленная зона-2, д.172"
Исправительный центр № 1,"г. Волгоград, ул.им. Землячки, 14"
УФИЦ №2 ИК-4,"Краснодарский край, Успенский район, п. Мичуринский, ул. Садовая, 22"
УФИЦ №1 ИК-4,"г. Армавир, ул. Володарского 1а"
Исправительный центр № 2,"г. Волгоград, ул.им. Бахтурова, 6"
УФИЦ ИК-2,"Краснодарский край, Усть-Лабинский район, ст. Воронежская, ул. Крайняя 1"
УФИЦ №1 ИК-1,"г. Симферополь, пер. Элеваторный, 5"
УФИЦ № 2 ИК-14,"г. Краснодар, Восточная промышленная зона, ул. Тихорецкая, 20/1"
УФИЦ №4 ИК-14,"г. Краснодар, Западный обход, 2-ое отделение АФ «Солнечная», 7/4"
УФИЦ № 2 ИК-1,"Крым и Севастополь, пгт. Красногвардейское, ул. Строителей, д. 13"
СИЗО-2 Симферополь,"г. Симферополь, пер. Элеваторный, 4"
УФИЦ № 3 ИК-1,"Крым и Севастополь, Джанкойский район, с. Яркое, ул. Ленина, д. 12"
УФИЦ № 1 ИК-9,"г. Старая Русса, ул. Клубная д. 3"
УФИЦ № 2 ИК-9,"Новгородская область, п. Парфино, ул. Кирова д. 52/71"
Исправительный центр № 2,"г. Петрозаводск, ул.Жуковского, д.32 б"
УФИЦ ИК-25,"г. Сыктывкар, ул. 1-промышленная, д. 15"
УФИЦ №3 ИК-9,"Новгородская область, п. Крестцы ул. Краснова д. 2"
УФИЦ-2,"г. Петрозаводск, проезд Строителей, д.30 б"
Исправительный центр № 1,"г. Емва, ул. Калинина, д.55 а"
УФИЦ № 3 ИК-14,"Краснодарский край, Северский район,  пгт. Ильский, улица Завода Утяжелитель, 45"
УФИЦ № 1 ИК-2,"Калмыкия, Целинный район, с. Троицкое, Северная промзона"
УФИЦ № 2 ИК-2,"г. Элиста, ул. Ленина, д. 329"
Исправительный центр № 1,"г. Майкоп, ул. Кожевенная,11"
УФИЦ № 5 ИК-14,"Краснодарский край, Славянский район, пос. Вишневый, ул. Парковая д. 1"
УФИЦ ИК-6,"Краснодарский край, Выселковский район,  ст. Новомалороссийская, ул. Степная, д. 2"
УФИЦ № 1 ИК-14,"г. Славянск-на Кубани, ул. Донская 3 «а»"
УФИЦ № 3 ИК-2,"г.Элиста, Северная промышленная зона-2, д.172"
Исправительный центр № 1,"г. Волгоград, ул.им. Землячки, 14"
УФИЦ №2 ИК-4,"Краснодарский край, Успенский район, п. Мичуринский, ул. Садовая, 22"
УФИЦ №1 ИК-4,"г. Армавир, ул. Володарского 1а"
Исправительный центр № 2,"г. Волгоград, ул.им. Бахтурова, 6"
УФИЦ ИК-2,"Краснодарский край, Усть-Лабинский район, ст. Воронежская, ул. Крайняя 1"
УФИЦ №1 ИК-1,"г. Симферополь, пер. Элеваторный, 5"
УФИЦ № 2 ИК-14,"г. Краснодар, Восточная промышленная зона, ул. Тихорецкая, 20/1"
УФИЦ №4 ИК-14,"г. Краснодар, Западный обход, 2-ое отделение АФ «Солнечная», 7/4"
УФИЦ № 2 ИК-1,"Крым и Севастополь, пгт. Красногвардейское, ул. Строителей, д. 13"
СИЗО-2 Симферополь,"г. Симферополь, пер. Элеваторный, 4"
УФИЦ № 3 ИК-1,"Крым и Севастополь, Джанкойский район, с. Яркое, ул. Ленина, д. 12"
УФИЦ № 1 ИК-9,"г. Старая Русса, ул. Клубная д. 3"
УФИЦ № 2 ИК-9,"Новгородская область, п. Парфино, ул. Кирова д. 52/71"
Исправительный центр № 2,"г. Петрозаводск, ул.Жуковского, д.32 б"
УФИЦ ИК-25,"г. Сыктывкар, ул. 1-промышленная, д. 15"
УФИЦ №3 ИК-9,"Новгородская область, п. Крестцы ул. Краснова д. 2"
УФИЦ-2,"г. Петрозаводск, проезд Строителей, д.30 б"
Исправительный центр № 1,"г. Емва, ул. Калинина, д.55 а"
УФИЦ № 3 ИК-14,"Краснодарский край, Северский район,  пгт. Ильский, улица Завода Утяжелитель, 45"
УФИЦ № 1 ИК-2,"Калмыкия, Целинный район, с. Троицкое, Северная промзона"
УФИЦ № 2 ИК-2,"г. Элиста, ул. Ленина, д. 329"
Исправительный центр № 1,"г. Майкоп, ул. Кожевенная,11"
УФИЦ № 5 ИК-14,"Краснодарский край, Славянский район, пос. Вишневый, ул. Парковая д. 1"
УФИЦ ИК-6,"Краснодарский край, Выселковский район,  ст. Новомалороссийская, ул. Степная, д. 2"
УФИЦ № 1 ИК-14,"г. Славянск-на Кубани, ул. Донская 3 «а»"
УФИЦ № 3 ИК-2,"г.Элиста, Северная промышленная зона-2, д.172"
Исправительный центр № 1,"г. Волгоград, ул.им. Землячки, 14"
УФИЦ №2 ИК-4,"Краснодарский край, Успенский район, п. Мичуринский, ул. Садовая, 22"
УФИЦ №1 ИК-4,"г. Армавир, ул. Володарского 1а"
Исправительный центр № 2,"г. Волгоград, ул.им. Бахтурова, 6"
УФИЦ ИК-2,"Краснодарский край, Усть-Лабинский район, ст. Воронежская, ул. Крайняя 1"
УФИЦ №1 ИК-1,"г. Симферополь, пер. Элеваторный, 5"
УФИЦ № 2 ИК-14,"г. Краснодар, Восточная промышленная зона, ул. Тихорецкая, 20/1"
УФИЦ №4 ИК-14,"г. Краснодар, Западный обход, 2-ое отделение АФ «Солнечная», 7/4"
УФИЦ № 2 ИК-1,"Крым и Севастополь, пгт. Красногвардейское, ул. Строителей, д. 13"
СИЗО-2 Симферополь,"г. Симферополь, пер. Элеваторный, 4"
УФИЦ № 3 ИК-1,"Крым и Севастополь, Джанкойский район, с. Яркое, ул. Ленина, д. 12"
УФИЦ № 1 ИК-9,"г. Старая Русса, ул. Клубная д. 3"
УФИЦ № 2 ИК-9,"Новгородская область, п. Парфино, ул. Кирова д. 52/71"
Исправительный центр № 2,"г. Петрозаводск, ул.Жуковского, д.32 б"
УФИЦ ИК-25,"г. Сыктывкар, ул. 1-промышленная, д. 15"
УФИЦ №3 ИК-9,"Новгородская область, п. Крестцы ул. Краснова д. 2"
УФИЦ-2,"г. Петрозаводск, проезд Строителей, д.30 б"
Исправительный центр № 1,"г. Емва, ул. Калинина, д.55 а"
УФИЦ № 3 ИК-14,"Краснодарский край, Северский район,  пгт. Ильский, улица Завода Утяжелитель, 45"
УФИЦ № 1 ИК-2,"Калмыкия, Целинный район, с. Троицкое, Северная промзона"
УФИЦ № 2 ИК-2,"г. Элиста, ул. Ленина, д. 329"
Исправительный центр № 1,"г. Майкоп, ул. Кожевенная,11"
УФИЦ № 5 ИК-14,"Краснодарский край, Славянский район, пос. Вишневый, ул. Парковая д. 1"
УФИЦ ИК-6,"Краснодарский край, Выселковский район,  ст. Новомалороссийская, ул. Степная, д. 2"
УФИЦ № 1 ИК-14,"г. Славянск-на Кубани, ул. Донская 3 «а»"
УФИЦ № 3 ИК-2,"г.Элиста, Северная промышленная зона-2, д.172"
Исправительный центр № 1,"г. Волгоград, ул.им. Землячки, 14"
УФИЦ №2 ИК-4,"Краснодарский край, Успенский район, п. Мичуринский, ул. Садовая, 22"
УФИЦ №1 ИК-4,"г. Армавир, ул. Володарского 1а"
Исправительный центр № 2,"г. Волгоград, ул.им. Бахтурова, 6"
УФИЦ ИК-2,"Краснодарский край, Усть-Лабинский район, ст. Воронежская, ул. Крайняя 1"
УФИЦ №1 ИК-1,"г. Симферополь, пер. Элеваторный, 5"
УФИЦ № 2 ИК-14,"г. Краснодар, Восточная промышленная зона, ул. Тихорецкая, 20/1"
УФИЦ №4 ИК-14,"г. Краснодар, Западный обход, 2-ое отделение АФ «Солнечная», 7/4"
УФИЦ № 2 ИК-1,"Крым и Севастополь, пгт. Красногвардейское, ул. Строителей, д. 13"
СИЗО-2 Симферополь,"г. Симферополь, пер. Элеваторный, 4"
УФИЦ № 3 ИК-1,"Крым и Севастополь, Джанкойский район, с. Яркое, ул. Ленина, д. 12"
УФИЦ № 1 ИК-9,"г. Старая Русса, ул. Клубная д. 3"
УФИЦ № 2 ИК-9,"Новгородская область, п. Парфино, ул. Кирова д. 52/71"
Исправительный центр № 2,"г. Петрозаводск, ул.Жуковского, д.32 б"
УФИЦ ИК-25,"г. Сыктывкар, ул. 1-промышленная, д. 15"
УФИЦ №3 ИК-9,"Новгородская область, п. Крестцы ул. Краснова д. 2"
УФИЦ-2,"г. Петрозаводск, проезд Строителей, д.30 б"
Исправительный центр № 1,"г. Емва, ул. Калинина, д.55 а"
УФИЦ № 3 ИК-14,"Краснодарский край, Северский район,  пгт. Ильский, улица Завода Утяжелитель, 45"
УФИЦ № 1 ИК-2,"Калмыкия, Целинный район, с. Троицкое, Северная промзона"
УФИЦ № 2 ИК-2,"г. Элиста, ул. Ленина, д. 329"
Исправительный центр № 1,"г. Майкоп, ул. Кожевенная,11"
УФИЦ № 5 ИК-14,"Краснодарский край, Славянский район, пос. Вишневый, ул. Парковая д. 1"
УФИЦ ИК-6,"Краснодарский край, Выселковский район,  ст. Новомалороссийская, ул. Степная, д. 2"
УФИЦ № 1 ИК-14,"г. Славянск-на Кубани, ул. Донская 3 «а»"
УФИЦ № 3 ИК-2,"г.Элиста, Северная промышленная зона-2, д.172"
Исправительный центр № 1,"г. Волгоград, ул.им. Землячки, 14"
УФИЦ №2 ИК-4,"Краснодарский край, Успенский район, п. Мичуринский, ул. Садовая, 22"
УФИЦ №1 ИК-4,"г. Армавир, ул. Володарского 1а"
Исправительный центр № 2,"г. Волгоград, ул.им. Бахтурова, 6"
УФИЦ ИК-2,"Краснодарский край, Усть-Лабинский район, ст. Воронежская, ул. Крайняя 1"
УФИЦ №1 ИК-1,"г. Симферополь, пер. Элеваторный, 5"
УФИЦ № 2 ИК-14,"г. Краснодар, Восточная промышленная зона, ул. Тихорецкая, 20/1"
УФИЦ №4 ИК-14,"г. Краснодар, Западный обход, 2-ое отделение АФ «Солнечная», 7/4"
УФИЦ № 2 ИК-1,"Крым и Севастополь, пгт. Красногвардейское, ул. Строителей, д. 13"
СИЗО-2 Симферополь,"г. Симферополь, пер. Элеваторный, 4"
УФИЦ № 3 ИК-1,"Крым и Севастополь, Джанкойский район, с. Яркое, ул. Ленина, д. 12"
УФИЦ № 1 ИК-9,"г. Старая Русса, ул. Клубная д. 3"
УФИЦ № 2 ИК-9,"Новгородская область, п. Парфино, ул. Кирова д. 52/71"
Исправительный центр № 2,"г. Петрозаводск, ул.Жуковского, д.32 б"
УФИЦ ИК-25,"г. Сыктывкар, ул. 1-промышленная, д. 15"
УФИЦ №3 ИК-9,"Новгородская область, п. Крестцы ул. Краснова д. 2"
УФИЦ-2,"г. Петрозаводск, проезд Строителей, д.30 б"
Исправительный центр № 1,"г. Емва, ул. Калинина, д.55 а"
УФИЦ № 3 ИК-14,"Краснодарский край, Северский район,  пгт. Ильский, улица Завода Утяжелитель, 45"
УФИЦ № 1 ИК-2,"Калмыкия, Целинный район, с. Троицкое, Северная промзона"
УФИЦ № 2 ИК-2,"г. Элиста, ул. Ленина, д. 329"
Исправительный центр № 1,"г. Майкоп, ул. Кожевенная,11"
УФИЦ № 5 ИК-14,"Краснодарский край, Славянский район, пос. Вишневый, ул. Парковая д. 1"
УФИЦ ИК-6,"Краснодарский край, Выселковский район,  ст. Новомалороссийская, ул. Степная, д. 2"
УФИЦ № 1 ИК-14,"г. Славянск-на Кубани, ул. Донская 3 «а»"
УФИЦ № 3 ИК-2,"г.Элиста, Северная промышленная зона-2, д.172"
Исправительный центр № 1,"г. Волгоград, ул.им. Землячки, 14"
УФИЦ №2 ИК-4,"Краснодарский край, Успенский район, п. Мичуринский, ул. Садовая, 22"
УФИЦ №1 ИК-4,"г. Армавир, ул. Володарского 1а"
Исправительный центр № 2,"г. Волгоград, ул.им. Бахтурова, 6"
УФИЦ ИК-2,"Краснодарский край, Усть-Лабинский район, ст. Воронежская, ул. Крайняя 1"
УФИЦ №1 ИК-1,"г. Симферополь, пер. Элеваторный, 5"
УФИЦ № 2 ИК-14,"г. Краснодар, Восточная промышленная зона, ул. Тихорецкая, 20/1"
УФИЦ №4 ИК-14,"г. Краснодар, Западный обход, 2-ое отделение АФ «Солнечная», 7/4"
УФИЦ № 2 ИК-1,"Крым и Севастополь, пгт. Красногвардейское, ул. Строителей, д. 13"
СИЗО-2 Симферополь,"г. Симферополь, пер. Элеваторный, 4"
УФИЦ № 3 ИК-1,"Крым и Севастополь, Джанкойский район, с. Яркое, ул. Ленина, д. 12"
УФИЦ № 1 ИК-9,"г. Старая Русса, ул. Клубная д. 3"
УФИЦ № 2 ИК-9,"Новгородская область, п. Парфино, ул. Кирова д. 52/71"
Исправительный центр № 2,"г. Петрозаводск, ул.Жуковского, д.32 б"
УФИЦ ИК-25,"г. Сыктывкар, ул. 1-промышленная, д. 15"
УФИЦ №3 ИК-9,"Новгородская область, п. Крестцы ул. Краснова д. 2"
УФИЦ-2,"г. Петрозаводск, проезд Строителей, д.30 б"
Исправительный центр № 1,"г. Емва, ул. Калинина, д.55 а"
УФИЦ № 3 ИК-14,"Краснодарский край, Северский район,  пгт. Ильский, улица Завода Утяжелитель, 45"
УФИЦ № 1 ИК-2,"Калмыкия, Целинный район, с. Троицкое, Северная промзона"
УФИЦ № 2 ИК-2,"г. Элиста, ул. Ленина, д. 329"
Исправительный центр № 1,"г. Майкоп, ул. Кожевенная,11"
УФИЦ № 5 ИК-14,"Краснодарский край, Славянский район, пос. Вишневый, ул. Парковая д. 1"
УФИЦ ИК-6,"Краснодарский край, Выселковский район,  ст. Новомалороссийская, ул. Степная, д. 2"
УФИЦ № 1 ИК-14,"г. Славянск-на Кубани, ул. Донская 3 «а»"
УФИЦ № 3 ИК-2,"г.Элиста, Северная промышленная зона-2, д.172"
Исправительный центр № 1,"г. Волгоград, ул.им. Землячки, 14"
УФИЦ №2 ИК-4,"Краснодарский край, Успенский район, п. Мичуринский, ул. Садовая, 22"
УФИЦ №1 ИК-4,"г. Армавир, ул. Володарского 1а"
Исправительный центр № 2,"г. Волгоград, ул.им. Бахтурова, 6"
УФИЦ ИК-2,"Краснодарский край, Усть-Лабинский район, ст. Воронежская, ул. Крайняя 1"
УФИЦ №1 ИК-1,"г. Симферополь, пер. Элеваторный, 5"
УФИЦ № 2 ИК-14,"г. Краснодар, Восточная промышленная зона, ул. Тихорецкая, 20/1"
УФИЦ №4 ИК-14,"г. Краснодар, Западный обход, 2-ое отделение АФ «Солнечная», 7/4"
УФИЦ № 2 ИК-1,"Крым и Севастополь, пгт. Красногвардейское, ул. Строителей, д. 13"
СИЗО-2 Симферополь,"г. Симферополь, пер. Элеваторный, 4"
УФИЦ № 3 ИК-1,"Крым и Севастополь, Джанкойский район, с. Яркое, ул. Ленина, д. 12"
УФИЦ № 1 ИК-9,"г. Старая Русса, ул. Клубная д. 3"
УФИЦ № 2 ИК-9,"Новгородская область, п. Парфино, ул. Кирова д. 52/71"
Исправительный центр № 2,"г. Петрозаводск, ул.Жуковского, д.32 б"
УФИЦ ИК-25,"г. Сыктывкар, ул. 1-промышленная, д. 15"
УФИЦ №3 ИК-9,"Новгородская область, п. Крестцы ул. Краснова д. 2"
УФИЦ-2,"г. Петрозаводск, проезд Строителей, д.30 б"
Исправительный центр № 1,"г. Емва, ул. Калинина, д.55 а"
УФИЦ № 3 ИК-14,"Краснодарский край, Северский район,  пгт. Ильский, улица Завода Утяжелитель, 45"
УФИЦ № 1 ИК-2,"Калмыкия, Целинный район, с. Троицкое, Северная промзона"
УФИЦ № 2 ИК-2,"г. Элиста, ул. Ленина, д. 329"
Исправительный центр № 1,"г. Майкоп, ул. Кожевенная,11"
УФИЦ № 5 ИК-14,"Краснодарский край, Славянский район, пос. Вишневый, ул. Парковая д. 1"
УФИЦ ИК-6,"Краснодарский край, Выселковский район,  ст. Новомалороссийская, ул. Степная, д. 2"
УФИЦ № 1 ИК-14,"г. Славянск-на Кубани, ул. Донская 3 «а»"
УФИЦ № 3 ИК-2,"г.Элиста, Северная промышленная зона-2, д.172"
Исправительный центр № 1,"г. Волгоград, ул.им. Землячки, 14"
УФИЦ №2 ИК-4,"Краснодарский край, Успенский район, п. Мичуринский, ул. Садовая, 22"
УФИЦ №1 ИК-4,"г. Армавир, ул. Володарского 1а"
Исправительный центр № 2,"г. Волгоград, ул.им. Бахтурова, 6"
УФИЦ ИК-2,"Краснодарский край, Усть-Лабинский район, ст. Воронежская, ул. Крайняя 1"
УФИЦ №1 ИК-1,"г. Симферополь, пер. Элеваторный, 5"
УФИЦ № 2 ИК-14,"г. Краснодар, Восточная промышленная зона, ул. Тихорецкая, 20/1"
УФИЦ №4 ИК-14,"г. Краснодар, Западный обход, 2-ое отделение АФ «Солнечная», 7/4"
УФИЦ № 2 ИК-1,"Крым и Севастополь, пгт. Красногвардейское, ул. Строителей, д. 13"
СИЗО-2 Симферополь,"г. Симферополь, пер. Элеваторный, 4"
УФИЦ № 3 ИК-1,"Крым и Севастополь, Джанкойский район, с. Яркое, ул. Ленина, д. 12"
УФИЦ № 1 ИК-9,"г. Старая Русса, ул. Клубная д. 3"
УФИЦ № 2 ИК-9,"Новгородская область, п. Парфино, ул. Кирова д. 52/71"
Исправительный центр № 2,"г. Петрозаводск, ул.Жуковского, д.32 б"
УФИЦ ИК-25,"г. Сыктывкар, ул. 1-промышленная, д. 15"
УФИЦ №3 ИК-9,"Новгородская область, п. Крестцы ул. Краснова д. 2"
УФИЦ-2,"г. Петрозаводск, проезд Строителей, д.30 б"
Исправительный центр № 1,"г. Емва, ул. Калинина, д.55 а"
УФИЦ № 3 ИК-14,"Краснодарский край, Северский район,  пгт. Ильский, улица Завода Утяжелитель, 45"
УФИЦ № 1 ИК-2,"Калмыкия, Целинный район, с. Троицкое, Северная промзона"
УФИЦ № 2 ИК-2,"г. Элиста, ул. Ленина, д. 329"
Исправительный центр № 1,"г. Майкоп, ул. Кожевенная,11"
УФИЦ № 5 ИК-14,"Краснодарский край, Славянский район, пос. Вишневый, ул. Парковая д. 1"
УФИЦ ИК-6,"Краснодарский край, Выселковский район,  ст. Новомалороссийская, ул. Степная, д. 2"
УФИЦ № 1 ИК-14,"г. Славянск-на Кубани, ул. Донская 3 «а»"
УФИЦ № 3 ИК-2,"г.Элиста, Северная промышленная зона-2, д.172"
Исправительный центр № 1,"г. Волгоград, ул.им. Землячки, 14"
УФИЦ №2 ИК-4,"Краснодарский край, Успенский район, п. Мичуринский, ул. Садовая, 22"
УФИЦ №1 ИК-4,"г. Армавир, ул. Володарского 1а"
Исправительный центр № 2,"г. Волгоград, ул.им. Бахтурова, 6"
УФИЦ ИК-2,"Краснодарский край, Усть-Лабинский район, ст. Воронежская, ул. Крайняя 1"
УФИЦ №1 ИК-1,"г. Симферополь, пер. Элеваторный, 5"
УФИЦ № 2 ИК-14,"г. Краснодар, Восточная промышленная зона, ул. Тихорецкая, 20/1"
УФИЦ №4 ИК-14,"г. Краснодар, Западный обход, 2-ое отделение АФ «Солнечная», 7/4"
УФИЦ № 2 ИК-1,"Крым и Севастополь, пгт. Красногвардейское, ул. Строителей, д. 13"
СИЗО-2 Симферополь,"г. Симферополь, пер. Элеваторный, 4"
УФИЦ № 3 ИК-1,"Крым и Севастополь, Джанкойский район, с. Яркое, ул. Ленина, д. 12"
УФИЦ № 1 ИК-9,"г. Старая Русса, ул. Клубная д. 3"
УФИЦ № 2 ИК-9,"Новгородская область, п. Парфино, ул. Кирова д. 52/71"
Исправительный центр № 2,"г. Петрозаводск, ул.Жуковского, д.32 б"
УФИЦ ИК-25,"г. Сыктывкар, ул. 1-промышленная, д. 15"
УФИЦ №3 ИК-9,"Новгородская область, п. Крестцы ул. Краснова д. 2"
УФИЦ-2,"г. Петрозаводск, проезд Строителей, д.30 б"
Исправительный центр № 1,"г. Емва, ул. Калинина, д.55 а"
УФИЦ № 3 ИК-14,"Краснодарский край, Северский район,  пгт. Ильский, улица Завода Утяжелитель, 45"
УФИЦ № 1 ИК-2,"Калмыкия, Целинный район, с. Троицкое, Северная промзона"
УФИЦ № 2 ИК-2,"г. Элиста, ул. Ленина, д. 329"
Исправительный центр № 1,"г. Майкоп, ул. Кожевенная,11"
УФИЦ № 5 ИК-14,"Краснодарский край, Славянский район, пос. Вишневый, ул. Парковая д. 1"
УФИЦ ИК-6,"Краснодарский край, Выселковский район,  ст. Новомалороссийская, ул. Степная, д. 2"
УФИЦ № 1 ИК-14,"г. Славянск-на Кубани, ул. Донская 3 «а»"
УФИЦ № 3 ИК-2,"г.Элиста, Северная промышленная зона-2, д.172"
Исправительный центр № 1,"г. Волгоград, ул.им. Землячки, 14"
УФИЦ №2 ИК-4,"Краснодарский край, Успенский район, п. Мичуринский, ул. Садовая, 22"
УФИЦ №1 ИК-4,"г. Армавир, ул. Володарского 1а"
Исправительный центр № 2,"г. Волгоград, ул.им. Бахтурова, 6"
УФИЦ ИК-2,"Краснодарский край, Усть-Лабинский район, ст. Воронежская, ул. Крайняя 1"
УФИЦ №1 ИК-1,"г. Симферополь, пер. Элеваторный, 5"
УФИЦ № 2 ИК-14,"г. Краснодар, Восточная промышленная зона, ул. Тихорецкая, 20/1"
УФИЦ №4 ИК-14,"г. Краснодар, Западный обход, 2-ое отделение АФ «Солнечная», 7/4"
УФИЦ № 2 ИК-1,"Крым и Севастополь, пгт. Красногвардейское, ул. Строителей, д. 13"
СИЗО-2 Симферополь,"г. Симферополь, пер. Элеваторный, 4"
УФИЦ № 3 ИК-1,"Крым и Севастополь, Джанкойский район, с. Яркое, ул. Ленина, д. 12"
УФИЦ № 1 ИК-9,"г. Старая Русса, ул. Клубная д. 3"
УФИЦ № 2 ИК-9,"Новгородская область, п. Парфино, ул. Кирова д. 52/71"
Исправительный центр № 2,"г. Петрозаводск, ул.Жуковского, д.32 б"
УФИЦ ИК-25,"г. Сыктывкар, ул. 1-промышленная, д. 15"
УФИЦ №3 ИК-9,"Новгородская область, п. Крестцы ул. Краснова д. 2"
УФИЦ-2,"г. Петрозаводск, проезд Строителей, д.30 б"
Исправительный центр № 1,"г. Емва, ул. Калинина, д.55 а"
УФИЦ № 3 ИК-14,"Краснодарский край, Северский район,  пгт. Ильский, улица Завода Утяжелитель, 45"
УФИЦ № 1 ИК-2,"Калмыкия, Целинный район, с. Троицкое, Северная промзона"
УФИЦ № 2 ИК-2,"г. Элиста, ул. Ленина, д. 329"
Исправительный центр № 1,"г. Майкоп, ул. Кожевенная,11"
УФИЦ № 5 ИК-14,"Краснодарский край, Славянский район, пос. Вишневый, ул. Парковая д. 1"
УФИЦ ИК-6,"Краснодарский край, Выселковский район,  ст. Новомалороссийская, ул. Степная, д. 2"
УФИЦ № 1 ИК-14,"г. Славянск-на Кубани, ул. Донская 3 «а»"
УФИЦ № 3 ИК-2,"г.Элиста, Северная промышленная зона-2, д.172"
Исправительный центр № 1,"г. Волгоград, ул.им. Землячки, 14"
УФИЦ №2 ИК-4,"Краснодарский край, Успенский район, п. Мичуринский, ул. Садовая, 22"
УФИЦ №1 ИК-4,"г. Армавир, ул. Володарского 1а"
Исправительный центр № 2,"г. Волгоград, ул.им. Бахтурова, 6"
УФИЦ ИК-2,"Краснодарский край, Усть-Лабинский район, ст. Воронежская, ул. Крайняя 1"
УФИЦ №1 ИК-1,"г. Симферополь, пер. Элеваторный, 5"
УФИЦ № 2 ИК-14,"г. Краснодар, Восточная промышленная зона, ул. Тихорецкая, 20/1"
УФИЦ №4 ИК-14,"г. Краснодар, Западный обход, 2-ое отделение АФ «Солнечная», 7/4"
УФИЦ № 2 ИК-1,"Крым и Севастополь, пгт. Красногвардейское, ул. Строителей, д. 13"
СИЗО-2 Симферополь,"г. Симферополь, пер. Элеваторный, 4"
УФИЦ № 3 ИК-1,"Крым и Севастополь, Джанкойский район, с. Яркое, ул. Ленина, д. 12"
УФИЦ № 1 ИК-9,"г. Старая Русса, ул. Клубная д. 3"
УФИЦ № 2 ИК-9,"Новгородская область, п. Парфино, ул. Кирова д. 52/71"
Исправительный центр № 2,"г. Петрозаводск, ул.Жуковского, д.32 б"
УФИЦ ИК-25,"г. Сыктывкар, ул. 1-промышленная, д. 15"
УФИЦ №3 ИК-9,"Новгородская область, п. Крестцы ул. Краснова д. 2"
УФИЦ-2,"г. Петрозаводск, проезд Строителей, д.30 б"
Исправительный центр № 1,"г. Емва, ул. Калинина, д.55 а"
УФИЦ № 3 ИК-14,"Краснодарский край, Северский район,  пгт. Ильский, улица Завода Утяжелитель, 45"
УФИЦ № 1 ИК-2,"Калмыкия, Целинный район, с. Троицкое, Северная промзона"
УФИЦ № 2 ИК-2,"г. Элиста, ул. Ленина, д. 329"
Исправительный центр № 1,"г. Майкоп, ул. Кожевенная,11"
УФИЦ № 5 ИК-14,"Краснодарский край, Славянский район, пос. Вишневый, ул. Парковая д. 1"
УФИЦ ИК-6,"Краснодарский край, Выселковский район,  ст. Новомалороссийская, ул. Степная, д. 2"
УФИЦ № 1 ИК-14,"г. Славянск-на Кубани, ул. Донская 3 «а»"
УФИЦ № 3 ИК-2,"г.Элиста, Северная промышленная зона-2, д.172"
Исправительный центр № 1,"г. Волгоград, ул.им. Землячки, 14"
УФИЦ №2 ИК-4,"Краснодарский край, Успенский район, п. Мичуринский, ул. Садовая, 22"
УФИЦ №1 ИК-4,"г. Армавир, ул. Володарского 1а"
Исправительный центр № 2,"г. Волгоград, ул.им. Бахтурова, 6"
УФИЦ ИК-2,"Краснодарский край, Усть-Лабинский район, ст. Воронежская, ул. Крайняя 1"
УФИЦ №1 ИК-1,"г. Симферополь, пер. Элеваторный, 5"
УФИЦ № 2 ИК-14,"г. Краснодар, Восточная промышленная зона, ул. Тихорецкая, 20/1"
УФИЦ №4 ИК-14,"г. Краснодар, Западный обход, 2-ое отделение АФ «Солнечная», 7/4"
УФИЦ № 2 ИК-1,"Крым и Севастополь, пгт. Красногвардейское, ул. Строителей, д. 13"
СИЗО-2 Симферополь,"г. Симферополь, пер. Элеваторный, 4"
УФИЦ № 3 ИК-1,"Крым и Севастополь, Джанкойский район, с. Яркое, ул. Ленина, д. 12"
УФИЦ № 1 ИК-9,"г. Старая Русса, ул. Клубная д. 3"
УФИЦ № 2 ИК-9,"Новгородская область, п. Парфино, ул. Кирова д. 52/71"
Исправительный центр № 2,"г. Петрозаводск, ул.Жуковского, д.32 б"
УФИЦ ИК-25,"г. Сыктывкар, ул. 1-промышленная, д. 15"
УФИЦ №3 ИК-9,"Новгородская область, п. Крестцы ул. Краснова д. 2"
УФИЦ-2,"г. Петрозаводск, проезд Строителей, д.30 б"
Исправительный центр № 1,"г. Емва, ул. Калинина, д.55 а"
УФИЦ № 3 ИК-14,"Краснодарский край, Северский район,  пгт. Ильский, улица Завода Утяжелитель, 45"
УФИЦ № 1 ИК-2,"Калмыкия, Целинный район, с. Троицкое, Северная промзона"
УФИЦ № 2 ИК-2,"г. Элиста, ул. Ленина, д. 329"
Исправительный центр № 1,"г. Майкоп, ул. Кожевенная,11"
УФИЦ № 5 ИК-14,"Краснодарский край, Славянский район, пос. Вишневый, ул. Парковая д. 1"
УФИЦ ИК-6,"Краснодарский край, Выселковский район,  ст. Новомалороссийская, ул. Степная, д. 2"
УФИЦ № 1 ИК-14,"г. Славянск-на Кубани, ул. Донская 3 «а»"
УФИЦ № 3 ИК-2,"г.Элиста, Северная промышленная зона-2, д.172"
Исправительный центр № 1,"г. Волгоград, ул.им. Землячки, 14"
УФИЦ №2 ИК-4,"Краснодарский край, Успенский район, п. Мичуринский, ул. Садовая, 22"
УФИЦ №1 ИК-4,"г. Армавир, ул. Володарского 1а"
Исправительный центр № 2,"г. Волгоград, ул.им. Бахтурова, 6"
УФИЦ ИК-2,"Краснодарский край, Усть-Лабинский район, ст. Воронежская, ул. Крайняя 1"
УФИЦ №1 ИК-1,"г. Симферополь, пер. Элеваторный, 5"
УФИЦ № 2 ИК-14,"г. Краснодар, Восточная промышленная зона, ул. Тихорецкая, 20/1"
УФИЦ №4 ИК-14,"г. Краснодар, Западный обход, 2-ое отделение АФ «Солнечная», 7/4"
УФИЦ № 2 ИК-1,"Крым и Севастополь, пгт. Красногвардейское, ул. Строителей, д. 13"
СИЗО-2 Симферополь,"г. Симферополь, пер. Элеваторный, 4"
УФИЦ № 3 ИК-1,"Крым и Севастополь, Джанкойский район, с. Яркое, ул. Ленина, д. 12"
УФИЦ № 1 ИК-9,"г. Старая Русса, ул. Клубная д. 3"
УФИЦ № 2 ИК-9,"Новгородская область, п. Парфино, ул. Кирова д. 52/71"
Исправительный центр № 2,"г. Петрозаводск, ул.Жуковского, д.32 б"
УФИЦ ИК-25,"г. Сыктывкар, ул. 1-промышленная, д. 15"
УФИЦ №3 ИК-9,"Новгородская область, п. Крестцы ул. Краснова д. 2"
УФИЦ-2,"г. Петрозаводск, проезд Строителей, д.30 б"
Исправительный центр № 1,"г. Емва, ул. Калинина, д.55 а"
УФИЦ № 3 ИК-14,"Краснодарский край, Северский район,  пгт. Ильский, улица Завода Утяжелитель, 45"
УФИЦ № 1 ИК-2,"Калмыкия, Целинный район, с. Троицкое, Северная промзона"
УФИЦ № 2 ИК-2,"г. Элиста, ул. Ленина, д. 329"
Исправительный центр № 1,"г. Майкоп, ул. Кожевенная,11"
УФИЦ № 5 ИК-14,"Краснодарский край, Славянский район, пос. Вишневый, ул. Парковая д. 1"
УФИЦ ИК-6,"Краснодарский край, Выселковский район,  ст. Новомалороссийская, ул. Степная, д. 2"
УФИЦ № 1 ИК-14,"г. Славянск-на Кубани, ул. Донская 3 «а»"
УФИЦ № 3 ИК-2,"г.Элиста, Северная промышленная зона-2, д.172"
Исправительный центр № 1,"г. Волгоград, ул.им. Землячки, 14"
УФИЦ №2 ИК-4,"Краснодарский край, Успенский район, п. Мичуринский, ул. Садовая, 22"
УФИЦ №1 ИК-4,"г. Армавир, ул. Володарского 1а"
Исправительный центр № 2,"г. Волгоград, ул.им. Бахтурова, 6"
УФИЦ ИК-2,"Краснодарский край, Усть-Лабинский район, ст. Воронежская, ул. Крайняя 1"
УФИЦ №1 ИК-1,"г. Симферополь, пер. Элеваторный, 5"
УФИЦ № 2 ИК-14,"г. Краснодар, Восточная промышленная зона, ул. Тихорецкая, 20/1"
УФИЦ №4 ИК-14,"г. Краснодар, Западный обход, 2-ое отделение АФ «Солнечная», 7/4"
УФИЦ № 2 ИК-1,"Крым и Севастополь, пгт. Красногвардейское, ул. Строителей, д. 13"
СИЗО-2 Симферополь,"г. Симферополь, пер. Элеваторный, 4"
УФИЦ № 3 ИК-1,"Крым и Севастополь, Джанкойский район, с. Яркое, ул. Ленина, д. 12"
УФИЦ № 1 ИК-9,"г. Старая Русса, ул. Клубная д. 3"
УФИЦ № 2 ИК-9,"Новгородская область, п. Парфино, ул. Кирова д. 52/71"
Исправительный центр № 2,"г. Петрозаводск, ул.Жуковского, д.32 б"
УФИЦ ИК-25,"г. Сыктывкар, ул. 1-промышленная, д. 15"
УФИЦ №3 ИК-9,"Новгородская область, п. Крестцы ул. Краснова д. 2"
УФИЦ-2,"г. Петрозаводск, проезд Строителей, д.30 б"
Исправительный центр № 1,"г. Емва, ул. Калинина, д.55 а"
УФИЦ № 3 ИК-14,"Краснодарский край, Северский район,  пгт. Ильский, улица Завода Утяжелитель, 45"
УФИЦ № 1 ИК-2,"Калмыкия, Целинный район, с. Троицкое, Северная промзона"
УФИЦ № 2 ИК-2,"г. Элиста, ул. Ленина, д. 329"
Исправительный центр № 1,"г. Майкоп, ул. Кожевенная,11"
УФИЦ № 5 ИК-14,"Краснодарский край, Славянский район, пос. Вишневый, ул. Парковая д. 1"
УФИЦ ИК-6,"Краснодарский край, Выселковский район,  ст. Новомалороссийская, ул. Степная, д. 2"
УФИЦ № 1 ИК-14,"г. Славянск-на Кубани, ул. Донская 3 «а»"
УФИЦ № 3 ИК-2,"г.Элиста, Северная промышленная зона-2, д.172"
Исправительный центр № 1,"г. Волгоград, ул.им. Землячки, 14"
УФИЦ №2 ИК-4,"Краснодарский край, Успенский район, п. Мичуринский, ул. Садовая, 22"
УФИЦ №1 ИК-4,"г. Армавир, ул. Володарского 1а"
Исправительный центр № 2,"г. Волгоград, ул.им. Бахтурова, 6"
УФИЦ ИК-2,"Краснодарский край, Усть-Лабинский район, ст. Воронежская, ул. Крайняя 1"
УФИЦ №1 ИК-1,"г. Симферополь, пер. Элеваторный, 5"
УФИЦ № 2 ИК-14,"г. Краснодар, Восточная промышленная зона, ул. Тихорецкая, 20/1"
УФИЦ №4 ИК-14,"г. Краснодар, Западный обход, 2-ое отделение АФ «Солнечная», 7/4"
УФИЦ № 2 ИК-1,"Крым и Севастополь, пгт. Красногвардейское, ул. Строителей, д. 13"
СИЗО-2 Симферополь,"г. Симферополь, пер. Элеваторный, 4"
УФИЦ № 3 ИК-1,"Крым и Севастополь, Джанкойский район, с. Яркое, ул. Ленина, д. 12"
УФИЦ № 1 ИК-9,"г. Старая Русса, ул. Клубная д. 3"
УФИЦ № 2 ИК-9,"Новгородская область, п. Парфино, ул. Кирова д. 52/71"
Исправительный центр № 2,"г. Петрозаводск, ул.Жуковского, д.32 б"
УФИЦ ИК-25,"г. Сыктывкар, ул. 1-промышленная, д. 15"
УФИЦ №3 ИК-9,"Новгородская область, п. Крестцы ул. Краснова д. 2"
УФИЦ-2,"г. Петрозаводск, проезд Строителей, д.30 б"
Исправительный центр № 1,"г. Емва, ул. Калинина, д.55 а"
УФИЦ № 3 ИК-14,"Краснодарский край, Северский район,  пгт. Ильский, улица Завода Утяжелитель, 45"
УФИЦ № 1 ИК-2,"Калмыкия, Целинный район, с. Троицкое, Северная промзона"
УФИЦ № 2 ИК-2,"г. Элиста, ул. Ленина, д. 329"
Исправительный центр № 1,"г. Майкоп, ул. Кожевенная,11"
УФИЦ № 5 ИК-14,"Краснодарский край, Славянский район, пос. Вишневый, ул. Парковая д. 1"
УФИЦ ИК-6,"Краснодарский край, Выселковский район,  ст. Новомалороссийская, ул. Степная, д. 2"
УФИЦ № 1 ИК-14,"г. Славянск-на Кубани, ул. Донская 3 «а»"
УФИЦ № 3 ИК-2,"г.Элиста, Северная промышленная зона-2, д.172"
Исправительный центр № 1,"г. Волгоград, ул.им. Землячки, 14"
УФИЦ №2 ИК-4,"Краснодарский край, Успенский район, п. Мичуринский, ул. Садовая, 22"
УФИЦ №1 ИК-4,"г. Армавир, ул. Володарского 1а"
Исправительный центр № 2,"г. Волгоград, ул.им. Бахтурова, 6"
УФИЦ ИК-2,"Краснодарский край, Усть-Лабинский район, ст. Воронежская, ул. Крайняя 1"
УФИЦ №1 ИК-1,"г. Симферополь, пер. Элеваторный, 5"
УФИЦ № 2 ИК-14,"г. Краснодар, Восточная промышленная зона, ул. Тихорецкая, 20/1"
УФИЦ №4 ИК-14,"г. Краснодар, Западный обход, 2-ое отделение АФ «Солнечная», 7/4"
УФИЦ № 2 ИК-1,"Крым и Севастополь, пгт. Красногвардейское, ул. Строителей, д. 13"
СИЗО-2 Симферополь,"г. Симферополь, пер. Элеваторный, 4"
УФИЦ № 3 ИК-1,"Крым и Севастополь, Джанкойский район, с. Яркое, ул. Ленина, д. 12"
УФИЦ № 1 ИК-9,"г. Старая Русса, ул. Клубная д. 3"
УФИЦ № 2 ИК-9,"Новгородская область, п. Парфино, ул. Кирова д. 52/71"
Исправительный центр № 2,"г. Петрозаводск, ул.Жуковского, д.32 б"
УФИЦ ИК-25,"г. Сыктывкар, ул. 1-промышленная, д. 15"
УФИЦ №3 ИК-9,"Новгородская область, п. Крестцы ул. Краснова д. 2"
УФИЦ-2,"г. Петрозаводск, проезд Строителей, д.30 б"
Исправительный центр № 1,"г. Емва, ул. Калинина, д.55 а"
УФИЦ № 3 ИК-14,"Краснодарский край, Северский район,  пгт. Ильский, улица Завода Утяжелитель, 45"
УФИЦ № 1 ИК-2,"Калмыкия, Целинный район, с. Троицкое, Северная промзона"
УФИЦ № 2 ИК-2,"г. Элиста, ул. Ленина, д. 329"
Исправительный центр № 1,"г. Майкоп, ул. Кожевенная,11"
УФИЦ № 5 ИК-14,"Краснодарский край, Славянский район, пос. Вишневый, ул. Парковая д. 1"
УФИЦ ИК-6,"Краснодарский край, Выселковский район,  ст. Новомалороссийская, ул. Степная, д. 2"
УФИЦ № 1 ИК-14,"г. Славянск-на Кубани, ул. Донская 3 «а»"
УФИЦ № 3 ИК-2,"г.Элиста, Северная промышленная зона-2, д.172"
Исправительный центр № 1,"г. Волгоград, ул.им. Землячки, 14"
УФИЦ №2 ИК-4,"Краснодарский край, Успенский район, п. Мичуринский, ул. Садовая, 22"
УФИЦ №1 ИК-4,"г. Армавир, ул. Володарского 1а"
Исправительный центр № 2,"г. Волгоград, ул.им. Бахтурова, 6"
УФИЦ ИК-2,"Краснодарский край, Усть-Лабинский район, ст. Воронежская, ул. Крайняя 1"
УФИЦ №1 ИК-1,"г. Симферополь, пер. Элеваторный, 5"
УФИЦ № 2 ИК-14,"г. Краснодар, Восточная промышленная зона, ул. Тихорецкая, 20/1"
УФИЦ №4 ИК-14,"г. Краснодар, Западный обход, 2-ое отделение АФ «Солнечная», 7/4"
УФИЦ № 2 ИК-1,"Крым и Севастополь, пгт. Красногвардейское, ул. Строителей, д. 13"
СИЗО-2 Симферополь,"г. Симферополь, пер. Элеваторный, 4"
УФИЦ № 3 ИК-1,"Крым и Севастополь, Джанкойский район, с. Яркое, ул. Ленина, д. 12"
УФИЦ № 1 ИК-9,"г. Старая Русса, ул. Клубная д. 3"
УФИЦ № 2 ИК-9,"Новгородская область, п. Парфино, ул. Кирова д. 52/71"
Исправительный центр № 2,"г. Петрозаводск, ул.Жуковского, д.32 б"
УФИЦ ИК-25,"г. Сыктывкар, ул. 1-промышленная, д. 15"
УФИЦ №3 ИК-9,"Новгородская область, п. Крестцы ул. Краснова д. 2"
УФИЦ-2,"г. Петрозаводск, проезд Строителей, д.30 б"
Исправительный центр № 1,"г. Емва, ул. Калинина, д.55 а"
УФИЦ № 3 ИК-14,"Краснодарский край, Северский район,  пгт. Ильский, улица Завода Утяжелитель, 45"
УФИЦ № 1 ИК-2,"Калмыкия, Целинный район, с. Троицкое, Северная промзона"
УФИЦ № 2 ИК-2,"г. Элиста, ул. Ленина, д. 329"
Исправительный центр № 1,"г. Майкоп, ул. Кожевенная,11"
УФИЦ № 5 ИК-14,"Краснодарский край, Славянский район, пос. Вишневый, ул. Парковая д. 1"
УФИЦ ИК-6,"Краснодарский край, Выселковский район,  ст. Новомалороссийская, ул. Степная, д. 2"
УФИЦ № 1 ИК-14,"г. Славянск-на Кубани, ул. Донская 3 «а»"
УФИЦ № 3 ИК-2,"г.Элиста, Северная промышленная зона-2, д.172"
Исправительный центр № 1,"г. Волгоград, ул.им. Землячки, 14"
УФИЦ №2 ИК-4,"Краснодарский край, Успенский район, п. Мичуринский, ул. Садовая, 22"
УФИЦ №1 ИК-4,"г. Армавир, ул. Володарского 1а"
Исправительный центр № 2,"г. Волгоград, ул.им. Бахтурова, 6"
УФИЦ ИК-2,"Краснодарский край, Усть-Лабинский район, ст. Воронежская, ул. Крайняя 1"
УФИЦ №1 ИК-1,"г. Симферополь, пер. Элеваторный, 5"
УФИЦ № 2 ИК-14,"г. Краснодар, Восточная промышленная зона, ул. Тихорецкая, 20/1"
УФИЦ №4 ИК-14,"г. Краснодар, Западный обход, 2-ое отделение АФ «Солнечная», 7/4"
УФИЦ № 2 ИК-1,"Крым и Севастополь, пгт. Красногвардейское, ул. Строителей, д. 13"
СИЗО-2 Симферополь,"г. Симферополь, пер. Элеваторный, 4"
УФИЦ № 3 ИК-1,"Крым и Севастополь, Джанкойский район, с. Яркое, ул. Ленина, д. 12"
УФИЦ № 1 ИК-9,"г. Старая Русса, ул. Клубная д. 3"
УФИЦ № 2 ИК-9,"Новгородская область, п. Парфино, ул. Кирова д. 52/71"
Исправительный центр № 2,"г. Петрозаводск, ул.Жуковского, д.32 б"
УФИЦ ИК-25,"г. Сыктывкар, ул. 1-промышленная, д. 15"
УФИЦ №3 ИК-9,"Новгородская область, п. Крестцы ул. Краснова д. 2"
УФИЦ-2,"г. Петрозаводск, проезд Строителей, д.30 б"
Исправительный центр № 1,"г. Емва, ул. Калинина, д.55 а"
УФИЦ № 3 ИК-14,"Краснодарский край, Северский район,  пгт. Ильский, улица Завода Утяжелитель, 45"
УФИЦ № 1 ИК-2,"Калмыкия, Целинный район, с. Троицкое, Северная промзона"
УФИЦ № 2 ИК-2,"г. Элиста, ул. Ленина, д. 329"
Исправительный центр № 1,"г. Майкоп, ул. Кожевенная,11"
УФИЦ № 5 ИК-14,"Краснодарский край, Славянский район, пос. Вишневый, ул. Парковая д. 1"
УФИЦ ИК-6,"Краснодарский край, Выселковский район,  ст. Новомалороссийская, ул. Степная, д. 2"
УФИЦ № 1 ИК-14,"г. Славянск-на Кубани, ул. Донская 3 «а»"
УФИЦ № 3 ИК-2,"г.Элиста, Северная промышленная зона-2, д.172"
Исправительный центр № 1,"г. Волгоград, ул.им. Землячки, 14"
УФИЦ №2 ИК-4,"Краснодарский край, Успенский район, п. Мичуринский, ул. Садовая, 22"
УФИЦ №1 ИК-4,"г. Армавир, ул. Володарского 1а"
Исправительный центр № 2,"г. Волгоград, ул.им. Бахтурова, 6"
УФИЦ ИК-2,"Краснодарский край, Усть-Лабинский район, ст. Воронежская, ул. Крайняя 1"
УФИЦ №1 ИК-1,"г. Симферополь, пер. Элеваторный, 5"
УФИЦ № 2 ИК-14,"г. Краснодар, Восточная промышленная зона, ул. Тихорецкая, 20/1"
УФИЦ №4 ИК-14,"г. Краснодар, Западный обход, 2-ое отделение АФ «Солнечная», 7/4"
УФИЦ № 2 ИК-1,"Крым и Севастополь, пгт. Красногвардейское, ул. Строителей, д. 13"
СИЗО-2 Симферополь,"г. Симферополь, пер. Элеваторный, 4"
УФИЦ № 3 ИК-1,"Крым и Севастополь, Джанкойский район, с. Яркое, ул. Ленина, д. 12"
УФИЦ № 1 ИК-9,"г. Старая Русса, ул. Клубная д. 3"
УФИЦ № 2 ИК-9,"Новгородская область, п. Парфино, ул. Кирова д. 52/71"
Исправительный центр № 2,"г. Петрозаводск, ул.Жуковского, д.32 б"
УФИЦ ИК-25,"г. Сыктывкар, ул. 1-промышленная, д. 15"
УФИЦ №3 ИК-9,"Новгородская область, п. Крестцы ул. Краснова д. 2"
УФИЦ-2,"г. Петрозаводск, проезд Строителей, д.30 б"
Исправительный центр № 1,"г. Емва, ул. Калинина, д.55 а"
УФИЦ № 3 ИК-14,"Краснодарский край, Северский район,  пгт. Ильский, улица Завода Утяжелитель, 45"
УФИЦ № 1 ИК-2,"Калмыкия, Целинный район, с. Троицкое, Северная промзона"
УФИЦ № 2 ИК-2,"г. Элиста, ул. Ленина, д. 329"
Исправительный центр № 1,"г. Майкоп, ул. Кожевенная,11"
УФИЦ № 5 ИК-14,"Краснодарский край, Славянский район, пос. Вишневый, ул. Парковая д. 1"
УФИЦ ИК-6,"Краснодарский край, Выселковский район,  ст. Новомалороссийская, ул. Степная, д. 2"
УФИЦ № 1 ИК-14,"г. Славянск-на Кубани, ул. Донская 3 «а»"
УФИЦ № 3 ИК-2,"г.Элиста, Северная промышленная зона-2, д.172"
Исправительный центр № 1,"г. Волгоград, ул.им. Землячки, 14"
УФИЦ №2 ИК-4,"Краснодарский край, Успенский район, п. Мичуринский, ул. Садовая, 22"
УФИЦ №1 ИК-4,"г. Армавир, ул. Володарского 1а"
Исправительный центр № 2,"г. Волгоград, ул.им. Бахтурова, 6"
УФИЦ ИК-2,"Краснодарский край, Усть-Лабинский район, ст. Воронежская, ул. Крайняя 1"
УФИЦ №1 ИК-1,"г. Симферополь, пер. Элеваторный, 5"
УФИЦ № 2 ИК-14,"г. Краснодар, Восточная промышленная зона, ул. Тихорецкая, 20/1"
УФИЦ №4 ИК-14,"г. Краснодар, Западный обход, 2-ое отделение АФ «Солнечная», 7/4"
УФИЦ № 2 ИК-1,"Крым и Севастополь, пгт. Красногвардейское, ул. Строителей, д. 13"
СИЗО-2 Симферополь,"г. Симферополь, пер. Элеваторный, 4"
УФИЦ № 3 ИК-1,"Крым и Севастополь, Джанкойский район, с. Яркое, ул. Ленина, д. 12"
УФИЦ № 1 ИК-9,"г. Старая Русса, ул. Клубная д. 3"
УФИЦ № 2 ИК-9,"Новгородская область, п. Парфино, ул. Кирова д. 52/71"
Исправительный центр № 2,"г. Петрозаводск, ул.Жуковского, д.32 б"
УФИЦ ИК-25,"г. Сыктывкар, ул. 1-промышленная, д. 15"
УФИЦ №3 ИК-9,"Новгородская область, п. Крестцы ул. Краснова д. 2"
УФИЦ-2,"г. Петрозаводск, проезд Строителей, д.30 б"
Исправительный центр № 1,"г. Емва, ул. Калинина, д.55 а"
УФИЦ № 3 ИК-14,"Краснодарский край, Северский район,  пгт. Ильский, улица Завода Утяжелитель, 45"
УФИЦ № 1 ИК-2,"Калмыкия, Целинный район, с. Троицкое, Северная промзона"
УФИЦ № 2 ИК-2,"г. Элиста, ул. Ленина, д. 329"
Исправительный центр № 1,"г. Майкоп, ул. Кожевенная,11"
УФИЦ № 5 ИК-14,"Краснодарский край, Славянский район, пос. Вишневый, ул. Парковая д. 1"
УФИЦ ИК-6,"Краснодарский край, Выселковский район,  ст. Новомалороссийская, ул. Степная, д. 2"
УФИЦ № 1 ИК-14,"г. Славянск-на Кубани, ул. Донская 3 «а»"
УФИЦ № 3 ИК-2,"г.Элиста, Северная промышленная зона-2, д.172"
Исправительный центр № 1,"г. Волгоград, ул.им. Землячки, 14"
УФИЦ №2 ИК-4,"Краснодарский край, Успенский район, п. Мичуринский, ул. Садовая, 22"
УФИЦ №1 ИК-4,"г. Армавир, ул. Володарского 1а"
Исправительный центр № 2,"г. Волгоград, ул.им. Бахтурова, 6"
УФИЦ ИК-2,"Краснодарский край, Усть-Лабинский район, ст. Воронежская, ул. Крайняя 1"
УФИЦ №1 ИК-1,"г. Симферополь, пер. Элеваторный, 5"
УФИЦ № 2 ИК-14,"г. Краснодар, Восточная промышленная зона, ул. Тихорецкая, 20/1"
УФИЦ №4 ИК-14,"г. Краснодар, Западный обход, 2-ое отделение АФ «Солнечная», 7/4"
УФИЦ № 2 ИК-1,"Крым и Севастополь, пгт. Красногвардейское, ул. Строителей, д. 13"
СИЗО-2 Симферополь,"г. Симферополь, пер. Элеваторный, 4"
УФИЦ № 3 ИК-1,"Крым и Севастополь, Джанкойский район, с. Яркое, ул. Ленина, д. 12"
УФИЦ № 1 ИК-9,"г. Старая Русса, ул. Клубная д. 3"
УФИЦ № 2 ИК-9,"Новгородская область, п. Парфино, ул. Кирова д. 52/71"
Исправительный центр № 2,"г. Петрозаводск, ул.Жуковского, д.32 б"
УФИЦ ИК-25,"г. Сыктывкар, ул. 1-промышленная, д. 15"
УФИЦ №3 ИК-9,"Новгородская область, п. Крестцы ул. Краснова д. 2"
УФИЦ-2,"г. Петрозаводск, проезд Строителей, д.30 б"
Исправительный центр № 1,"г. Емва, ул. Калинина, д.55 а"
УФИЦ № 3 ИК-14,"Краснодарский край, Северский район,  пгт. Ильский, улица Завода Утяжелитель, 45"
УФИЦ № 1 ИК-2,"Калмыкия, Целинный район, с. Троицкое, Северная промзона"
УФИЦ № 2 ИК-2,"г. Элиста, ул. Ленина, д. 329"
Исправительный центр № 1,"г. Майкоп, ул. Кожевенная,11"
УФИЦ № 5 ИК-14,"Краснодарский край, Славянский район, пос. Вишневый, ул. Парковая д. 1"
УФИЦ ИК-6,"Краснодарский край, Выселковский район,  ст. Новомалороссийская, ул. Степная, д. 2"
УФИЦ № 1 ИК-14,"г. Славянск-на Кубани, ул. Донская 3 «а»"
УФИЦ № 3 ИК-2,"г.Элиста, Северная промышленная зона-2, д.172"
Исправительный центр № 1,"г. Волгоград, ул.им. Землячки, 14"
УФИЦ №2 ИК-4,"Краснодарский край, Успенский район, п. Мичуринский, ул. Садовая, 22"
УФИЦ №1 ИК-4,"г. Армавир, ул. Володарского 1а"
Исправительный центр № 2,"г. Волгоград, ул.им. Бахтурова, 6"
УФИЦ ИК-2,"Краснодарский край, Усть-Лабинский район, ст. Воронежская, ул. Крайняя 1"
УФИЦ №1 ИК-1,"г. Симферополь, пер. Элеваторный, 5"
УФИЦ № 2 ИК-14,"г. Краснодар, Восточная промышленная зона, ул. Тихорецкая, 20/1"
УФИЦ №4 ИК-14,"г. Краснодар, Западный обход, 2-ое отделение АФ «Солнечная», 7/4"
УФИЦ № 2 ИК-1,"Крым и Севастополь, пгт. Красногвардейское, ул. Строителей, д. 13"
СИЗО-2 Симферополь,"г. Симферополь, пер. Элеваторный, 4"
УФИЦ № 3 ИК-1,"Крым и Севастополь, Джанкойский район, с. Яркое, ул. Ленина, д. 12"
УФИЦ № 1 ИК-9,"г. Старая Русса, ул. Клубная д. 3"
УФИЦ № 2 ИК-9,"Новгородская область, п. Парфино, ул. Кирова д. 52/71"
Исправительный центр № 2,"г. Петрозаводск, ул.Жуковского, д.32 б"
УФИЦ ИК-25,"г. Сыктывкар, ул. 1-промышленная, д. 15"
УФИЦ №3 ИК-9,"Новгородская область, п. Крестцы ул. Краснова д. 2"
УФИЦ-2,"г. Петрозаводск, проезд Строителей, д.30 б"
Исправительный центр № 1,"г. Емва, ул. Калинина, д.55 а"
УФИЦ № 3 ИК-14,"Краснодарский край, Северский район,  пгт. Ильский, улица Завода Утяжелитель, 45"
УФИЦ № 1 ИК-2,"Калмыкия, Целинный район, с. Троицкое, Северная промзона"
УФИЦ № 2 ИК-2,"г. Элиста, ул. Ленина, д. 329"
Исправительный центр № 1,"г. Майкоп, ул. Кожевенная,11"
УФИЦ № 5 ИК-14,"Краснодарский край, Славянский район, пос. Вишневый, ул. Парковая д. 1"
УФИЦ ИК-6,"Краснодарский край, Выселковский район,  ст. Новомалороссийская, ул. Степная, д. 2"
УФИЦ № 1 ИК-14,"г. Славянск-на Кубани, ул. Донская 3 «а»"
УФИЦ № 3 ИК-2,"г.Элиста, Северная промышленная зона-2, д.172"
Исправительный центр № 1,"г. Волгоград, ул.им. Землячки, 14"
УФИЦ №2 ИК-4,"Краснодарский край, Успенский район, п. Мичуринский, ул. Садовая, 22"
УФИЦ №1 ИК-4,"г. Армавир, ул. Володарского 1а"
Исправительный центр № 2,"г. Волгоград, ул.им. Бахтурова, 6"
УФИЦ ИК-2,"Краснодарский край, Усть-Лабинский район, ст. Воронежская, ул. Крайняя 1"
УФИЦ №1 ИК-1,"г. Симферополь, пер. Элеваторный, 5"
УФИЦ № 2 ИК-14,"г. Краснодар, Восточная промышленная зона, ул. Тихорецкая, 20/1"
УФИЦ №4 ИК-14,"г. Краснодар, Западный обход, 2-ое отделение АФ «Солнечная», 7/4"
УФИЦ № 2 ИК-1,"Крым и Севастополь, пгт. Красногвардейское, ул. Строителей, д. 13"
СИЗО-2 Симферополь,"г. Симферополь, пер. Элеваторный, 4"
УФИЦ № 3 ИК-1,"Крым и Севастополь, Джанкойский район, с. Яркое, ул. Ленина, д. 12"
УФИЦ № 1 ИК-9,"г. Старая Русса, ул. Клубная д. 3"
УФИЦ № 2 ИК-9,"Новгородская область, п. Парфино, ул. Кирова д. 52/71"
Исправительный центр № 2,"г. Петрозаводск, ул.Жуковского, д.32 б"
УФИЦ ИК-25,"г. Сыктывкар, ул. 1-промышленная, д. 15"
УФИЦ №3 ИК-9,"Новгородская область, п. Крестцы ул. Краснова д. 2"
УФИЦ-2,"г. Петрозаводск, проезд Строителей, д.30 б"
Исправительный центр № 1,"г. Емва, ул. Калинина, д.55 а"
УФИЦ № 3 ИК-14,"Краснодарский край, Северский район,  пгт. Ильский, улица Завода Утяжелитель, 45"
УФИЦ № 1 ИК-2,"Калмыкия, Целинный район, с. Троицкое, Северная промзона"
УФИЦ № 2 ИК-2,"г. Элиста, ул. Ленина, д. 329"
Исправительный центр № 1,"г. Майкоп, ул. Кожевенная,11"
УФИЦ № 5 ИК-14,"Краснодарский край, Славянский район, пос. Вишневый, ул. Парковая д. 1"
УФИЦ ИК-6,"Краснодарский край, Выселковский район,  ст. Новомалороссийская, ул. Степная, д. 2"
УФИЦ № 1 ИК-14,"г. Славянск-на Кубани, ул. Донская 3 «а»"
УФИЦ № 3 ИК-2,"г.Элиста, Северная промышленная зона-2, д.172"
Исправительный центр № 1,"г. Волгоград, ул.им. Землячки, 14"
УФИЦ №2 ИК-4,"Краснодарский край, Успенский район, п. Мичуринский, ул. Садовая, 22"
УФИЦ №1 ИК-4,"г. Армавир, ул. Володарского 1а"
Исправительный центр № 2,"г. Волгоград, ул.им. Бахтурова, 6"
УФИЦ ИК-2,"Краснодарский край, Усть-Лабинский район, ст. Воронежская, ул. Крайняя 1"
УФИЦ №1 ИК-1,"г. Симферополь, пер. Элеваторный, 5"
УФИЦ № 2 ИК-14,"г. Краснодар, Восточная промышленная зона, ул. Тихорецкая, 20/1"
УФИЦ №4 ИК-14,"г. Краснодар, Западный обход, 2-ое отделение АФ «Солнечная», 7/4"
УФИЦ № 2 ИК-1,"Крым и Севастополь, пгт. Красногвардейское, ул. Строителей, д. 13"
СИЗО-2 Симферополь,"г. Симферополь, пер. Элеваторный, 4"
УФИЦ № 3 ИК-1,"Крым и Севастополь, Джанкойский район, с. Яркое, ул. Ленина, д. 12"
УФИЦ № 1 ИК-9,"г. Старая Русса, ул. Клубная д. 3"
УФИЦ № 2 ИК-9,"Новгородская область, п. Парфино, ул. Кирова д. 52/71"
Исправительный центр № 2,"г. Петрозаводск, ул.Жуковского, д.32 б"
УФИЦ ИК-25,"г. Сыктывкар, ул. 1-промышленная, д. 15"
УФИЦ №3 ИК-9,"Новгородская область, п. Крестцы ул. Краснова д. 2"
УФИЦ-2,"г. Петрозаводск, проезд Строителей, д.30 б"
Исправительный центр № 1,"г. Емва, ул. Калинина, д.55 а"
УФИЦ № 3 ИК-14,"Краснодарский край, Северский район,  пгт. Ильский, улица Завода Утяжелитель, 45"
УФИЦ № 1 ИК-2,"Калмыкия, Целинный район, с. Троицкое, Северная промзона"
УФИЦ № 2 ИК-2,"г. Элиста, ул. Ленина, д. 329"
Исправительный центр № 1,"г. Майкоп, ул. Кожевенная,11"
УФИЦ № 5 ИК-14,"Краснодарский край, Славянский район, пос. Вишневый, ул. Парковая д. 1"
УФИЦ ИК-6,"Краснодарский край, Выселковский район,  ст. Новомалороссийская, ул. Степная, д. 2"
УФИЦ № 1 ИК-14,"г. Славянск-на Кубани, ул. Донская 3 «а»"
УФИЦ № 3 ИК-2,"г.Элиста, Северная промышленная зона-2, д.172"
Исправительный центр № 1,"г. Волгоград, ул.им. Землячки, 14"
УФИЦ №2 ИК-4,"Краснодарский край, Успенский район, п. Мичуринский, ул. Садовая, 22"
УФИЦ №1 ИК-4,"г. Армавир, ул. Володарского 1а"
Исправительный центр № 2,"г. Волгоград, ул.им. Бахтурова, 6"
УФИЦ ИК-2,"Краснодарский край, Усть-Лабинский район, ст. Воронежская, ул. Крайняя 1"
УФИЦ №1 ИК-1,"г. Симферополь, пер. Элеваторный, 5"
УФИЦ № 2 ИК-14,"г. Краснодар, Восточная промышленная зона, ул. Тихорецкая, 20/1"
УФИЦ №4 ИК-14,"г. Краснодар, Западный обход, 2-ое отделение АФ «Солнечная», 7/4"
УФИЦ № 2 ИК-1,"Крым и Севастополь, пгт. Красногвардейское, ул. Строителей, д. 13"
СИЗО-2 Симферополь,"г. Симферополь, пер. Элеваторный, 4"
УФИЦ № 3 ИК-1,"Крым и Севастополь, Джанкойский район, с. Яркое, ул. Ленина, д. 12"
УФИЦ № 1 ИК-9,"г. Старая Русса, ул. Клубная д. 3"
УФИЦ № 2 ИК-9,"Новгородская область, п. Парфино, ул. Кирова д. 52/71"
Исправительный центр № 2,"г. Петрозаводск, ул.Жуковского, д.32 б"
УФИЦ ИК-25,"г. Сыктывкар, ул. 1-промышленная, д. 15"
УФИЦ №3 ИК-9,"Новгородская область, п. Крестцы ул. Краснова д. 2"
УФИЦ-2,"г. Петрозаводск, проезд Строителей, д.30 б"
Исправительный центр № 1,"г. Емва, ул. Калинина, д.55 а"
УФИЦ № 3 ИК-14,"Краснодарский край, Северский район,  пгт. Ильский, улица Завода Утяжелитель, 45"
УФИЦ № 1 ИК-2,"Калмыкия, Целинный район, с. Троицкое, Северная промзона"
УФИЦ № 2 ИК-2,"г. Элиста, ул. Ленина, д. 329"
Исправительный центр № 1,"г. Майкоп, ул. Кожевенная,11"
УФИЦ № 5 ИК-14,"Краснодарский край, Славянский район, пос. Вишневый, ул. Парковая д. 1"
УФИЦ ИК-6,"Краснодарский край, Выселковский район,  ст. Новомалороссийская, ул. Степная, д. 2"
УФИЦ № 1 ИК-14,"г. Славянск-на Кубани, ул. Донская 3 «а»"
УФИЦ № 3 ИК-2,"г.Элиста, Северная промышленная зона-2, д.172"
Исправительный центр № 1,"г. Волгоград, ул.им. Землячки, 14"
УФИЦ №2 ИК-4,"Краснодарский край, Успенский район, п. Мичуринский, ул. Садовая, 22"
УФИЦ №1 ИК-4,"г. Армавир, ул. Володарского 1а"
Исправительный центр № 2,"г. Волгоград, ул.им. Бахтурова, 6"
УФИЦ ИК-2,"Краснодарский край, Усть-Лабинский район, ст. Воронежская, ул. Крайняя 1"
УФИЦ №1 ИК-1,"г. Симферополь, пер. Элеваторный, 5"
УФИЦ № 2 ИК-14,"г. Краснодар, Восточная промышленная зона, ул. Тихорецкая, 20/1"
УФИЦ №4 ИК-14,"г. Краснодар, Западный обход, 2-ое отделение АФ «Солнечная», 7/4"
УФИЦ № 2 ИК-1,"Крым и Севастополь, пгт. Красногвардейское, ул. Строителей, д. 13"
СИЗО-2 Симферополь,"г. Симферополь, пер. Элеваторный, 4"
УФИЦ № 3 ИК-1,"Крым и Севастополь, Джанкойский район, с. Яркое, ул. Ленина, д. 12"
УФИЦ № 1 ИК-9,"г. Старая Русса, ул. Клубная д. 3"
УФИЦ № 2 ИК-9,"Новгородская область, п. Парфино, ул. Кирова д. 52/71"
Исправительный центр № 2,"г. Петрозаводск, ул.Жуковского, д.32 б"
УФИЦ ИК-25,"г. Сыктывкар, ул. 1-промышленная, д. 15"
УФИЦ №3 ИК-9,"Новгородская область, п. Крестцы ул. Краснова д. 2"
УФИЦ-2,"г. Петрозаводск, проезд Строителей, д.30 б"
Исправительный центр № 1,"г. Емва, ул. Калинина, д.55 а"
УФИЦ № 3 ИК-14,"Краснодарский край, Северский район,  пгт. Ильский, улица Завода Утяжелитель, 45"
УФИЦ № 1 ИК-2,"Калмыкия, Целинный район, с. Троицкое, Северная промзона"
УФИЦ № 2 ИК-2,"г. Элиста, ул. Ленина, д. 329"
Исправительный центр № 1,"г. Майкоп, ул. Кожевенная,11"
УФИЦ № 5 ИК-14,"Краснодарский край, Славянский район, пос. Вишневый, ул. Парковая д. 1"
УФИЦ ИК-6,"Краснодарский край, Выселковский район,  ст. Новомалороссийская, ул. Степная, д. 2"
УФИЦ № 1 ИК-14,"г. Славянск-на Кубани, ул. Донская 3 «а»"
УФИЦ № 3 ИК-2,"г.Элиста, Северная промышленная зона-2, д.172"
Исправительный центр № 1,"г. Волгоград, ул.им. Землячки, 14"
УФИЦ №2 ИК-4,"Краснодарский край, Успенский район, п. Мичуринский, ул. Садовая, 22"
УФИЦ №1 ИК-4,"г. Армавир, ул. Володарского 1а"
Исправительный центр № 2,"г. Волгоград, ул.им. Бахтурова, 6"
УФИЦ ИК-2,"Краснодарский край, Усть-Лабинский район, ст. Воронежская, ул. Крайняя 1"
УФИЦ №1 ИК-1,"г. Симферополь, пер. Элеваторный, 5"
УФИЦ № 2 ИК-14,"г. Краснодар, Восточная промышленная зона, ул. Тихорецкая, 20/1"
УФИЦ №4 ИК-14,"г. Краснодар, Западный обход, 2-ое отделение АФ «Солнечная», 7/4"
УФИЦ № 2 ИК-1,"Крым и Севастополь, пгт. Красногвардейское, ул. Строителей, д. 13"
СИЗО-2 Симферополь,"г. Симферополь, пер. Элеваторный, 4"
УФИЦ № 3 ИК-1,"Крым и Севастополь, Джанкойский район, с. Яркое, ул. Ленина, д. 12"
УФИЦ № 1 ИК-9,"г. Старая Русса, ул. Клубная д. 3"
УФИЦ № 2 ИК-9,"Новгородская область, п. Парфино, ул. Кирова д. 52/71"
Исправительный центр № 2,"г. Петрозаводск, ул.Жуковского, д.32 б"
УФИЦ ИК-25,"г. Сыктывкар, ул. 1-промышленная, д. 15"
УФИЦ №3 ИК-9,"Новгородская область, п. Крестцы ул. Краснова д. 2"
УФИЦ-2,"г. Петрозаводск, проезд Строителей, д.30 б"
Исправительный центр № 1,"г. Емва, ул. Калинина, д.55 а"
УФИЦ № 3 ИК-14,"Краснодарский край, Северский район,  пгт. Ильский, улица Завода Утяжелитель, 45"
УФИЦ № 1 ИК-2,"Калмыкия, Целинный район, с. Троицкое, Северная промзона"
УФИЦ № 2 ИК-2,"г. Элиста, ул. Ленина, д. 329"
Исправительный центр № 1,"г. Майкоп, ул. Кожевенная,11"
УФИЦ № 5 ИК-14,"Краснодарский край, Славянский район, пос. Вишневый, ул. Парковая д. 1"
УФИЦ ИК-6,"Краснодарский край, Выселковский район,  ст. Новомалороссийская, ул. Степная, д. 2"
УФИЦ № 1 ИК-14,"г. Славянск-на Кубани, ул. Донская 3 «а»"
УФИЦ № 3 ИК-2,"г.Элиста, Северная промышленная зона-2, д.172"
Исправительный центр № 1,"г. Волгоград, ул.им. Землячки, 14"
УФИЦ №2 ИК-4,"Краснодарский край, Успенский район, п. Мичуринский, ул. Садовая, 22"
УФИЦ №1 ИК-4,"г. Армавир, ул. Володарского 1а"
Исправительный центр № 2,"г. Волгоград, ул.им. Бахтурова, 6"
УФИЦ ИК-2,"Краснодарский край, Усть-Лабинский район, ст. Воронежская, ул. Крайняя 1"
УФИЦ №1 ИК-1,"г. Симферополь, пер. Элеваторный, 5"
УФИЦ № 2 ИК-14,"г. Краснодар, Восточная промышленная зона, ул. Тихорецкая, 20/1"
УФИЦ №4 ИК-14,"г. Краснодар, Западный обход, 2-ое отделение АФ «Солнечная», 7/4"
УФИЦ № 2 ИК-1,"Крым и Севастополь, пгт. Красногвардейское, ул. Строителей, д. 13"
СИЗО-2 Симферополь,"г. Симферополь, пер. Элеваторный, 4"
УФИЦ № 3 ИК-1,"Крым и Севастополь, Джанкойский район, с. Яркое, ул. Ленина, д. 12"
УФИЦ № 1 ИК-9,"г. Старая Русса, ул. Клубная д. 3"
УФИЦ № 2 ИК-9,"Новгородская область, п. Парфино, ул. Кирова д. 52/71"
Исправительный центр № 2,"г. Петрозаводск, ул.Жуковского, д.32 б"
УФИЦ ИК-25,"г. Сыктывкар, ул. 1-промышленная, д. 15"
УФИЦ №3 ИК-9,"Новгородская область, п. Крестцы ул. Краснова д. 2"
УФИЦ-2,"г. Петрозаводск, проезд Строителей, д.30 б"
Исправительный центр № 1,"г. Емва, ул. Калинина, д.55 а"
УФИЦ № 3 ИК-14,"Краснодарский край, Северский район,  пгт. Ильский, улица Завода Утяжелитель, 45"
УФИЦ № 1 ИК-2,"Калмыкия, Целинный район, с. Троицкое, Северная промзона"
УФИЦ № 2 ИК-2,"г. Элиста, ул. Ленина, д. 329"
Исправительный центр № 1,"г. Майкоп, ул. Кожевенная,11"
УФИЦ № 5 ИК-14,"Краснодарский край, Славянский район, пос. Вишневый, ул. Парковая д. 1"
УФИЦ ИК-6,"Краснодарский край, Выселковский район,  ст. Новомалороссийская, ул. Степная, д. 2"
УФИЦ № 1 ИК-14,"г. Славянск-на Кубани, ул. Донская 3 «а»"
УФИЦ № 3 ИК-2,"г.Элиста, Северная промышленная зона-2, д.172"
Исправительный центр № 1,"г. Волгоград, ул.им. Землячки, 14"
УФИЦ №2 ИК-4,"Краснодарский край, Успенский район, п. Мичуринский, ул. Садовая, 22"
УФИЦ №1 ИК-4,"г. Армавир, ул. Володарского 1а"
Исправительный центр № 2,"г. Волгоград, ул.им. Бахтурова, 6"
УФИЦ ИК-2,"Краснодарский край, Усть-Лабинский район, ст. Воронежская, ул. Крайняя 1"
УФИЦ №1 ИК-1,"г. Симферополь, пер. Элеваторный, 5"
УФИЦ № 2 ИК-14,"г. Краснодар, Восточная промышленная зона, ул. Тихорецкая, 20/1"
УФИЦ №4 ИК-14,"г. Краснодар, Западный обход, 2-ое отделение АФ «Солнечная», 7/4"
УФИЦ № 2 ИК-1,"Крым и Севастополь, пгт. Красногвардейское, ул. Строителей, д. 13"
СИЗО-2 Симферополь,"г. Симферополь, пер. Элеваторный, 4"
УФИЦ № 3 ИК-1,"Крым и Севастополь, Джанкойский район, с. Яркое, ул. Ленина, д. 12"
УФИЦ № 1 ИК-9,"г. Старая Русса, ул. Клубная д. 3"
УФИЦ № 2 ИК-9,"Новгородская область, п. Парфино, ул. Кирова д. 52/71"
Исправительный центр № 2,"г. Петрозаводск, ул.Жуковского, д.32 б"
УФИЦ ИК-25,"г. Сыктывкар, ул. 1-промышленная, д. 15"
УФИЦ №3 ИК-9,"Новгородская область, п. Крестцы ул. Краснова д. 2"
УФИЦ-2,"г. Петрозаводск, проезд Строителей, д.30 б"
Исправительный центр № 1,"г. Емва, ул. Калинина, д.55 а"
УФИЦ № 3 ИК-14,"Краснодарский край, Северский район,  пгт. Ильский, улица Завода Утяжелитель, 45"
УФИЦ № 1 ИК-2,"Калмыкия, Целинный район, с. Троицкое, Северная промзона"
УФИЦ № 2 ИК-2,"г. Элиста, ул. Ленина, д. 329"
Исправительный центр № 1,"г. Майкоп, ул. Кожевенная,11"
УФИЦ № 5 ИК-14,"Краснодарский край, Славянский район, пос. Вишневый, ул. Парковая д. 1"
УФИЦ ИК-6,"Краснодарский край, Выселковский район,  ст. Новомалороссийская, ул. Степная, д. 2"
УФИЦ № 1 ИК-14,"г. Славянск-на Кубани, ул. Донская 3 «а»"
УФИЦ № 3 ИК-2,"г.Элиста, Северная промышленная зона-2, д.172"
Исправительный центр № 1,"г. Волгоград, ул.им. Землячки, 14"
УФИЦ №2 ИК-4,"Краснодарский край, Успенский район, п. Мичуринский, ул. Садовая, 22"
УФИЦ №1 ИК-4,"г. Армавир, ул. Володарского 1а"
Исправительный центр № 2,"г. Волгоград, ул.им. Бахтурова, 6"
УФИЦ ИК-2,"Краснодарский край, Усть-Лабинский район, ст. Воронежская, ул. Крайняя 1"
УФИЦ №1 ИК-1,"г. Симферополь, пер. Элеваторный, 5"
УФИЦ № 2 ИК-14,"г. Краснодар, Восточная промышленная зона, ул. Тихорецкая, 20/1"
УФИЦ №4 ИК-14,"г. Краснодар, Западный обход, 2-ое отделение АФ «Солнечная», 7/4"
УФИЦ № 2 ИК-1,"Крым и Севастополь, пгт. Красногвардейское, ул. Строителей, д. 13"
СИЗО-2 Симферополь,"г. Симферополь, пер. Элеваторный, 4"
УФИЦ № 3 ИК-1,"Крым и Севастополь, Джанкойский район, с. Яркое, ул. Ленина, д. 12"
УФИЦ № 1 ИК-9,"г. Старая Русса, ул. Клубная д. 3"
УФИЦ № 2 ИК-9,"Новгородская область, п. Парфино, ул. Кирова д. 52/71"
Исправительный центр № 2,"г. Петрозаводск, ул.Жуковского, д.32 б"
УФИЦ ИК-25,"г. Сыктывкар, ул. 1-промышленная, д. 15"
УФИЦ №3 ИК-9,"Новгородская область, п. Крестцы ул. Краснова д. 2"
УФИЦ-2,"г. Петрозаводск, проезд Строителей, д.30 б"
Исправительный центр № 1,"г. Емва, ул. Калинина, д.55 а"
УФИЦ № 3 ИК-14,"Краснодарский край, Северский район,  пгт. Ильский, улица Завода Утяжелитель, 45"
УФИЦ № 1 ИК-2,"Калмыкия, Целинный район, с. Троицкое, Северная промзона"
УФИЦ № 2 ИК-2,"г. Элиста, ул. Ленина, д. 329"
Исправительный центр № 1,"г. Майкоп, ул. Кожевенная,11"
УФИЦ № 5 ИК-14,"Краснодарский край, Славянский район, пос. Вишневый, ул. Парковая д. 1"
УФИЦ ИК-6,"Краснодарский край, Выселковский район,  ст. Новомалороссийская, ул. Степная, д. 2"
УФИЦ № 1 ИК-14,"г. Славянск-на Кубани, ул. Донская 3 «а»"
УФИЦ № 3 ИК-2,"г.Элиста, Северная промышленная зона-2, д.172"
Исправительный центр № 1,"г. Волгоград, ул.им. Землячки, 14"
УФИЦ №2 ИК-4,"Краснодарский край, Успенский район, п. Мичуринский, ул. Садовая, 22"
УФИЦ №1 ИК-4,"г. Армавир, ул. Володарского 1а"
Исправительный центр № 2,"г. Волгоград, ул.им. Бахтурова, 6"
УФИЦ ИК-2,"Краснодарский край, Усть-Лабинский район, ст. Воронежская, ул. Крайняя 1"
УФИЦ №1 ИК-1,"г. Симферополь, пер. Элеваторный, 5"
УФИЦ № 2 ИК-14,"г. Краснодар, Восточная промышленная зона, ул. Тихорецкая, 20/1"
УФИЦ №4 ИК-14,"г. Краснодар, Западный обход, 2-ое отделение АФ «Солнечная», 7/4"
УФИЦ № 2 ИК-1,"Крым и Севастополь, пгт. Красногвардейское, ул. Строителей, д. 13"
СИЗО-2 Симферополь,"г. Симферополь, пер. Элеваторный, 4"
УФИЦ № 3 ИК-1,"Крым и Севастополь, Джанкойский район, с. Яркое, ул. Ленина, д. 12"
УФИЦ № 1 ИК-9,"г. Старая Русса, ул. Клубная д. 3"
УФИЦ № 2 ИК-9,"Новгородская область, п. Парфино, ул. Кирова д. 52/71"
Исправительный центр № 2,"г. Петрозаводск, ул.Жуковского, д.32 б"
УФИЦ ИК-25,"г. Сыктывкар, ул. 1-промышленная, д. 15"
УФИЦ №3 ИК-9,"Новгородская область, п. Крестцы ул. Краснова д. 2"
УФИЦ-2,"г. Петрозаводск, проезд Строителей, д.30 б"
Исправительный центр № 1,"г. Емва, ул. Калинина, д.55 а"
УФИЦ № 3 ИК-14,"Краснодарский край, Северский район,  пгт. Ильский, улица Завода Утяжелитель, 45"
УФИЦ № 1 ИК-2,"Калмыкия, Целинный район, с. Троицкое, Северная промзона"
УФИЦ № 2 ИК-2,"г. Элиста, ул. Ленина, д. 329"
Исправительный центр № 1,"г. Майкоп, ул. Кожевенная,11"
УФИЦ № 5 ИК-14,"Краснодарский край, Славянский район, пос. Вишневый, ул. Парковая д. 1"
УФИЦ ИК-6,"Краснодарский край, Выселковский район,  ст. Новомалороссийская, ул. Степная, д. 2"
УФИЦ № 1 ИК-14,"г. Славянск-на Кубани, ул. Донская 3 «а»"
УФИЦ № 3 ИК-2,"г.Элиста, Северная промышленная зона-2, д.172"
Исправительный центр № 1,"г. Волгоград, ул.им. Землячки, 14"
УФИЦ №2 ИК-4,"Краснодарский край, Успенский район, п. Мичуринский, ул. Садовая, 22"
УФИЦ №1 ИК-4,"г. Армавир, ул. Володарского 1а"
Исправительный центр № 2,"г. Волгоград, ул.им. Бахтурова, 6"
УФИЦ ИК-2,"Краснодарский край, Усть-Лабинский район, ст. Воронежская, ул. Крайняя 1"
УФИЦ №1 ИК-1,"г. Симферополь, пер. Элеваторный, 5"
УФИЦ № 2 ИК-14,"г. Краснодар, Восточная промышленная зона, ул. Тихорецкая, 20/1"
УФИЦ №4 ИК-14,"г. Краснодар, Западный обход, 2-ое отделение АФ «Солнечная», 7/4"
УФИЦ № 2 ИК-1,"Крым и Севастополь, пгт. Красногвардейское, ул. Строителей, д. 13"
СИЗО-2 Симферополь,"г. Симферополь, пер. Элеваторный, 4"
УФИЦ № 3 ИК-1,"Крым и Севастополь, Джанкойский район, с. Яркое, ул. Ленина, д. 12"
УФИЦ № 1 ИК-9,"г. Старая Русса, ул. Клубная д. 3"
УФИЦ № 2 ИК-9,"Новгородская область, п. Парфино, ул. Кирова д. 52/71"
Исправительный центр № 2,"г. Петрозаводск, ул.Жуковского, д.32 б"
УФИЦ ИК-25,"г. Сыктывкар, ул. 1-промышленная, д. 15"
УФИЦ №3 ИК-9,"Новгородская область, п. Крестцы ул. Краснова д. 2"
УФИЦ-2,"г. Петрозаводск, проезд Строителей, д.30 б"
Исправительный центр № 1,"г. Емва, ул. Калинина, д.55 а"
УФИЦ № 3 ИК-14,"Краснодарский край, Северский район,  пгт. Ильский, улица Завода Утяжелитель, 45"
УФИЦ № 1 ИК-2,"Калмыкия, Целинный район, с. Троицкое, Северная промзона"
УФИЦ № 2 ИК-2,"г. Элиста, ул. Ленина, д. 329"
Исправительный центр № 1,"г. Майкоп, ул. Кожевенная,11"
УФИЦ № 5 ИК-14,"Краснодарский край, Славянский район, пос. Вишневый, ул. Парковая д. 1"
УФИЦ ИК-6,"Краснодарский край, Выселковский район,  ст. Новомалороссийская, ул. Степная, д. 2"
УФИЦ № 1 ИК-14,"г. Славянск-на Кубани, ул. Донская 3 «а»"
УФИЦ № 3 ИК-2,"г.Элиста, Северная промышленная зона-2, д.172"
Исправительный центр № 1,"г. Волгоград, ул.им. Землячки, 14"
УФИЦ №2 ИК-4,"Краснодарский край, Успенский район, п. Мичуринский, ул. Садовая, 22"
УФИЦ №1 ИК-4,"г. Армавир, ул. Володарского 1а"
Исправительный центр № 2,"г. Волгоград, ул.им. Бахтурова, 6"
УФИЦ ИК-2,"Краснодарский край, Усть-Лабинский район, ст. Воронежская, ул. Крайняя 1"
УФИЦ №1 ИК-1,"г. Симферополь, пер. Элеваторный, 5"
УФИЦ № 2 ИК-14,"г. Краснодар, Восточная промышленная зона, ул. Тихорецкая, 20/1"
УФИЦ №4 ИК-14,"г. Краснодар, Западный обход, 2-ое отделение АФ «Солнечная», 7/4"
УФИЦ № 2 ИК-1,"Крым и Севастополь, пгт. Красногвардейское, ул. Строителей, д. 13"
СИЗО-2 Симферополь,"г. Симферополь, пер. Элеваторный, 4"
УФИЦ № 3 ИК-1,"Крым и Севастополь, Джанкойский район, с. Яркое, ул. Ленина, д. 12"
УФИЦ № 1 ИК-9,"г. Старая Русса, ул. Клубная д. 3"
УФИЦ № 2 ИК-9,"Новгородская область, п. Парфино, ул. Кирова д. 52/71"
Исправительный центр № 2,"г. Петрозаводск, ул.Жуковского, д.32 б"
УФИЦ ИК-25,"г. Сыктывкар, ул. 1-промышленная, д. 15"
УФИЦ №3 ИК-9,"Новгородская область, п. Крестцы ул. Краснова д. 2"
УФИЦ-2,"г. Петрозаводск, проезд Строителей, д.30 б"
Исправительный центр № 1,"г. Емва, ул. Калинина, д.55 а"
УФИЦ № 3 ИК-14,"Краснодарский край, Северский район,  пгт. Ильский, улица Завода Утяжелитель, 45"
УФИЦ № 1 ИК-2,"Калмыкия, Целинный район, с. Троицкое, Северная промзона"
УФИЦ № 2 ИК-2,"г. Элиста, ул. Ленина, д. 329"
Исправительный центр № 1,"г. Майкоп, ул. Кожевенная,11"
УФИЦ № 5 ИК-14,"Краснодарский край, Славянский район, пос. Вишневый, ул. Парковая д. 1"
УФИЦ ИК-6,"Краснодарский край, Выселковский район,  ст. Новомалороссийская, ул. Степная, д. 2"
УФИЦ № 1 ИК-14,"г. Славянск-на Кубани, ул. Донская 3 «а»"
УФИЦ № 3 ИК-2,"г.Элиста, Северная промышленная зона-2, д.172"
Исправительный центр № 1,"г. Волгоград, ул.им. Землячки, 14"
УФИЦ №2 ИК-4,"Краснодарский край, Успенский район, п. Мичуринский, ул. Садовая, 22"
УФИЦ №1 ИК-4,"г. Армавир, ул. Володарского 1а"
Исправительный центр № 2,"г. Волгоград, ул.им. Бахтурова, 6"
УФИЦ ИК-2,"Краснодарский край, Усть-Лабинский район, ст. Воронежская, ул. Крайняя 1"
УФИЦ №1 ИК-1,"г. Симферополь, пер. Элеваторный, 5"
УФИЦ № 2 ИК-14,"г. Краснодар, Восточная промышленная зона, ул. Тихорецкая, 20/1"
УФИЦ №4 ИК-14,"г. Краснодар, Западный обход, 2-ое отделение АФ «Солнечная», 7/4"
УФИЦ № 2 ИК-1,"Крым и Севастополь, пгт. Красногвардейское, ул. Строителей, д. 13"
СИЗО-2 Симферополь,"г. Симферополь, пер. Элеваторный, 4"
УФИЦ № 3 ИК-1,"Крым и Севастополь, Джанкойский район, с. Яркое, ул. Ленина, д. 12"
УФИЦ № 1 ИК-9,"г. Старая Русса, ул. Клубная д. 3"
УФИЦ № 2 ИК-9,"Новгородская область, п. Парфино, ул. Кирова д. 52/71"
Исправительный центр № 2,"г. Петрозаводск, ул.Жуковского, д.32 б"
УФИЦ ИК-25,"г. Сыктывкар, ул. 1-промышленная, д. 15"
УФИЦ №3 ИК-9,"Новгородская область, п. Крестцы ул. Краснова д. 2"
УФИЦ-2,"г. Петрозаводск, проезд Строителей, д.30 б"
Исправительный центр № 1,"г. Емва, ул. Калинина, д.55 а"
УФИЦ № 3 ИК-14,"Краснодарский край, Северский район,  пгт. Ильский, улица Завода Утяжелитель, 45"
УФИЦ № 1 ИК-2,"Калмыкия, Целинный район, с. Троицкое, Северная промзона"
УФИЦ № 2 ИК-2,"г. Элиста, ул. Ленина, д. 329"
Исправительный центр № 1,"г. Майкоп, ул. Кожевенная,11"
УФИЦ № 5 ИК-14,"Краснодарский край, Славянский район, пос. Вишневый, ул. Парковая д. 1"
УФИЦ ИК-6,"Краснодарский край, Выселковский район,  ст. Новомалороссийская, ул. Степная, д. 2"
УФИЦ № 1 ИК-14,"г. Славянск-на Кубани, ул. Донская 3 «а»"
УФИЦ № 3 ИК-2,"г.Элиста, Северная промышленная зона-2, д.172"
Исправительный центр № 1,"г. Волгоград, ул.им. Землячки, 14"
УФИЦ №2 ИК-4,"Краснодарский край, Успенский район, п. Мичуринский, ул. Садовая, 22"
УФИЦ №1 ИК-4,"г. Армавир, ул. Володарского 1а"
Исправительный центр № 2,"г. Волгоград, ул.им. Бахтурова, 6"
УФИЦ ИК-2,"Краснодарский край, Усть-Лабинский район, ст. Воронежская, ул. Крайняя 1"
УФИЦ №1 ИК-1,"г. Симферополь, пер. Элеваторный, 5"
УФИЦ № 2 ИК-14,"г. Краснодар, Восточная промышленная зона, ул. Тихорецкая, 20/1"
УФИЦ №4 ИК-14,"г. Краснодар, Западный обход, 2-ое отделение АФ «Солнечная», 7/4"
УФИЦ № 2 ИК-1,"Крым и Севастополь, пгт. Красногвардейское, ул. Строителей, д. 13"
СИЗО-2 Симферополь,"г. Симферополь, пер. Элеваторный, 4"
УФИЦ № 3 ИК-1,"Крым и Севастополь, Джанкойский район, с. Яркое, ул. Ленина, д. 12"
УФИЦ № 1 ИК-9,"г. Старая Русса, ул. Клубная д. 3"
УФИЦ № 2 ИК-9,"Новгородская область, п. Парфино, ул. Кирова д. 52/71"
Исправительный центр № 2,"г. Петрозаводск, ул.Жуковского, д.32 б"
УФИЦ ИК-25,"г. Сыктывкар, ул. 1-промышленная, д. 15"
УФИЦ №3 ИК-9,"Новгородская область, п. Крестцы ул. Краснова д. 2"
УФИЦ-2,"г. Петрозаводск, проезд Строителей, д.30 б"
Исправительный центр № 1,"г. Емва, ул. Калинина, д.55 а"
УФИЦ № 3 ИК-14,"Краснодарский край, Северский район,  пгт. Ильский, улица Завода Утяжелитель, 45"
УФИЦ № 1 ИК-2,"Калмыкия, Целинный район, с. Троицкое, Северная промзона"
УФИЦ № 2 ИК-2,"г. Элиста, ул. Ленина, д. 329"
Исправительный центр № 1,"г. Майкоп, ул. Кожевенная,11"
УФИЦ № 5 ИК-14,"Краснодарский край, Славянский район, пос. Вишневый, ул. Парковая д. 1"
УФИЦ ИК-6,"Краснодарский край, Выселковский район,  ст. Новомалороссийская, ул. Степная, д. 2"
УФИЦ № 1 ИК-14,"г. Славянск-на Кубани, ул. Донская 3 «а»"
УФИЦ № 3 ИК-2,"г.Элиста, Северная промышленная зона-2, д.172"
Исправительный центр № 1,"г. Волгоград, ул.им. Землячки, 14"
УФИЦ №2 ИК-4,"Краснодарский край, Успенский район, п. Мичуринский, ул. Садовая, 22"
УФИЦ №1 ИК-4,"г. Армавир, ул. Володарского 1а"
Исправительный центр № 2,"г. Волгоград, ул.им. Бахтурова, 6"
УФИЦ ИК-2,"Краснодарский край, Усть-Лабинский район, ст. Воронежская, ул. Крайняя 1"
УФИЦ №1 ИК-1,"г. Симферополь, пер. Элеваторный, 5"
УФИЦ № 2 ИК-14,"г. Краснодар, Восточная промышленная зона, ул. Тихорецкая, 20/1"
УФИЦ №4 ИК-14,"г. Краснодар, Западный обход, 2-ое отделение АФ «Солнечная», 7/4"
УФИЦ № 2 ИК-1,"Крым и Севастополь, пгт. Красногвардейское, ул. Строителей, д. 13"
СИЗО-2 Симферополь,"г. Симферополь, пер. Элеваторный, 4"
УФИЦ № 3 ИК-1,"Крым и Севастополь, Джанкойский район, с. Яркое, ул. Ленина, д. 12"
УФИЦ № 1 ИК-9,"г. Старая Русса, ул. Клубная д. 3"
УФИЦ № 2 ИК-9,"Новгородская область, п. Парфино, ул. Кирова д. 52/71"
Исправительный центр № 2,"г. Петрозаводск, ул.Жуковского, д.32 б"
УФИЦ ИК-25,"г. Сыктывкар, ул. 1-промышленная, д. 15"
УФИЦ №3 ИК-9,"Новгородская область, п. Крестцы ул. Краснова д. 2"
УФИЦ-2,"г. Петрозаводск, проезд Строителей, д.30 б"
Исправительный центр № 1,"г. Емва, ул. Калинина, д.55 а"
УФИЦ № 3 ИК-14,"Краснодарский край, Северский район,  пгт. Ильский, улица Завода Утяжелитель, 45"
УФИЦ № 1 ИК-2,"Калмыкия, Целинный район, с. Троицкое, Северная промзона"
УФИЦ № 2 ИК-2,"г. Элиста, ул. Ленина, д. 329"
Исправительный центр № 1,"г. Майкоп, ул. Кожевенная,11"
УФИЦ № 5 ИК-14,"Краснодарский край, Славянский район, пос. Вишневый, ул. Парковая д. 1"
УФИЦ ИК-6,"Краснодарский край, Выселковский район,  ст. Новомалороссийская, ул. Степная, д. 2"
УФИЦ № 1 ИК-14,"г. Славянск-на Кубани, ул. Донская 3 «а»"
УФИЦ № 3 ИК-2,"г.Элиста, Северная промышленная зона-2, д.172"
Исправительный центр № 1,"г. Волгоград, ул.им. Землячки, 14"
УФИЦ №2 ИК-4,"Краснодарский край, Успенский район, п. Мичуринский, ул. Садовая, 22"
УФИЦ №1 ИК-4,"г. Армавир, ул. Володарского 1а"
Исправительный центр № 2,"г. Волгоград, ул.им. Бахтурова, 6"
УФИЦ ИК-2,"Краснодарский край, Усть-Лабинский район, ст. Воронежская, ул. Крайняя 1"
УФИЦ №1 ИК-1,"г. Симферополь, пер. Элеваторный, 5"
УФИЦ № 2 ИК-14,"г. Краснодар, Восточная промышленная зона, ул. Тихорецкая, 20/1"
УФИЦ №4 ИК-14,"г. Краснодар, Западный обход, 2-ое отделение АФ «Солнечная», 7/4"
УФИЦ № 2 ИК-1,"Крым и Севастополь, пгт. Красногвардейское, ул. Строителей, д. 13"
СИЗО-2 Симферополь,"г. Симферополь, пер. Элеваторный, 4"
УФИЦ № 3 ИК-1,"Крым и Севастополь, Джанкойский район, с. Яркое, ул. Ленина, д. 12"
УФИЦ № 1 ИК-9,"г. Старая Русса, ул. Клубная д. 3"
УФИЦ № 2 ИК-9,"Новгородская область, п. Парфино, ул. Кирова д. 52/71"
Исправительный центр № 2,"г. Петрозаводск, ул.Жуковского, д.32 б"
УФИЦ ИК-25,"г. Сыктывкар, ул. 1-промышленная, д. 15"
УФИЦ №3 ИК-9,"Новгородская область, п. Крестцы ул. Краснова д. 2"
УФИЦ-2,"г. Петрозаводск, проезд Строителей, д.30 б"
Исправительный центр № 1,"г. Емва, ул. Калинина, д.55 а"
УФИЦ № 3 ИК-14,"Краснодарский край, Северский район,  пгт. Ильский, улица Завода Утяжелитель, 45"
УФИЦ № 1 ИК-2,"Калмыкия, Целинный район, с. Троицкое, Северная промзона"
УФИЦ № 2 ИК-2,"г. Элиста, ул. Ленина, д. 329"
Исправительный центр № 1,"г. Майкоп, ул. Кожевенная,11"
УФИЦ № 5 ИК-14,"Краснодарский край, Славянский район, пос. Вишневый, ул. Парковая д. 1"
УФИЦ ИК-6,"Краснодарский край, Выселковский район,  ст. Новомалороссийская, ул. Степная, д. 2"
УФИЦ № 1 ИК-14,"г. Славянск-на Кубани, ул. Донская 3 «а»"
УФИЦ № 3 ИК-2,"г.Элиста, Северная промышленная зона-2, д.172"
Исправительный центр № 1,"г. Волгоград, ул.им. Землячки, 14"
УФИЦ №2 ИК-4,"Краснодарский край, Успенский район, п. Мичуринский, ул. Садовая, 22"
УФИЦ №1 ИК-4,"г. Армавир, ул. Володарского 1а"
Исправительный центр № 2,"г. Волгоград, ул.им. Бахтурова, 6"
УФИЦ ИК-2,"Краснодарский край, Усть-Лабинский район, ст. Воронежская, ул. Крайняя 1"
УФИЦ №1 ИК-1,"г. Симферополь, пер. Элеваторный, 5"
УФИЦ № 2 ИК-14,"г. Краснодар, Восточная промышленная зона, ул. Тихорецкая, 20/1"
УФИЦ №4 ИК-14,"г. Краснодар, Западный обход, 2-ое отделение АФ «Солнечная», 7/4"
УФИЦ № 2 ИК-1,"Крым и Севастополь, пгт. Красногвардейское, ул. Строителей, д. 13"
СИЗО-2 Симферополь,"г. Симферополь, пер. Элеваторный, 4"
УФИЦ № 3 ИК-1,"Крым и Севастополь, Джанкойский район, с. Яркое, ул. Ленина, д. 12"
УФИЦ № 1 ИК-9,"г. Старая Русса, ул. Клубная д. 3"
УФИЦ № 2 ИК-9,"Новгородская область, п. Парфино, ул. Кирова д. 52/71"
Исправительный центр № 2,"г. Петрозаводск, ул.Жуковского, д.32 б"
УФИЦ ИК-25,"г. Сыктывкар, ул. 1-промышленная, д. 15"
УФИЦ №3 ИК-9,"Новгородская область, п. Крестцы ул. Краснова д. 2"
УФИЦ-2,"г. Петрозаводск, проезд Строителей, д.30 б"
Исправительный центр № 1,"г. Емва, ул. Калинина, д.55 а"
УФИЦ № 3 ИК-14,"Краснодарский край, Северский район,  пгт. Ильский, улица Завода Утяжелитель, 45"
УФИЦ № 1 ИК-2,"Калмыкия, Целинный район, с. Троицкое, Северная промзона"
УФИЦ № 2 ИК-2,"г. Элиста, ул. Ленина, д. 329"
Исправительный центр № 1,"г. Майкоп, ул. Кожевенная,11"
УФИЦ № 5 ИК-14,"Краснодарский край, Славянский район, пос. Вишневый, ул. Парковая д. 1"
УФИЦ ИК-6,"Краснодарский край, Выселковский район,  ст. Новомалороссийская, ул. Степная, д. 2"
УФИЦ № 1 ИК-14,"г. Славянск-на Кубани, ул. Донская 3 «а»"
УФИЦ № 3 ИК-2,"г.Элиста, Северная промышленная зона-2, д.172"
Исправительный центр № 1,"г. Волгоград, ул.им. Землячки, 14"
УФИЦ №2 ИК-4,"Краснодарский край, Успенский район, п. Мичуринский, ул. Садовая, 22"
УФИЦ №1 ИК-4,"г. Армавир, ул. Володарского 1а"
Исправительный центр № 2,"г. Волгоград, ул.им. Бахтурова, 6"
УФИЦ ИК-2,"Краснодарский край, Усть-Лабинский район, ст. Воронежская, ул. Крайняя 1"
УФИЦ №1 ИК-1,"г. Симферополь, пер. Элеваторный, 5"
УФИЦ № 2 ИК-14,"г. Краснодар, Восточная промышленная зона, ул. Тихорецкая, 20/1"
УФИЦ №4 ИК-14,"г. Краснодар, Западный обход, 2-ое отделение АФ «Солнечная», 7/4"
УФИЦ № 2 ИК-1,"Крым и Севастополь, пгт. Красногвардейское, ул. Строителей, д. 13"
СИЗО-2 Симферополь,"г. Симферополь, пер. Элеваторный, 4"
УФИЦ № 3 ИК-1,"Крым и Севастополь, Джанкойский район, с. Яркое, ул. Ленина, д. 12"
УФИЦ № 1 ИК-9,"г. Старая Русса, ул. Клубная д. 3"
УФИЦ № 2 ИК-9,"Новгородская область, п. Парфино, ул. Кирова д. 52/71"
Исправительный центр № 2,"г. Петрозаводск, ул.Жуковского, д.32 б"
УФИЦ ИК-25,"г. Сыктывкар, ул. 1-промышленная, д. 15"
УФИЦ №3 ИК-9,"Новгородская область, п. Крестцы ул. Краснова д. 2"
УФИЦ-2,"г. Петрозаводск, проезд Строителей, д.30 б"
Исправительный центр № 1,"г. Емва, ул. Калинина, д.55 а"
УФИЦ № 3 ИК-14,"Краснодарский край, Северский район,  пгт. Ильский, улица Завода Утяжелитель, 45"
УФИЦ № 1 ИК-2,"Калмыкия, Целинный район, с. Троицкое, Северная промзона"
УФИЦ № 2 ИК-2,"г. Элиста, ул. Ленина, д. 329"
Исправительный центр № 1,"г. Майкоп, ул. Кожевенная,11"
УФИЦ № 5 ИК-14,"Краснодарский край, Славянский район, пос. Вишневый, ул. Парковая д. 1"
УФИЦ ИК-6,"Краснодарский край, Выселковский район,  ст. Новомалороссийская, ул. Степная, д. 2"
УФИЦ № 1 ИК-14,"г. Славянск-на Кубани, ул. Донская 3 «а»"
УФИЦ № 3 ИК-2,"г.Элиста, Северная промышленная зона-2, д.172"
Исправительный центр № 1,"г. Волгоград, ул.им. Землячки, 14"
УФИЦ №2 ИК-4,"Краснодарский край, Успенский район, п. Мичуринский, ул. Садовая, 22"
УФИЦ №1 ИК-4,"г. Армавир, ул. Володарского 1а"
Исправительный центр № 2,"г. Волгоград, ул.им. Бахтурова, 6"
УФИЦ ИК-2,"Краснодарский край, Усть-Лабинский район, ст. Воронежская, ул. Крайняя 1"
УФИЦ №1 ИК-1,"г. Симферополь, пер. Элеваторный, 5"
УФИЦ № 2 ИК-14,"г. Краснодар, Восточная промышленная зона, ул. Тихорецкая, 20/1"
УФИЦ №4 ИК-14,"г. Краснодар, Западный обход, 2-ое отделение АФ «Солнечная», 7/4"
УФИЦ № 2 ИК-1,"Крым и Севастополь, пгт. Красногвардейское, ул. Строителей, д. 13"
СИЗО-2 Симферополь,"г. Симферополь, пер. Элеваторный, 4"
УФИЦ № 3 ИК-1,"Крым и Севастополь, Джанкойский район, с. Яркое, ул. Ленина, д. 12"
УФИЦ № 1 ИК-9,"г. Старая Русса, ул. Клубная д. 3"
УФИЦ № 2 ИК-9,"Новгородская область, п. Парфино, ул. Кирова д. 52/71"
Исправительный центр № 2,"г. Петрозаводск, ул.Жуковского, д.32 б"
УФИЦ ИК-25,"г. Сыктывкар, ул. 1-промышленная, д. 15"
УФИЦ №3 ИК-9,"Новгородская область, п. Крестцы ул. Краснова д. 2"
УФИЦ-2,"г. Петрозаводск, проезд Строителей, д.30 б"
Исправительный центр № 1,"г. Емва, ул. Калинина, д.55 а"
УФИЦ № 3 ИК-14,"Краснодарский край, Северский район,  пгт. Ильский, улица Завода Утяжелитель, 45"
УФИЦ № 1 ИК-2,"Калмыкия, Целинный район, с. Троицкое, Северная промзона"
УФИЦ № 2 ИК-2,"г. Элиста, ул. Ленина, д. 329"
Исправительный центр № 1,"г. Майкоп, ул. Кожевенная,11"
УФИЦ № 5 ИК-14,"Краснодарский край, Славянский район, пос. Вишневый, ул. Парковая д. 1"
УФИЦ ИК-6,"Краснодарский край, Выселковский район,  ст. Новомалороссийская, ул. Степная, д. 2"
УФИЦ № 1 ИК-14,"г. Славянск-на Кубани, ул. Донская 3 «а»"
УФИЦ № 3 ИК-2,"г.Элиста, Северная промышленная зона-2, д.172"
Исправительный центр № 1,"г. Волгоград, ул.им. Землячки, 14"
УФИЦ №2 ИК-4,"Краснодарский край, Успенский район, п. Мичуринский, ул. Садовая, 22"
УФИЦ №1 ИК-4,"г. Армавир, ул. Володарского 1а"
Исправительный центр № 2,"г. Волгоград, ул.им. Бахтурова, 6"
УФИЦ ИК-2,"Краснодарский край, Усть-Лабинский район, ст. Воронежская, ул. Крайняя 1"
УФИЦ №1 ИК-1,"г. Симферополь, пер. Элеваторный, 5"
УФИЦ № 2 ИК-14,"г. Краснодар, Восточная промышленная зона, ул. Тихорецкая, 20/1"
УФИЦ №4 ИК-14,"г. Краснодар, Западный обход, 2-ое отделение АФ «Солнечная», 7/4"
УФИЦ № 2 ИК-1,"Крым и Севастополь, пгт. Красногвардейское, ул. Строителей, д. 13"
СИЗО-2 Симферополь,"г. Симферополь, пер. Элеваторный, 4"
УФИЦ № 3 ИК-1,"Крым и Севастополь, Джанкойский район, с. Яркое, ул. Ленина, д. 12"
УФИЦ № 1 ИК-9,"г. Старая Русса, ул. Клубная д. 3"
УФИЦ № 2 ИК-9,"Новгородская область, п. Парфино, ул. Кирова д. 52/71"
Исправительный центр № 2,"г. Петрозаводск, ул.Жуковского, д.32 б"
УФИЦ ИК-25,"г. Сыктывкар, ул. 1-промышленная, д. 15"
УФИЦ №3 ИК-9,"Новгородская область, п. Крестцы ул. Краснова д. 2"
УФИЦ-2,"г. Петрозаводск, проезд Строителей, д.30 б"
Исправительный центр № 1,"г. Емва, ул. Калинина, д.55 а"
УФИЦ № 3 ИК-14,"Краснодарский край, Северский район,  пгт. Ильский, улица Завода Утяжелитель, 45"
УФИЦ № 1 ИК-2,"Калмыкия, Целинный район, с. Троицкое, Северная промзона"
УФИЦ № 2 ИК-2,"г. Элиста, ул. Ленина, д. 329"
Исправительный центр № 1,"г. Майкоп, ул. Кожевенная,11"
УФИЦ № 5 ИК-14,"Краснодарский край, Славянский район, пос. Вишневый, ул. Парковая д. 1"
УФИЦ ИК-6,"Краснодарский край, Выселковский район,  ст. Новомалороссийская, ул. Степная, д. 2"
УФИЦ № 1 ИК-14,"г. Славянск-на Кубани, ул. Донская 3 «а»"
УФИЦ № 3 ИК-2,"г.Элиста, Северная промышленная зона-2, д.172"
Исправительный центр № 1,"г. Волгоград, ул.им. Землячки, 14"
УФИЦ №2 ИК-4,"Краснодарский край, Успенский район, п. Мичуринский, ул. Садовая, 22"
УФИЦ №1 ИК-4,"г. Армавир, ул. Володарского 1а"
Исправительный центр № 2,"г. Волгоград, ул.им. Бахтурова, 6"
УФИЦ ИК-2,"Краснодарский край, Усть-Лабинский район, ст. Воронежская, ул. Крайняя 1"
УФИЦ №1 ИК-1,"г. Симферополь, пер. Элеваторный, 5"
УФИЦ № 2 ИК-14,"г. Краснодар, Восточная промышленная зона, ул. Тихорецкая, 20/1"
УФИЦ №4 ИК-14,"г. Краснодар, Западный обход, 2-ое отделение АФ «Солнечная», 7/4"
УФИЦ № 2 ИК-1,"Крым и Севастополь, пгт. Красногвардейское, ул. Строителей, д. 13"
СИЗО-2 Симферополь,"г. Симферополь, пер. Элеваторный, 4"
УФИЦ № 3 ИК-1,"Крым и Севастополь, Джанкойский район, с. Яркое, ул. Ленина, д. 12"
УФИЦ № 1 ИК-9,"г. Старая Русса, ул. Клубная д. 3"
УФИЦ № 2 ИК-9,"Новгородская область, п. Парфино, ул. Кирова д. 52/71"
Исправительный центр № 2,"г. Петрозаводск, ул.Жуковского, д.32 б"
УФИЦ ИК-25,"г. Сыктывкар, ул. 1-промышленная, д. 15"
УФИЦ №3 ИК-9,"Новгородская область, п. Крестцы ул. Краснова д. 2"
УФИЦ-2,"г. Петрозаводск, проезд Строителей, д.30 б"
Исправительный центр № 1,"г. Емва, ул. Калинина, д.55 а"
УФИЦ № 3 ИК-14,"Краснодарский край, Северский район,  пгт. Ильский, улица Завода Утяжелитель, 45"
УФИЦ № 1 ИК-2,"Калмыкия, Целинный район, с. Троицкое, Северная промзона"
УФИЦ № 2 ИК-2,"г. Элиста, ул. Ленина, д. 329"
Исправительный центр № 1,"г. Майкоп, ул. Кожевенная,11"
УФИЦ № 5 ИК-14,"Краснодарский край, Славянский район, пос. Вишневый, ул. Парковая д. 1"
УФИЦ ИК-6,"Краснодарский край, Выселковский район,  ст. Новомалороссийская, ул. Степная, д. 2"
УФИЦ № 1 ИК-14,"г. Славянск-на Кубани, ул. Донская 3 «а»"
УФИЦ № 3 ИК-2,"г.Элиста, Северная промышленная зона-2, д.172"
Исправительный центр № 1,"г. Волгоград, ул.им. Землячки, 14"
УФИЦ №2 ИК-4,"Краснодарский край, Успенский район, п. Мичуринский, ул. Садовая, 22"
УФИЦ №1 ИК-4,"г. Армавир, ул. Володарского 1а"
Исправительный центр № 2,"г. Волгоград, ул.им. Бахтурова, 6"
УФИЦ ИК-2,"Краснодарский край, Усть-Лабинский район, ст. Воронежская, ул. Крайняя 1"
УФИЦ №1 ИК-1,"г. Симферополь, пер. Элеваторный, 5"
УФИЦ № 2 ИК-14,"г. Краснодар, Восточная промышленная зона, ул. Тихорецкая, 20/1"
УФИЦ №4 ИК-14,"г. Краснодар, Западный обход, 2-ое отделение АФ «Солнечная», 7/4"
УФИЦ № 2 ИК-1,"Крым и Севастополь, пгт. Красногвардейское, ул. Строителей, д. 13"
СИЗО-2 Симферополь,"г. Симферополь, пер. Элеваторный, 4"
УФИЦ № 3 ИК-1,"Крым и Севастополь, Джанкойский район, с. Яркое, ул. Ленина, д. 12"
УФИЦ № 1 ИК-9,"г. Старая Русса, ул. Клубная д. 3"
УФИЦ № 2 ИК-9,"Новгородская область, п. Парфино, ул. Кирова д. 52/71"
Исправительный центр № 2,"г. Петрозаводск, ул.Жуковского, д.32 б"
УФИЦ ИК-25,"г. Сыктывкар, ул. 1-промышленная, д. 15"
УФИЦ №3 ИК-9,"Новгородская область, п. Крестцы ул. Краснова д. 2"
УФИЦ-2,"г. Петрозаводск, проезд Строителей, д.30 б"
Исправительный центр № 1,"г. Емва, ул. Калинина, д.55 а"
УФИЦ № 3 ИК-14,"Краснодарский край, Северский район,  пгт. Ильский, улица Завода Утяжелитель, 45"
УФИЦ № 1 ИК-2,"Калмыкия, Целинный район, с. Троицкое, Северная промзона"
УФИЦ № 2 ИК-2,"г. Элиста, ул. Ленина, д. 329"
Исправительный центр № 1,"г. Майкоп, ул. Кожевенная,11"
УФИЦ № 5 ИК-14,"Краснодарский край, Славянский район, пос. Вишневый, ул. Парковая д. 1"
УФИЦ ИК-6,"Краснодарский край, Выселковский район,  ст. Новомалороссийская, ул. Степная, д. 2"
УФИЦ № 1 ИК-14,"г. Славянск-на Кубани, ул. Донская 3 «а»"
УФИЦ № 3 ИК-2,"г.Элиста, Северная промышленная зона-2, д.172"
Исправительный центр № 1,"г. Волгоград, ул.им. Землячки, 14"
УФИЦ №2 ИК-4,"Краснодарский край, Успенский район, п. Мичуринский, ул. Садовая, 22"
УФИЦ №1 ИК-4,"г. Армавир, ул. Володарского 1а"
Исправительный центр № 2,"г. Волгоград, ул.им. Бахтурова, 6"
УФИЦ ИК-2,"Краснодарский край, Усть-Лабинский район, ст. Воронежская, ул. Крайняя 1"
УФИЦ №1 ИК-1,"г. Симферополь, пер. Элеваторный, 5"
УФИЦ № 2 ИК-14,"г. Краснодар, Восточная промышленная зона, ул. Тихорецкая, 20/1"
УФИЦ №4 ИК-14,"г. Краснодар, Западный обход, 2-ое отделение АФ «Солнечная», 7/4"
УФИЦ № 2 ИК-1,"Крым и Севастополь, пгт. Красногвардейское, ул. Строителей, д. 13"
СИЗО-2 Симферополь,"г. Симферополь, пер. Элеваторный, 4"
УФИЦ № 3 ИК-1,"Крым и Севастополь, Джанкойский район, с. Яркое, ул. Ленина, д. 12"
УФИЦ № 1 ИК-9,"г. Старая Русса, ул. Клубная д. 3"
УФИЦ № 2 ИК-9,"Новгородская область, п. Парфино, ул. Кирова д. 52/71"
Исправительный центр № 2,"г. Петрозаводск, ул.Жуковского, д.32 б"
УФИЦ ИК-25,"г. Сыктывкар, ул. 1-промышленная, д. 15"
УФИЦ №3 ИК-9,"Новгородская область, п. Крестцы ул. Краснова д. 2"
УФИЦ-2,"г. Петрозаводск, проезд Строителей, д.30 б"
Исправительный центр № 1,"г. Емва, ул. Калинина, д.55 а"
УФИЦ № 3 ИК-14,"Краснодарский край, Северский район,  пгт. Ильский, улица Завода Утяжелитель, 45"
УФИЦ № 1 ИК-2,"Калмыкия, Целинный район, с. Троицкое, Северная промзона"
УФИЦ № 2 ИК-2,"г. Элиста, ул. Ленина, д. 329"
Исправительный центр № 1,"г. Майкоп, ул. Кожевенная,11"
УФИЦ № 5 ИК-14,"Краснодарский край, Славянский район, пос. Вишневый, ул. Парковая д. 1"
УФИЦ ИК-6,"Краснодарский край, Выселковский район,  ст. Новомалороссийская, ул. Степная, д. 2"
УФИЦ № 1 ИК-14,"г. Славянск-на Кубани, ул. Донская 3 «а»"
УФИЦ № 3 ИК-2,"г.Элиста, Северная промышленная зона-2, д.172"
Исправительный центр № 1,"г. Волгоград, ул.им. Землячки, 14"
УФИЦ №2 ИК-4,"Краснодарский край, Успенский район, п. Мичуринский, ул. Садовая, 22"
УФИЦ №1 ИК-4,"г. Армавир, ул. Володарского 1а"
Исправительный центр № 2,"г. Волгоград, ул.им. Бахтурова, 6"
УФИЦ ИК-2,"Краснодарский край, Усть-Лабинский район, ст. Воронежская, ул. Крайняя 1"
УФИЦ №1 ИК-1,"г. Симферополь, пер. Элеваторный, 5"
УФИЦ № 2 ИК-14,"г. Краснодар, Восточная промышленная зона, ул. Тихорецкая, 20/1"
УФИЦ №4 ИК-14,"г. Краснодар, Западный обход, 2-ое отделение АФ «Солнечная», 7/4"
УФИЦ № 2 ИК-1,"Крым и Севастополь, пгт. Красногвардейское, ул. Строителей, д. 13"
СИЗО-2 Симферополь,"г. Симферополь, пер. Элеваторный, 4"
УФИЦ № 3 ИК-1,"Крым и Севастополь, Джанкойский район, с. Яркое, ул. Ленина, д. 12"
УФИЦ № 1 ИК-9,"г. Старая Русса, ул. Клубная д. 3"
УФИЦ № 2 ИК-9,"Новгородская область, п. Парфино, ул. Кирова д. 52/71"
Исправительный центр № 2,"г. Петрозаводск, ул.Жуковского, д.32 б"
УФИЦ ИК-25,"г. Сыктывкар, ул. 1-промышленная, д. 15"
УФИЦ №3 ИК-9,"Новгородская область, п. Крестцы ул. Краснова д. 2"
УФИЦ-2,"г. Петрозаводск, проезд Строителей, д.30 б"
Исправительный центр № 1,"г. Емва, ул. Калинина, д.55 а"
УФИЦ № 3 ИК-14,"Краснодарский край, Северский район,  пгт. Ильский, улица Завода Утяжелитель, 45"
УФИЦ № 1 ИК-2,"Калмыкия, Целинный район, с. Троицкое, Северная промзона"
УФИЦ № 2 ИК-2,"г. Элиста, ул. Ленина, д. 329"
Исправительный центр № 1,"г. Майкоп, ул. Кожевенная,11"
УФИЦ № 5 ИК-14,"Краснодарский край, Славянский район, пос. Вишневый, ул. Парковая д. 1"
УФИЦ ИК-6,"Краснодарский край, Выселковский район,  ст. Новомалороссийская, ул. Степная, д. 2"
УФИЦ № 1 ИК-14,"г. Славянск-на Кубани, ул. Донская 3 «а»"
УФИЦ № 3 ИК-2,"г.Элиста, Северная промышленная зона-2, д.172"
Исправительный центр № 1,"г. Волгоград, ул.им. Землячки, 14"
УФИЦ №2 ИК-4,"Краснодарский край, Успенский район, п. Мичуринский, ул. Садовая, 22"
УФИЦ №1 ИК-4,"г. Армавир, ул. Володарского 1а"
Исправительный центр № 2,"г. Волгоград, ул.им. Бахтурова, 6"
УФИЦ ИК-2,"Краснодарский край, Усть-Лабинский район, ст. Воронежская, ул. Крайняя 1"
УФИЦ №1 ИК-1,"г. Симферополь, пер. Элеваторный, 5"
УФИЦ № 2 ИК-14,"г. Краснодар, Восточная промышленная зона, ул. Тихорецкая, 20/1"
УФИЦ №4 ИК-14,"г. Краснодар, Западный обход, 2-ое отделение АФ «Солнечная», 7/4"
УФИЦ № 2 ИК-1,"Крым и Севастополь, пгт. Красногвардейское, ул. Строителей, д. 13"
СИЗО-2 Симферополь,"г. Симферополь, пер. Элеваторный, 4"
УФИЦ № 3 ИК-1,"Крым и Севастополь, Джанкойский район, с. Яркое, ул. Ленина, д. 12"
УФИЦ № 1 ИК-9,"г. Старая Русса, ул. Клубная д. 3"
УФИЦ № 2 ИК-9,"Новгородская область, п. Парфино, ул. Кирова д. 52/71"
Исправительный центр № 2,"г. Петрозаводск, ул.Жуковского, д.32 б"
УФИЦ ИК-25,"г. Сыктывкар, ул. 1-промышленная, д. 15"
УФИЦ №3 ИК-9,"Новгородская область, п. Крестцы ул. Краснова д. 2"
УФИЦ-2,"г. Петрозаводск, проезд Строителей, д.30 б"
Исправительный центр № 1,"г. Емва, ул. Калинина, д.55 а"
УФИЦ № 3 ИК-14,"Краснодарский край, Северский район,  пгт. Ильский, улица Завода Утяжелитель, 45"
УФИЦ № 1 ИК-2,"Калмыкия, Целинный район, с. Троицкое, Северная промзона"
УФИЦ № 2 ИК-2,"г. Элиста, ул. Ленина, д. 329"
Исправительный центр № 1,"г. Майкоп, ул. Кожевенная,11"
УФИЦ № 5 ИК-14,"Краснодарский край, Славянский район, пос. Вишневый, ул. Парковая д. 1"
УФИЦ ИК-6,"Краснодарский край, Выселковский район,  ст. Новомалороссийская, ул. Степная, д. 2"
УФИЦ № 1 ИК-14,"г. Славянск-на Кубани, ул. Донская 3 «а»"
УФИЦ № 3 ИК-2,"г.Элиста, Северная промышленная зона-2, д.172"
Исправительный центр № 1,"г. Волгоград, ул.им. Землячки, 14"
УФИЦ №2 ИК-4,"Краснодарский край, Успенский район, п. Мичуринский, ул. Садовая, 22"
УФИЦ №1 ИК-4,"г. Армавир, ул. Володарского 1а"
Исправительный центр № 2,"г. Волгоград, ул.им. Бахтурова, 6"
УФИЦ ИК-2,"Краснодарский край, Усть-Лабинский район, ст. Воронежская, ул. Крайняя 1"
УФИЦ №1 ИК-1,"г. Симферополь, пер. Элеваторный, 5"
УФИЦ № 2 ИК-14,"г. Краснодар, Восточная промышленная зона, ул. Тихорецкая, 20/1"
УФИЦ №4 ИК-14,"г. Краснодар, Западный обход, 2-ое отделение АФ «Солнечная», 7/4"
УФИЦ № 2 ИК-1,"Крым и Севастополь, пгт. Красногвардейское, ул. Строителей, д. 13"
СИЗО-2 Симферополь,"г. Симферополь, пер. Элеваторный, 4"
УФИЦ № 3 ИК-1,"Крым и Севастополь, Джанкойский район, с. Яркое, ул. Ленина, д. 12"
УФИЦ № 1 ИК-9,"г. Старая Русса, ул. Клубная д. 3"
УФИЦ № 2 ИК-9,"Новгородская область, п. Парфино, ул. Кирова д. 52/71"
Исправительный центр № 2,"г. Петрозаводск, ул.Жуковского, д.32 б"
УФИЦ ИК-25,"г. Сыктывкар, ул. 1-промышленная, д. 15"
УФИЦ №3 ИК-9,"Новгородская область, п. Крестцы ул. Краснова д. 2"
УФИЦ-2,"г. Петрозаводск, проезд Строителей, д.30 б"
Исправительный центр № 1,"г. Емва, ул. Калинина, д.55 а"
УФИЦ № 3 ИК-14,"Краснодарский край, Северский район,  пгт. Ильский, улица Завода Утяжелитель, 45"
УФИЦ № 1 ИК-2,"Калмыкия, Целинный район, с. Троицкое, Северная промзона"
УФИЦ № 2 ИК-2,"г. Элиста, ул. Ленина, д. 329"
Исправительный центр № 1,"г. Майкоп, ул. Кожевенная,11"
УФИЦ № 5 ИК-14,"Краснодарский край, Славянский район, пос. Вишневый, ул. Парковая д. 1"
УФИЦ ИК-6,"Краснодарский край, Выселковский район,  ст. Новомалороссийская, ул. Степная, д. 2"
УФИЦ № 1 ИК-14,"г. Славянск-на Кубани, ул. Донская 3 «а»"
УФИЦ № 3 ИК-2,"г.Элиста, Северная промышленная зона-2, д.172"
Исправительный центр № 1,"г. Волгоград, ул.им. Землячки, 14"
УФИЦ №2 ИК-4,"Краснодарский край, Успенский район, п. Мичуринский, ул. Садовая, 22"
УФИЦ №1 ИК-4,"г. Армавир, ул. Володарского 1а"
Исправительный центр № 2,"г. Волгоград, ул.им. Бахтурова, 6"
УФИЦ ИК-2,"Краснодарский край, Усть-Лабинский район, ст. Воронежская, ул. Крайняя 1"
УФИЦ №1 ИК-1,"г. Симферополь, пер. Элеваторный, 5"
УФИЦ № 2 ИК-14,"г. Краснодар, Восточная промышленная зона, ул. Тихорецкая, 20/1"
УФИЦ №4 ИК-14,"г. Краснодар, Западный обход, 2-ое отделение АФ «Солнечная», 7/4"
УФИЦ № 2 ИК-1,"Крым и Севастополь, пгт. Красногвардейское, ул. Строителей, д. 13"
СИЗО-2 Симферополь,"г. Симферополь, пер. Элеваторный, 4"
УФИЦ № 3 ИК-1,"Крым и Севастополь, Джанкойский район, с. Яркое, ул. Ленина, д. 12"
УФИЦ № 1 ИК-9,"г. Старая Русса, ул. Клубная д. 3"
УФИЦ № 2 ИК-9,"Новгородская область, п. Парфино, ул. Кирова д. 52/71"
Исправительный центр № 2,"г. Петрозаводск, ул.Жуковского, д.32 б"
УФИЦ ИК-25,"г. Сыктывкар, ул. 1-промышленная, д. 15"
УФИЦ №3 ИК-9,"Новгородская область, п. Крестцы ул. Краснова д. 2"
УФИЦ-2,"г. Петрозаводск, проезд Строителей, д.30 б"
Исправительный центр № 1,"г. Емва, ул. Калинина, д.55 а"
УФИЦ № 3 ИК-14,"Краснодарский край, Северский район,  пгт. Ильский, улица Завода Утяжелитель, 45"
УФИЦ № 1 ИК-2,"Калмыкия, Целинный район, с. Троицкое, Северная промзона"
УФИЦ № 2 ИК-2,"г. Элиста, ул. Ленина, д. 329"
Исправительный центр № 1,"г. Майкоп, ул. Кожевенная,11"
УФИЦ № 5 ИК-14,"Краснодарский край, Славянский район, пос. Вишневый, ул. Парковая д. 1"
УФИЦ ИК-6,"Краснодарский край, Выселковский район,  ст. Новомалороссийская, ул. Степная, д. 2"
УФИЦ № 1 ИК-14,"г. Славянск-на Кубани, ул. Донская 3 «а»"
УФИЦ № 3 ИК-2,"г.Элиста, Северная промышленная зона-2, д.172"
Исправительный центр № 1,"г. Волгоград, ул.им. Землячки, 14"
УФИЦ №2 ИК-4,"Краснодарский край, Успенский район, п. Мичуринский, ул. Садовая, 22"
УФИЦ №1 ИК-4,"г. Армавир, ул. Володарского 1а"
Исправительный центр № 2,"г. Волгоград, ул.им. Бахтурова, 6"
УФИЦ ИК-2,"Краснодарский край, Усть-Лабинский район, ст. Воронежская, ул. Крайняя 1"
УФИЦ №1 ИК-1,"г. Симферополь, пер. Элеваторный, 5"
УФИЦ № 2 ИК-14,"г. Краснодар, Восточная промышленная зона, ул. Тихорецкая, 20/1"
УФИЦ №4 ИК-14,"г. Краснодар, Западный обход, 2-ое отделение АФ «Солнечная», 7/4"
УФИЦ № 2 ИК-1,"Крым и Севастополь, пгт. Красногвардейское, ул. Строителей, д. 13"
СИЗО-2 Симферополь,"г. Симферополь, пер. Элеваторный, 4"
УФИЦ № 3 ИК-1,"Крым и Севастополь, Джанкойский район, с. Яркое, ул. Ленина, д. 12"
УФИЦ № 1 ИК-9,"г. Старая Русса, ул. Клубная д. 3"
УФИЦ № 2 ИК-9,"Новгородская область, п. Парфино, ул. Кирова д. 52/71"
Исправительный центр № 2,"г. Петрозаводск, ул.Жуковского, д.32 б"
УФИЦ ИК-25,"г. Сыктывкар, ул. 1-промышленная, д. 15"
УФИЦ №3 ИК-9,"Новгородская область, п. Крестцы ул. Краснова д. 2"
УФИЦ-2,"г. Петрозаводск, проезд Строителей, д.30 б"
Исправительный центр № 1,"г. Емва, ул. Калинина, д.55 а"
УФИЦ № 3 ИК-14,"Краснодарский край, Северский район,  пгт. Ильский, улица Завода Утяжелитель, 45"
УФИЦ № 1 ИК-2,"Калмыкия, Целинный район, с. Троицкое, Северная промзона"
УФИЦ № 2 ИК-2,"г. Элиста, ул. Ленина, д. 329"
Исправительный центр № 1,"г. Майкоп, ул. Кожевенная,11"
УФИЦ № 5 ИК-14,"Краснодарский край, Славянский район, пос. Вишневый, ул. Парковая д. 1"
УФИЦ ИК-6,"Краснодарский край, Выселковский район,  ст. Новомалороссийская, ул. Степная, д. 2"
УФИЦ № 1 ИК-14,"г. Славянск-на Кубани, ул. Донская 3 «а»"
УФИЦ № 3 ИК-2,"г.Элиста, Северная промышленная зона-2, д.172"
Исправительный центр № 1,"г. Волгоград, ул.им. Землячки, 14"
УФИЦ №2 ИК-4,"Краснодарский край, Успенский район, п. Мичуринский, ул. Садовая, 22"
УФИЦ №1 ИК-4,"г. Армавир, ул. Володарского 1а"
Исправительный центр № 2,"г. Волгоград, ул.им. Бахтурова, 6"
УФИЦ ИК-2,"Краснодарский край, Усть-Лабинский район, ст. Воронежская, ул. Крайняя 1"
УФИЦ №1 ИК-1,"г. Симферополь, пер. Элеваторный, 5"
УФИЦ № 2 ИК-14,"г. Краснодар, Восточная промышленная зона, ул. Тихорецкая, 20/1"
УФИЦ №4 ИК-14,"г. Краснодар, Западный обход, 2-ое отделение АФ «Солнечная», 7/4"
УФИЦ № 2 ИК-1,"Крым и Севастополь, пгт. Красногвардейское, ул. Строителей, д. 13"
СИЗО-2 Симферополь,"г. Симферополь, пер. Элеваторный, 4"
УФИЦ № 3 ИК-1,"Крым и Севастополь, Джанкойский район, с. Яркое, ул. Ленина, д. 12"
УФИЦ № 1 ИК-9,"г. Старая Русса, ул. Клубная д. 3"
УФИЦ № 2 ИК-9,"Новгородская область, п. Парфино, ул. Кирова д. 52/71"
Исправительный центр № 2,"г. Петрозаводск, ул.Жуковского, д.32 б"
УФИЦ ИК-25,"г. Сыктывкар, ул. 1-промышленная, д. 15"
УФИЦ №3 ИК-9,"Новгородская область, п. Крестцы ул. Краснова д. 2"
УФИЦ-2,"г. Петрозаводск, проезд Строителей, д.30 б"
Исправительный центр № 1,"г. Емва, ул. Калинина, д.55 а"
УФИЦ № 3 ИК-14,"Краснодарский край, Северский район,  пгт. Ильский, улица Завода Утяжелитель, 45"
УФИЦ № 1 ИК-2,"Калмыкия, Целинный район, с. Троицкое, Северная промзона"
УФИЦ № 2 ИК-2,"г. Элиста, ул. Ленина, д. 329"
Исправительный центр № 1,"г. Майкоп, ул. Кожевенная,11"
УФИЦ № 5 ИК-14,"Краснодарский край, Славянский район, пос. Вишневый, ул. Парковая д. 1"
УФИЦ ИК-6,"Краснодарский край, Выселковский район,  ст. Новомалороссийская, ул. Степная, д. 2"
УФИЦ № 1 ИК-14,"г. Славянск-на Кубани, ул. Донская 3 «а»"
УФИЦ № 3 ИК-2,"г.Элиста, Северная промышленная зона-2, д.172"
Исправительный центр № 1,"г. Волгоград, ул.им. Землячки, 14"
УФИЦ №2 ИК-4,"Краснодарский край, Успенский район, п. Мичуринский, ул. Садовая, 22"
УФИЦ №1 ИК-4,"г. Армавир, ул. Володарского 1а"
Исправительный центр № 2,"г. Волгоград, ул.им. Бахтурова, 6"
УФИЦ ИК-2,"Краснодарский край, Усть-Лабинский район, ст. Воронежская, ул. Крайняя 1"
УФИЦ №1 ИК-1,"г. Симферополь, пер. Элеваторный, 5"
УФИЦ № 2 ИК-14,"г. Краснодар, Восточная промышленная зона, ул. Тихорецкая, 20/1"
УФИЦ №4 ИК-14,"г. Краснодар, Западный обход, 2-ое отделение АФ «Солнечная», 7/4"
УФИЦ № 2 ИК-1,"Крым и Севастополь, пгт. Красногвардейское, ул. Строителей, д. 13"
СИЗО-2 Симферополь,"г. Симферополь, пер. Элеваторный, 4"
УФИЦ № 3 ИК-1,"Крым и Севастополь, Джанкойский район, с. Яркое, ул. Ленина, д. 12"
УФИЦ № 1 ИК-9,"г. Старая Русса, ул. Клубная д. 3"
УФИЦ № 2 ИК-9,"Новгородская область, п. Парфино, ул. Кирова д. 52/71"
Исправительный центр № 2,"г. Петрозаводск, ул.Жуковского, д.32 б"
УФИЦ ИК-25,"г. Сыктывкар, ул. 1-промышленная, д. 15"
УФИЦ №3 ИК-9,"Новгородская область, п. Крестцы ул. Краснова д. 2"
УФИЦ-2,"г. Петрозаводск, проезд Строителей, д.30 б"
Исправительный центр № 1,"г. Емва, ул. Калинина, д.55 а"
УФИЦ № 3 ИК-14,"Краснодарский край, Северский район,  пгт. Ильский, улица Завода Утяжелитель, 45"
УФИЦ № 1 ИК-2,"Калмыкия, Целинный район, с. Троицкое, Северная промзона"
УФИЦ № 2 ИК-2,"г. Элиста, ул. Ленина, д. 329"
Исправительный центр № 1,"г. Майкоп, ул. Кожевенная,11"
УФИЦ № 5 ИК-14,"Краснодарский край, Славянский район, пос. Вишневый, ул. Парковая д. 1"
УФИЦ ИК-6,"Краснодарский край, Выселковский район,  ст. Новомалороссийская, ул. Степная, д. 2"
УФИЦ № 1 ИК-14,"г. Славянск-на Кубани, ул. Донская 3 «а»"
УФИЦ № 3 ИК-2,"г.Элиста, Северная промышленная зона-2, д.172"
Исправительный центр № 1,"г. Волгоград, ул.им. Землячки, 14"
УФИЦ №2 ИК-4,"Краснодарский край, Успенский район, п. Мичуринский, ул. Садовая, 22"
УФИЦ №1 ИК-4,"г. Армавир, ул. Володарского 1а"
Исправительный центр № 2,"г. Волгоград, ул.им. Бахтурова, 6"
УФИЦ ИК-2,"Краснодарский край, Усть-Лабинский район, ст. Воронежская, ул. Крайняя 1"
УФИЦ №1 ИК-1,"г. Симферополь, пер. Элеваторный, 5"
УФИЦ № 2 ИК-14,"г. Краснодар, Восточная промышленная зона, ул. Тихорецкая, 20/1"
УФИЦ №4 ИК-14,"г. Краснодар, Западный обход, 2-ое отделение АФ «Солнечная», 7/4"
УФИЦ № 2 ИК-1,"Крым и Севастополь, пгт. Красногвардейское, ул. Строителей, д. 13"
СИЗО-2 Симферополь,"г. Симферополь, пер. Элеваторный, 4"
УФИЦ № 3 ИК-1,"Крым и Севастополь, Джанкойский район, с. Яркое, ул. Ленина, д. 12"
УФИЦ № 1 ИК-9,"г. Старая Русса, ул. Клубная д. 3"
УФИЦ № 2 ИК-9,"Новгородская область, п. Парфино, ул. Кирова д. 52/71"
Исправительный центр № 2,"г. Петрозаводск, ул.Жуковского, д.32 б"
УФИЦ ИК-25,"г. Сыктывкар, ул. 1-промышленная, д. 15"
УФИЦ №3 ИК-9,"Новгородская область, п. Крестцы ул. Краснова д. 2"
УФИЦ-2,"г. Петрозаводск, проезд Строителей, д.30 б"
Исправительный центр № 1,"г. Емва, ул. Калинина, д.55 а"
УФИЦ № 3 ИК-14,"Краснодарский край, Северский район,  пгт. Ильский, улица Завода Утяжелитель, 45"
УФИЦ № 1 ИК-2,"Калмыкия, Целинный район, с. Троицкое, Северная промзона"
УФИЦ № 2 ИК-2,"г. Элиста, ул. Ленина, д. 329"
Исправительный центр № 1,"г. Майкоп, ул. Кожевенная,11"
УФИЦ № 5 ИК-14,"Краснодарский край, Славянский район, пос. Вишневый, ул. Парковая д. 1"
УФИЦ ИК-6,"Краснодарский край, Выселковский район,  ст. Новомалороссийская, ул. Степная, д. 2"
УФИЦ № 1 ИК-14,"г. Славянск-на Кубани, ул. Донская 3 «а»"
УФИЦ № 3 ИК-2,"г.Элиста, Северная промышленная зона-2, д.172"
Исправительный центр № 1,"г. Волгоград, ул.им. Землячки, 14"
УФИЦ №2 ИК-4,"Краснодарский край, Успенский район, п. Мичуринский, ул. Садовая, 22"
УФИЦ №1 ИК-4,"г. Армавир, ул. Володарского 1а"
Исправительный центр № 2,"г. Волгоград, ул.им. Бахтурова, 6"
УФИЦ ИК-2,"Краснодарский край, Усть-Лабинский район, ст. Воронежская, ул. Крайняя 1"
УФИЦ №1 ИК-1,"г. Симферополь, пер. Элеваторный, 5"
УФИЦ № 2 ИК-14,"г. Краснодар, Восточная промышленная зона, ул. Тихорецкая, 20/1"
УФИЦ №4 ИК-14,"г. Краснодар, Западный обход, 2-ое отделение АФ «Солнечная», 7/4"
УФИЦ № 2 ИК-1,"Крым и Севастополь, пгт. Красногвардейское, ул. Строителей, д. 13"
СИЗО-2 Симферополь,"г. Симферополь, пер. Элеваторный, 4"
УФИЦ № 3 ИК-1,"Крым и Севастополь, Джанкойский район, с. Яркое, ул. Ленина, д. 12"
УФИЦ № 1 ИК-9,"г. Старая Русса, ул. Клубная д. 3"
УФИЦ № 2 ИК-9,"Новгородская область, п. Парфино, ул. Кирова д. 52/71"
Исправительный центр № 2,"г. Петрозаводск, ул.Жуковского, д.32 б"
УФИЦ ИК-25,"г. Сыктывкар, ул. 1-промышленная, д. 15"
УФИЦ №3 ИК-9,"Новгородская область, п. Крестцы ул. Краснова д. 2"
УФИЦ-2,"г. Петрозаводск, проезд Строителей, д.30 б"
Исправительный центр № 1,"г. Емва, ул. Калинина, д.55 а"
УФИЦ № 3 ИК-14,"Краснодарский край, Северский район,  пгт. Ильский, улица Завода Утяжелитель, 45"
УФИЦ № 1 ИК-2,"Калмыкия, Целинный район, с. Троицкое, Северная промзона"
УФИЦ № 2 ИК-2,"г. Элиста, ул. Ленина, д. 329"
Исправительный центр № 1,"г. Майкоп, ул. Кожевенная,11"
УФИЦ № 5 ИК-14,"Краснодарский край, Славянский район, пос. Вишневый, ул. Парковая д. 1"
УФИЦ ИК-6,"Краснодарский край, Выселковский район,  ст. Новомалороссийская, ул. Степная, д. 2"
УФИЦ № 1 ИК-14,"г. Славянск-на Кубани, ул. Донская 3 «а»"
УФИЦ № 3 ИК-2,"г.Элиста, Северная промышленная зона-2, д.172"
Исправительный центр № 1,"г. Волгоград, ул.им. Землячки, 14"
УФИЦ №2 ИК-4,"Краснодарский край, Успенский район, п. Мичуринский, ул. Садовая, 22"
УФИЦ №1 ИК-4,"г. Армавир, ул. Володарского 1а"
Исправительный центр № 2,"г. Волгоград, ул.им. Бахтурова, 6"
УФИЦ ИК-2,"Краснодарский край, Усть-Лабинский район, ст. Воронежская, ул. Крайняя 1"
УФИЦ №1 ИК-1,"г. Симферополь, пер. Элеваторный, 5"
УФИЦ № 2 ИК-14,"г. Краснодар, Восточная промышленная зона, ул. Тихорецкая, 20/1"
УФИЦ №4 ИК-14,"г. Краснодар, Западный обход, 2-ое отделение АФ «Солнечная», 7/4"
УФИЦ № 2 ИК-1,"Крым и Севастополь, пгт. Красногвардейское, ул. Строителей, д. 13"
СИЗО-2 Симферополь,"г. Симферополь, пер. Элеваторный, 4"
УФИЦ № 3 ИК-1,"Крым и Севастополь, Джанкойский район, с. Яркое, ул. Ленина, д. 12"
УФИЦ № 1 ИК-9,"г. Старая Русса, ул. Клубная д. 3"
УФИЦ № 2 ИК-9,"Новгородская область, п. Парфино, ул. Кирова д. 52/71"
Исправительный центр № 2,"г. Петрозаводск, ул.Жуковского, д.32 б"
УФИЦ ИК-25,"г. Сыктывкар, ул. 1-промышленная, д. 15"
УФИЦ №3 ИК-9,"Новгородская область, п. Крестцы ул. Краснова д. 2"
УФИЦ-2,"г. Петрозаводск, проезд Строителей, д.30 б"
Исправительный центр № 1,"г. Емва, ул. Калинина, д.55 а"
УФИЦ № 3 ИК-14,"Краснодарский край, Северский район,  пгт. Ильский, улица Завода Утяжелитель, 45"
УФИЦ № 1 ИК-2,"Калмыкия, Целинный район, с. Троицкое, Северная промзона"
УФИЦ № 2 ИК-2,"г. Элиста, ул. Ленина, д. 329"
Исправительный центр № 1,"г. Майкоп, ул. Кожевенная,11"
УФИЦ № 5 ИК-14,"Краснодарский край, Славянский район, пос. Вишневый, ул. Парковая д. 1"
УФИЦ ИК-6,"Краснодарский край, Выселковский район,  ст. Новомалороссийская, ул. Степная, д. 2"
УФИЦ № 1 ИК-14,"г. Славянск-на Кубани, ул. Донская 3 «а»"
УФИЦ № 3 ИК-2,"г.Элиста, Северная промышленная зона-2, д.172"
Исправительный центр № 1,"г. Волгоград, ул.им. Землячки, 14"
УФИЦ №2 ИК-4,"Краснодарский край, Успенский район, п. Мичуринский, ул. Садовая, 22"
УФИЦ №1 ИК-4,"г. Армавир, ул. Володарского 1а"
Исправительный центр № 2,"г. Волгоград, ул.им. Бахтурова, 6"
УФИЦ ИК-2,"Краснодарский край, Усть-Лабинский район, ст. Воронежская, ул. Крайняя 1"
УФИЦ №1 ИК-1,"г. Симферополь, пер. Элеваторный, 5"
УФИЦ № 2 ИК-14,"г. Краснодар, Восточная промышленная зона, ул. Тихорецкая, 20/1"
УФИЦ №4 ИК-14,"г. Краснодар, Западный обход, 2-ое отделение АФ «Солнечная», 7/4"
УФИЦ № 2 ИК-1,"Крым и Севастополь, пгт. Красногвардейское, ул. Строителей, д. 13"
СИЗО-2 Симферополь,"г. Симферополь, пер. Элеваторный, 4"
УФИЦ № 3 ИК-1,"Крым и Севастополь, Джанкойский район, с. Яркое, ул. Ленина, д. 12"
УФИЦ № 1 ИК-9,"г. Старая Русса, ул. Клубная д. 3"
УФИЦ № 2 ИК-9,"Новгородская область, п. Парфино, ул. Кирова д. 52/71"
Исправительный центр № 2,"г. Петрозаводск, ул.Жуковского, д.32 б"
УФИЦ ИК-25,"г. Сыктывкар, ул. 1-промышленная, д. 15"
УФИЦ №3 ИК-9,"Новгородская область, п. Крестцы ул. Краснова д. 2"
УФИЦ-2,"г. Петрозаводск, проезд Строителей, д.30 б"
Исправительный центр № 1,"г. Емва, ул. Калинина, д.55 а"
УФИЦ № 3 ИК-14,"Краснодарский край, Северский район,  пгт. Ильский, улица Завода Утяжелитель, 45"
УФИЦ № 1 ИК-2,"Калмыкия, Целинный район, с. Троицкое, Северная промзона"
УФИЦ № 2 ИК-2,"г. Элиста, ул. Ленина, д. 329"
Исправительный центр № 1,"г. Майкоп, ул. Кожевенная,11"
УФИЦ № 5 ИК-14,"Краснодарский край, Славянский район, пос. Вишневый, ул. Парковая д. 1"
УФИЦ ИК-6,"Краснодарский край, Выселковский район,  ст. Новомалороссийская, ул. Степная, д. 2"
УФИЦ № 1 ИК-14,"г. Славянск-на Кубани, ул. Донская 3 «а»"
УФИЦ № 3 ИК-2,"г.Элиста, Северная промышленная зона-2, д.172"
Исправительный центр № 1,"г. Волгоград, ул.им. Землячки, 14"
УФИЦ №2 ИК-4,"Краснодарский край, Успенский район, п. Мичуринский, ул. Садовая, 22"
УФИЦ №1 ИК-4,"г. Армавир, ул. Володарского 1а"
Исправительный центр № 2,"г. Волгоград, ул.им. Бахтурова, 6"
УФИЦ ИК-2,"Краснодарский край, Усть-Лабинский район, ст. Воронежская, ул. Крайняя 1"
УФИЦ №1 ИК-1,"г. Симферополь, пер. Элеваторный, 5"
УФИЦ № 2 ИК-14,"г. Краснодар, Восточная промышленная зона, ул. Тихорецкая, 20/1"
УФИЦ №4 ИК-14,"г. Краснодар, Западный обход, 2-ое отделение АФ «Солнечная», 7/4"
УФИЦ № 2 ИК-1,"Крым и Севастополь, пгт. Красногвардейское, ул. Строителей, д. 13"
СИЗО-2 Симферополь,"г. Симферополь, пер. Элеваторный, 4"
УФИЦ № 3 ИК-1,"Крым и Севастополь, Джанкойский район, с. Яркое, ул. Ленина, д. 12"
УФИЦ № 1 ИК-9,"г. Старая Русса, ул. Клубная д. 3"
УФИЦ № 2 ИК-9,"Новгородская область, п. Парфино, ул. Кирова д. 52/71"
Исправительный центр № 2,"г. Петрозаводск, ул.Жуковского, д.32 б"
УФИЦ ИК-25,"г. Сыктывкар, ул. 1-промышленная, д. 15"
УФИЦ №3 ИК-9,"Новгородская область, п. Крестцы ул. Краснова д. 2"
УФИЦ-2,"г. Петрозаводск, проезд Строителей, д.30 б"
Исправительный центр № 1,"г. Емва, ул. Калинина, д.55 а"
УФИЦ № 3 ИК-14,"Краснодарский край, Северский район,  пгт. Ильский, улица Завода Утяжелитель, 45"
УФИЦ № 1 ИК-2,"Калмыкия, Целинный район, с. Троицкое, Северная промзона"
УФИЦ № 2 ИК-2,"г. Элиста, ул. Ленина, д. 329"
Исправительный центр № 1,"г. Майкоп, ул. Кожевенная,11"
УФИЦ № 5 ИК-14,"Краснодарский край, Славянский район, пос. Вишневый, ул. Парковая д. 1"
УФИЦ ИК-6,"Краснодарский край, Выселковский район,  ст. Новомалороссийская, ул. Степная, д. 2"
УФИЦ № 1 ИК-14,"г. Славянск-на Кубани, ул. Донская 3 «а»"
УФИЦ № 3 ИК-2,"г.Элиста, Северная промышленная зона-2, д.172"
Исправительный центр № 1,"г. Волгоград, ул.им. Землячки, 14"
УФИЦ №2 ИК-4,"Краснодарский край, Успенский район, п. Мичуринский, ул. Садовая, 22"
УФИЦ №1 ИК-4,"г. Армавир, ул. Володарского 1а"
Исправительный центр № 2,"г. Волгоград, ул.им. Бахтурова, 6"
УФИЦ ИК-2,"Краснодарский край, Усть-Лабинский район, ст. Воронежская, ул. Крайняя 1"
УФИЦ №1 ИК-1,"г. Симферополь, пер. Элеваторный, 5"
УФИЦ № 2 ИК-14,"г. Краснодар, Восточная промышленная зона, ул. Тихорецкая, 20/1"
УФИЦ №4 ИК-14,"г. Краснодар, Западный обход, 2-ое отделение АФ «Солнечная», 7/4"
УФИЦ № 2 ИК-1,"Крым и Севастополь, пгт. Красногвардейское, ул. Строителей, д. 13"
СИЗО-2 Симферополь,"г. Симферополь, пер. Элеваторный, 4"
УФИЦ № 3 ИК-1,"Крым и Севастополь, Джанкойский район, с. Яркое, ул. Ленина, д. 12"
УФИЦ № 1 ИК-9,"г. Старая Русса, ул. Клубная д. 3"
УФИЦ № 2 ИК-9,"Новгородская область, п. Парфино, ул. Кирова д. 52/71"
Исправительный центр № 2,"г. Петрозаводск, ул.Жуковского, д.32 б"
УФИЦ ИК-25,"г. Сыктывкар, ул. 1-промышленная, д. 15"
УФИЦ №3 ИК-9,"Новгородская область, п. Крестцы ул. Краснова д. 2"
УФИЦ-2,"г. Петрозаводск, проезд Строителей, д.30 б"
Исправительный центр № 1,"г. Емва, ул. Калинина, д.55 а"
УФИЦ № 3 ИК-14,"Краснодарский край, Северский район,  пгт. Ильский, улица Завода Утяжелитель, 45"
УФИЦ № 1 ИК-2,"Калмыкия, Целинный район, с. Троицкое, Северная промзона"
УФИЦ № 2 ИК-2,"г. Элиста, ул. Ленина, д. 329"
Исправительный центр № 1,"г. Майкоп, ул. Кожевенная,11"
УФИЦ № 5 ИК-14,"Краснодарский край, Славянский район, пос. Вишневый, ул. Парковая д. 1"
УФИЦ ИК-6,"Краснодарский край, Выселковский район,  ст. Новомалороссийская, ул. Степная, д. 2"
УФИЦ № 1 ИК-14,"г. Славянск-на Кубани, ул. Донская 3 «а»"
УФИЦ № 3 ИК-2,"г.Элиста, Северная промышленная зона-2, д.172"
Исправительный центр № 1,"г. Волгоград, ул.им. Землячки, 14"
УФИЦ №2 ИК-4,"Краснодарский край, Успенский район, п. Мичуринский, ул. Садовая, 22"
УФИЦ №1 ИК-4,"г. Армавир, ул. Володарского 1а"
Исправительный центр № 2,"г. Волгоград, ул.им. Бахтурова, 6"
УФИЦ ИК-2,"Краснодарский край, Усть-Лабинский район, ст. Воронежская, ул. Крайняя 1"
УФИЦ №1 ИК-1,"г. Симферополь, пер. Элеваторный, 5"
УФИЦ № 2 ИК-14,"г. Краснодар, Восточная промышленная зона, ул. Тихорецкая, 20/1"
УФИЦ №4 ИК-14,"г. Краснодар, Западный обход, 2-ое отделение АФ «Солнечная», 7/4"
УФИЦ № 2 ИК-1,"Крым и Севастополь, пгт. Красногвардейское, ул. Строителей, д. 13"
СИЗО-2 Симферополь,"г. Симферополь, пер. Элеваторный, 4"
УФИЦ № 3 ИК-1,"Крым и Севастополь, Джанкойский район, с. Яркое, ул. Ленина, д. 12"
УФИЦ № 1 ИК-9,"г. Старая Русса, ул. Клубная д. 3"
УФИЦ № 2 ИК-9,"Новгородская область, п. Парфино, ул. Кирова д. 52/71"
Исправительный центр № 2,"г. Петрозаводск, ул.Жуковского, д.32 б"
УФИЦ ИК-25,"г. Сыктывкар, ул. 1-промышленная, д. 15"
УФИЦ №3 ИК-9,"Новгородская область, п. Крестцы ул. Краснова д. 2"
УФИЦ-2,"г. Петрозаводск, проезд Строителей, д.30 б"
Исправительный центр № 1,"г. Емва, ул. Калинина, д.55 а"
УФИЦ № 3 ИК-14,"Краснодарский край, Северский район,  пгт. Ильский, улица Завода Утяжелитель, 45"
УФИЦ № 1 ИК-2,"Калмыкия, Целинный район, с. Троицкое, Северная промзона"
УФИЦ № 2 ИК-2,"г. Элиста, ул. Ленина, д. 329"
Исправительный центр № 1,"г. Майкоп, ул. Кожевенная,11"
УФИЦ № 5 ИК-14,"Краснодарский край, Славянский район, пос. Вишневый, ул. Парковая д. 1"
УФИЦ ИК-6,"Краснодарский край, Выселковский район,  ст. Новомалороссийская, ул. Степная, д. 2"
УФИЦ № 1 ИК-14,"г. Славянск-на Кубани, ул. Донская 3 «а»"
УФИЦ № 3 ИК-2,"г.Элиста, Северная промышленная зона-2, д.172"
Исправительный центр № 1,"г. Волгоград, ул.им. Землячки, 14"
УФИЦ №2 ИК-4,"Краснодарский край, Успенский район, п. Мичуринский, ул. Садовая, 22"
УФИЦ №1 ИК-4,"г. Армавир, ул. Володарского 1а"
Исправительный центр № 2,"г. Волгоград, ул.им. Бахтурова, 6"
УФИЦ ИК-2,"Краснодарский край, Усть-Лабинский район, ст. Воронежская, ул. Крайняя 1"
УФИЦ №1 ИК-1,"г. Симферополь, пер. Элеваторный, 5"
УФИЦ № 2 ИК-14,"г. Краснодар, Восточная промышленная зона, ул. Тихорецкая, 20/1"
УФИЦ №4 ИК-14,"г. Краснодар, Западный обход, 2-ое отделение АФ «Солнечная», 7/4"
УФИЦ № 2 ИК-1,"Крым и Севастополь, пгт. Красногвардейское, ул. Строителей, д. 13"
СИЗО-2 Симферополь,"г. Симферополь, пер. Элеваторный, 4"
УФИЦ № 3 ИК-1,"Крым и Севастополь, Джанкойский район, с. Яркое, ул. Ленина, д. 12"
УФИЦ № 1 ИК-9,"г. Старая Русса, ул. Клубная д. 3"
УФИЦ № 2 ИК-9,"Новгородская область, п. Парфино, ул. Кирова д. 52/71"
Исправительный центр № 2,"г. Петрозаводск, ул.Жуковского, д.32 б"
УФИЦ ИК-25,"г. Сыктывкар, ул. 1-промышленная, д. 15"
УФИЦ №3 ИК-9,"Новгородская область, п. Крестцы ул. Краснова д. 2"
УФИЦ-2,"г. Петрозаводск, проезд Строителей, д.30 б"
Исправительный центр № 1,"г. Емва, ул. Калинина, д.55 а"
УФИЦ № 3 ИК-14,"Краснодарский край, Северский район,  пгт. Ильский, улица Завода Утяжелитель, 45"
УФИЦ № 1 ИК-2,"Калмыкия, Целинный район, с. Троицкое, Северная промзона"
УФИЦ № 2 ИК-2,"г. Элиста, ул. Ленина, д. 329"
Исправительный центр № 1,"г. Майкоп, ул. Кожевенная,11"
УФИЦ № 5 ИК-14,"Краснодарский край, Славянский район, пос. Вишневый, ул. Парковая д. 1"
УФИЦ ИК-6,"Краснодарский край, Выселковский район,  ст. Новомалороссийская, ул. Степная, д. 2"
УФИЦ № 1 ИК-14,"г. Славянск-на Кубани, ул. Донская 3 «а»"
УФИЦ № 3 ИК-2,"г.Элиста, Северная промышленная зона-2, д.172"
Исправительный центр № 1,"г. Волгоград, ул.им. Землячки, 14"
УФИЦ №2 ИК-4,"Краснодарский край, Успенский район, п. Мичуринский, ул. Садовая, 22"
УФИЦ №1 ИК-4,"г. Армавир, ул. Володарского 1а"
Исправительный центр № 2,"г. Волгоград, ул.им. Бахтурова, 6"
УФИЦ ИК-2,"Краснодарский край, Усть-Лабинский район, ст. Воронежская, ул. Крайняя 1"
УФИЦ №1 ИК-1,"г. Симферополь, пер. Элеваторный, 5"
УФИЦ № 2 ИК-14,"г. Краснодар, Восточная промышленная зона, ул. Тихорецкая, 20/1"
УФИЦ №4 ИК-14,"г. Краснодар, Западный обход, 2-ое отделение АФ «Солнечная», 7/4"
УФИЦ № 2 ИК-1,"Крым и Севастополь, пгт. Красногвардейское, ул. Строителей, д. 13"
СИЗО-2 Симферополь,"г. Симферополь, пер. Элеваторный, 4"
УФИЦ № 3 ИК-1,"Крым и Севастополь, Джанкойский район, с. Яркое, ул. Ленина, д. 12"
УФИЦ № 1 ИК-9,"г. Старая Русса, ул. Клубная д. 3"
УФИЦ № 2 ИК-9,"Новгородская область, п. Парфино, ул. Кирова д. 52/71"
Исправительный центр № 2,"г. Петрозаводск, ул.Жуковского, д.32 б"
УФИЦ ИК-25,"г. Сыктывкар, ул. 1-промышленная, д. 15"
УФИЦ №3 ИК-9,"Новгородская область, п. Крестцы ул. Краснова д. 2"
УФИЦ-2,"г. Петрозаводск, проезд Строителей, д.30 б"
Исправительный центр № 1,"г. Емва, ул. Калинина, д.55 а"
УФИЦ № 3 ИК-14,"Краснодарский край, Северский район,  пгт. Ильский, улица Завода Утяжелитель, 45"
УФИЦ № 1 ИК-2,"Калмыкия, Целинный район, с. Троицкое, Северная промзона"
УФИЦ № 2 ИК-2,"г. Элиста, ул. Ленина, д. 329"
Исправительный центр № 1,"г. Майкоп, ул. Кожевенная,11"
УФИЦ № 5 ИК-14,"Краснодарский край, Славянский район, пос. Вишневый, ул. Парковая д. 1"
УФИЦ ИК-6,"Краснодарский край, Выселковский район,  ст. Новомалороссийская, ул. Степная, д. 2"
УФИЦ № 1 ИК-14,"г. Славянск-на Кубани, ул. Донская 3 «а»"
УФИЦ № 3 ИК-2,"г.Элиста, Северная промышленная зона-2, д.172"
Исправительный центр № 1,"г. Волгоград, ул.им. Землячки, 14"
УФИЦ №2 ИК-4,"Краснодарский край, Успенский район, п. Мичуринский, ул. Садовая, 22"
УФИЦ №1 ИК-4,"г. Армавир, ул. Володарского 1а"
Исправительный центр № 2,"г. Волгоград, ул.им. Бахтурова, 6"
УФИЦ ИК-2,"Краснодарский край, Усть-Лабинский район, ст. Воронежская, ул. Крайняя 1"
УФИЦ №1 ИК-1,"г. Симферополь, пер. Элеваторный, 5"
УФИЦ № 2 ИК-14,"г. Краснодар, Восточная промышленная зона, ул. Тихорецкая, 20/1"
УФИЦ №4 ИК-14,"г. Краснодар, Западный обход, 2-ое отделение АФ «Солнечная», 7/4"
УФИЦ № 2 ИК-1,"Крым и Севастополь, пгт. Красногвардейское, ул. Строителей, д. 13"
СИЗО-2 Симферополь,"г. Симферополь, пер. Элеваторный, 4"
УФИЦ № 3 ИК-1,"Крым и Севастополь, Джанкойский район, с. Яркое, ул. Ленина, д. 12"
УФИЦ № 1 ИК-9,"г. Старая Русса, ул. Клубная д. 3"
УФИЦ № 2 ИК-9,"Новгородская область, п. Парфино, ул. Кирова д. 52/71"
Исправительный центр № 2,"г. Петрозаводск, ул.Жуковского, д.32 б"
УФИЦ ИК-25,"г. Сыктывкар, ул. 1-промышленная, д. 15"
УФИЦ №3 ИК-9,"Новгородская область, п. Крестцы ул. Краснова д. 2"
УФИЦ-2,"г. Петрозаводск, проезд Строителей, д.30 б"
Исправительный центр № 1,"г. Емва, ул. Калинина, д.55 а"
УФИЦ № 3 ИК-14,"Краснодарский край, Северский район,  пгт. Ильский, улица Завода Утяжелитель, 45"
УФИЦ № 1 ИК-2,"Калмыкия, Целинный район, с. Троицкое, Северная промзона"
УФИЦ № 2 ИК-2,"г. Элиста, ул. Ленина, д. 329"
Исправительный центр № 1,"г. Майкоп, ул. Кожевенная,11"
УФИЦ № 5 ИК-14,"Краснодарский край, Славянский район, пос. Вишневый, ул. Парковая д. 1"
УФИЦ ИК-6,"Краснодарский край, Выселковский район,  ст. Новомалороссийская, ул. Степная, д. 2"
УФИЦ № 1 ИК-14,"г. Славянск-на Кубани, ул. Донская 3 «а»"
УФИЦ № 3 ИК-2,"г.Элиста, Северная промышленная зона-2, д.172"
Исправительный центр № 1,"г. Волгоград, ул.им. Землячки, 14"
УФИЦ №2 ИК-4,"Краснодарский край, Успенский район, п. Мичуринский, ул. Садовая, 22"
УФИЦ №1 ИК-4,"г. Армавир, ул. Володарского 1а"
Исправительный центр № 2,"г. Волгоград, ул.им. Бахтурова, 6"
УФИЦ ИК-2,"Краснодарский край, Усть-Лабинский район, ст. Воронежская, ул. Крайняя 1"
УФИЦ №1 ИК-1,"г. Симферополь, пер. Элеваторный, 5"
УФИЦ № 2 ИК-14,"г. Краснодар, Восточная промышленная зона, ул. Тихорецкая, 20/1"
УФИЦ №4 ИК-14,"г. Краснодар, Западный обход, 2-ое отделение АФ «Солнечная», 7/4"
УФИЦ № 2 ИК-1,"Крым и Севастополь, пгт. Красногвардейское, ул. Строителей, д. 13"
СИЗО-2 Симферополь,"г. Симферополь, пер. Элеваторный, 4"
УФИЦ № 3 ИК-1,"Крым и Севастополь, Джанкойский район, с. Яркое, ул. Ленина, д. 12"
УФИЦ № 1 ИК-9,"г. Старая Русса, ул. Клубная д. 3"
УФИЦ № 2 ИК-9,"Новгородская область, п. Парфино, ул. Кирова д. 52/71"
Исправительный центр № 2,"г. Петрозаводск, ул.Жуковского, д.32 б"
УФИЦ ИК-25,"г. Сыктывкар, ул. 1-промышленная, д. 15"
УФИЦ №3 ИК-9,"Новгородская область, п. Крестцы ул. Краснова д. 2"
УФИЦ-2,"г. Петрозаводск, проезд Строителей, д.30 б"
Исправительный центр № 1,"г. Емва, ул. Калинина, д.55 а"
УФИЦ № 3 ИК-14,"Краснодарский край, Северский район,  пгт. Ильский, улица Завода Утяжелитель, 45"
УФИЦ № 1 ИК-2,"Калмыкия, Целинный район, с. Троицкое, Северная промзона"
УФИЦ № 2 ИК-2,"г. Элиста, ул. Ленина, д. 329"
Исправительный центр № 1,"г. Майкоп, ул. Кожевенная,11"
УФИЦ № 5 ИК-14,"Краснодарский край, Славянский район, пос. Вишневый, ул. Парковая д. 1"
УФИЦ ИК-6,"Краснодарский край, Выселковский район,  ст. Новомалороссийская, ул. Степная, д. 2"
УФИЦ № 1 ИК-14,"г. Славянск-на Кубани, ул. Донская 3 «а»"
УФИЦ № 3 ИК-2,"г.Элиста, Северная промышленная зона-2, д.172"
Исправительный центр № 1,"г. Волгоград, ул.им. Землячки, 14"
УФИЦ №2 ИК-4,"Краснодарский край, Успенский район, п. Мичуринский, ул. Садовая, 22"
УФИЦ №1 ИК-4,"г. Армавир, ул. Володарского 1а"
Исправительный центр № 2,"г. Волгоград, ул.им. Бахтурова, 6"
УФИЦ ИК-2,"Краснодарский край, Усть-Лабинский район, ст. Воронежская, ул. Крайняя 1"
УФИЦ №1 ИК-1,"г. Симферополь, пер. Элеваторный, 5"
УФИЦ № 2 ИК-14,"г. Краснодар, Восточная промышленная зона, ул. Тихорецкая, 20/1"
УФИЦ №4 ИК-14,"г. Краснодар, Западный обход, 2-ое отделение АФ «Солнечная», 7/4"
УФИЦ № 2 ИК-1,"Крым и Севастополь, пгт. Красногвардейское, ул. Строителей, д. 13"
СИЗО-2 Симферополь,"г. Симферополь, пер. Элеваторный, 4"
УФИЦ № 3 ИК-1,"Крым и Севастополь, Джанкойский район, с. Яркое, ул. Ленина, д. 12"
УФИЦ № 1 ИК-9,"г. Старая Русса, ул. Клубная д. 3"
УФИЦ № 2 ИК-9,"Новгородская область, п. Парфино, ул. Кирова д. 52/71"
Исправительный центр № 2,"г. Петрозаводск, ул.Жуковского, д.32 б"
УФИЦ ИК-25,"г. Сыктывкар, ул. 1-промышленная, д. 15"
УФИЦ №3 ИК-9,"Новгородская область, п. Крестцы ул. Краснова д. 2"
УФИЦ-2,"г. Петрозаводск, проезд Строителей, д.30 б"
Исправительный центр № 1,"г. Емва, ул. Калинина, д.55 а"
УФИЦ № 3 ИК-14,"Краснодарский край, Северский район,  пгт. Ильский, улица Завода Утяжелитель, 45"
УФИЦ № 1 ИК-2,"Калмыкия, Целинный район, с. Троицкое, Северная промзона"
УФИЦ № 2 ИК-2,"г. Элиста, ул. Ленина, д. 329"
Исправительный центр № 1,"г. Майкоп, ул. Кожевенная,11"
УФИЦ № 5 ИК-14,"Краснодарский край, Славянский район, пос. Вишневый, ул. Парковая д. 1"
УФИЦ ИК-6,"Краснодарский край, Выселковский район,  ст. Новомалороссийская, ул. Степная, д. 2"
УФИЦ № 1 ИК-14,"г. Славянск-на Кубани, ул. Донская 3 «а»"
УФИЦ № 3 ИК-2,"г.Элиста, Северная промышленная зона-2, д.172"
Исправительный центр № 1,"г. Волгоград, ул.им. Землячки, 14"
УФИЦ №2 ИК-4,"Краснодарский край, Успенский район, п. Мичуринский, ул. Садовая, 22"
УФИЦ №1 ИК-4,"г. Армавир, ул. Володарского 1а"
Исправительный центр № 2,"г. Волгоград, ул.им. Бахтурова, 6"
УФИЦ ИК-2,"Краснодарский край, Усть-Лабинский район, ст. Воронежская, ул. Крайняя 1"
УФИЦ №1 ИК-1,"г. Симферополь, пер. Элеваторный, 5"
УФИЦ № 2 ИК-14,"г. Краснодар, Восточная промышленная зона, ул. Тихорецкая, 20/1"
УФИЦ №4 ИК-14,"г. Краснодар, Западный обход, 2-ое отделение АФ «Солнечная», 7/4"
УФИЦ № 2 ИК-1,"Крым и Севастополь, пгт. Красногвардейское, ул. Строителей, д. 13"
СИЗО-2 Симферополь,"г. Симферополь, пер. Элеваторный, 4"
УФИЦ № 3 ИК-1,"Крым и Севастополь, Джанкойский район, с. Яркое, ул. Ленина, д. 12"
УФИЦ № 1 ИК-9,"г. Старая Русса, ул. Клубная д. 3"
УФИЦ № 2 ИК-9,"Новгородская область, п. Парфино, ул. Кирова д. 52/71"
Исправительный центр № 2,"г. Петрозаводск, ул.Жуковского, д.32 б"
УФИЦ ИК-25,"г. Сыктывкар, ул. 1-промышленная, д. 15"
УФИЦ №3 ИК-9,"Новгородская область, п. Крестцы ул. Краснова д. 2"
УФИЦ-2,"г. Петрозаводск, проезд Строителей, д.30 б"
Исправительный центр № 1,"г. Емва, ул. Калинина, д.55 а"
УФИЦ № 3 ИК-14,"Краснодарский край, Северский район,  пгт. Ильский, улица Завода Утяжелитель, 45"
УФИЦ № 1 ИК-2,"Калмыкия, Целинный район, с. Троицкое, Северная промзона"
УФИЦ № 2 ИК-2,"г. Элиста, ул. Ленина, д. 329"
Исправительный центр № 1,"г. Майкоп, ул. Кожевенная,11"
УФИЦ № 5 ИК-14,"Краснодарский край, Славянский район, пос. Вишневый, ул. Парковая д. 1"
УФИЦ ИК-6,"Краснодарский край, Выселковский район,  ст. Новомалороссийская, ул. Степная, д. 2"
УФИЦ № 1 ИК-14,"г. Славянск-на Кубани, ул. Донская 3 «а»"
УФИЦ № 3 ИК-2,"г.Элиста, Северная промышленная зона-2, д.172"
Исправительный центр № 1,"г. Волгоград, ул.им. Землячки, 14"
УФИЦ №2 ИК-4,"Краснодарский край, Успенский район, п. Мичуринский, ул. Садовая, 22"
УФИЦ №1 ИК-4,"г. Армавир, ул. Володарского 1а"
Исправительный центр № 2,"г. Волгоград, ул.им. Бахтурова, 6"
УФИЦ ИК-2,"Краснодарский край, Усть-Лабинский район, ст. Воронежская, ул. Крайняя 1"
УФИЦ №1 ИК-1,"г. Симферополь, пер. Элеваторный, 5"
УФИЦ № 2 ИК-14,"г. Краснодар, Восточная промышленная зона, ул. Тихорецкая, 20/1"
УФИЦ №4 ИК-14,"г. Краснодар, Западный обход, 2-ое отделение АФ «Солнечная», 7/4"
УФИЦ № 2 ИК-1,"Крым и Севастополь, пгт. Красногвардейское, ул. Строителей, д. 13"
СИЗО-2 Симферополь,"г. Симферополь, пер. Элеваторный, 4"
УФИЦ № 3 ИК-1,"Крым и Севастополь, Джанкойский район, с. Яркое, ул. Ленина, д. 12"
УФИЦ № 1 ИК-9,"г. Старая Русса, ул. Клубная д. 3"
УФИЦ № 2 ИК-9,"Новгородская область, п. Парфино, ул. Кирова д. 52/71"
Исправительный центр № 2,"г. Петрозаводск, ул.Жуковского, д.32 б"
УФИЦ ИК-25,"г. Сыктывкар, ул. 1-промышленная, д. 15"
УФИЦ №3 ИК-9,"Новгородская область, п. Крестцы ул. Краснова д. 2"
УФИЦ-2,"г. Петрозаводск, проезд Строителей, д.30 б"
Исправительный центр № 1,"г. Емва, ул. Калинина, д.55 а"
УФИЦ № 3 ИК-14,"Краснодарский край, Северский район,  пгт. Ильский, улица Завода Утяжелитель, 45"
УФИЦ № 1 ИК-2,"Калмыкия, Целинный район, с. Троицкое, Северная промзона"
УФИЦ № 2 ИК-2,"г. Элиста, ул. Ленина, д. 329"
Исправительный центр № 1,"г. Майкоп, ул. Кожевенная,11"
УФИЦ № 5 ИК-14,"Краснодарский край, Славянский район, пос. Вишневый, ул. Парковая д. 1"
УФИЦ ИК-6,"Краснодарский край, Выселковский район,  ст. Новомалороссийская, ул. Степная, д. 2"
УФИЦ № 1 ИК-14,"г. Славянск-на Кубани, ул. Донская 3 «а»"
УФИЦ № 3 ИК-2,"г.Элиста, Северная промышленная зона-2, д.172"
Исправительный центр № 1,"г. Волгоград, ул.им. Землячки, 14"
УФИЦ №2 ИК-4,"Краснодарский край, Успенский район, п. Мичуринский, ул. Садовая, 22"
УФИЦ №1 ИК-4,"г. Армавир, ул. Володарского 1а"
Исправительный центр № 2,"г. Волгоград, ул.им. Бахтурова, 6"
УФИЦ ИК-2,"Краснодарский край, Усть-Лабинский район, ст. Воронежская, ул. Крайняя 1"
УФИЦ №1 ИК-1,"г. Симферополь, пер. Элеваторный, 5"
УФИЦ № 2 ИК-14,"г. Краснодар, Восточная промышленная зона, ул. Тихорецкая, 20/1"
УФИЦ №4 ИК-14,"г. Краснодар, Западный обход, 2-ое отделение АФ «Солнечная», 7/4"
УФИЦ № 2 ИК-1,"Крым и Севастополь, пгт. Красногвардейское, ул. Строителей, д. 13"
СИЗО-2 Симферополь,"г. Симферополь, пер. Элеваторный, 4"
УФИЦ № 3 ИК-1,"Крым и Севастополь, Джанкойский район, с. Яркое, ул. Ленина, д. 12"
УФИЦ № 1 ИК-9,"г. Старая Русса, ул. Клубная д. 3"
УФИЦ № 2 ИК-9,"Новгородская область, п. Парфино, ул. Кирова д. 52/71"
Исправительный центр № 2,"г. Петрозаводск, ул.Жуковского, д.32 б"
УФИЦ ИК-25,"г. Сыктывкар, ул. 1-промышленная, д. 15"
УФИЦ №3 ИК-9,"Новгородская область, п. Крестцы ул. Краснова д. 2"
УФИЦ-2,"г. Петрозаводск, проезд Строителей, д.30 б"
Исправительный центр № 1,"г. Емва, ул. Калинина, д.55 а"
УФИЦ № 3 ИК-14,"Краснодарский край, Северский район,  пгт. Ильский, улица Завода Утяжелитель, 45"
УФИЦ № 1 ИК-2,"Калмыкия, Целинный район, с. Троицкое, Северная промзона"
УФИЦ № 2 ИК-2,"г. Элиста, ул. Ленина, д. 329"
Исправительный центр № 1,"г. Майкоп, ул. Кожевенная,11"
УФИЦ № 5 ИК-14,"Краснодарский край, Славянский район, пос. Вишневый, ул. Парковая д. 1"
УФИЦ ИК-6,"Краснодарский край, Выселковский район,  ст. Новомалороссийская, ул. Степная, д. 2"
УФИЦ № 1 ИК-14,"г. Славянск-на Кубани, ул. Донская 3 «а»"
УФИЦ № 3 ИК-2,"г.Элиста, Северная промышленная зона-2, д.172"
Исправительный центр № 1,"г. Волгоград, ул.им. Землячки, 14"
УФИЦ №2 ИК-4,"Краснодарский край, Успенский район, п. Мичуринский, ул. Садовая, 22"
УФИЦ №1 ИК-4,"г. Армавир, ул. Володарского 1а"
Исправительный центр № 2,"г. Волгоград, ул.им. Бахтурова, 6"
УФИЦ ИК-2,"Краснодарский край, Усть-Лабинский район, ст. Воронежская, ул. Крайняя 1"
УФИЦ №1 ИК-1,"г. Симферополь, пер. Элеваторный, 5"
УФИЦ № 2 ИК-14,"г. Краснодар, Восточная промышленная зона, ул. Тихорецкая, 20/1"
УФИЦ №4 ИК-14,"г. Краснодар, Западный обход, 2-ое отделение АФ «Солнечная», 7/4"
УФИЦ № 2 ИК-1,"Крым и Севастополь, пгт. Красногвардейское, ул. Строителей, д. 13"
СИЗО-2 Симферополь,"г. Симферополь, пер. Элеваторный, 4"
УФИЦ № 3 ИК-1,"Крым и Севастополь, Джанкойский район, с. Яркое, ул. Ленина, д. 12"
УФИЦ № 1 ИК-9,"г. Старая Русса, ул. Клубная д. 3"
УФИЦ № 2 ИК-9,"Новгородская область, п. Парфино, ул. Кирова д. 52/71"
Исправительный центр № 2,"г. Петрозаводск, ул.Жуковского, д.32 б"
УФИЦ ИК-25,"г. Сыктывкар, ул. 1-промышленная, д. 15"
УФИЦ №3 ИК-9,"Новгородская область, п. Крестцы ул. Краснова д. 2"
УФИЦ-2,"г. Петрозаводск, проезд Строителей, д.30 б"
Исправительный центр № 1,"г. Емва, ул. Калинина, д.55 а"
УФИЦ № 3 ИК-14,"Краснодарский край, Северский район,  пгт. Ильский, улица Завода Утяжелитель, 45"
УФИЦ № 1 ИК-2,"Калмыкия, Целинный район, с. Троицкое, Северная промзона"
УФИЦ № 2 ИК-2,"г. Элиста, ул. Ленина, д. 329"
Исправительный центр № 1,"г. Майкоп, ул. Кожевенная,11"
УФИЦ № 5 ИК-14,"Краснодарский край, Славянский район, пос. Вишневый, ул. Парковая д. 1"
УФИЦ ИК-6,"Краснодарский край, Выселковский район,  ст. Новомалороссийская, ул. Степная, д. 2"
УФИЦ № 1 ИК-14,"г. Славянск-на Кубани, ул. Донская 3 «а»"
УФИЦ № 3 ИК-2,"г.Элиста, Северная промышленная зона-2, д.172"
Исправительный центр № 1,"г. Волгоград, ул.им. Землячки, 14"
УФИЦ №2 ИК-4,"Краснодарский край, Успенский район, п. Мичуринский, ул. Садовая, 22"
УФИЦ №1 ИК-4,"г. Армавир, ул. Володарского 1а"
Исправительный центр № 2,"г. Волгоград, ул.им. Бахтурова, 6"
УФИЦ ИК-2,"Краснодарский край, Усть-Лабинский район, ст. Воронежская, ул. Крайняя 1"
УФИЦ №1 ИК-1,"г. Симферополь, пер. Элеваторный, 5"
УФИЦ № 2 ИК-14,"г. Краснодар, Восточная промышленная зона, ул. Тихорецкая, 20/1"
УФИЦ №4 ИК-14,"г. Краснодар, Западный обход, 2-ое отделение АФ «Солнечная», 7/4"
УФИЦ № 2 ИК-1,"Крым и Севастополь, пгт. Красногвардейское, ул. Строителей, д. 13"
СИЗО-2 Симферополь,"г. Симферополь, пер. Элеваторный, 4"
УФИЦ № 3 ИК-1,"Крым и Севастополь, Джанкойский район, с. Яркое, ул. Ленина, д. 12"
УФИЦ № 1 ИК-9,"г. Старая Русса, ул. Клубная д. 3"
УФИЦ № 2 ИК-9,"Новгородская область, п. Парфино, ул. Кирова д. 52/71"
Исправительный центр № 2,"г. Петрозаводск, ул.Жуковского, д.32 б"
УФИЦ ИК-25,"г. Сыктывкар, ул. 1-промышленная, д. 15"
УФИЦ №3 ИК-9,"Новгородская область, п. Крестцы ул. Краснова д. 2"
УФИЦ-2,"г. Петрозаводск, проезд Строителей, д.30 б"
Исправительный центр № 1,"г. Емва, ул. Калинина, д.55 а"
УФИЦ № 3 ИК-14,"Краснодарский край, Северский район,  пгт. Ильский, улица Завода Утяжелитель, 45"
УФИЦ № 1 ИК-2,"Калмыкия, Целинный район, с. Троицкое, Северная промзона"
УФИЦ № 2 ИК-2,"г. Элиста, ул. Ленина, д. 329"
Исправительный центр № 1,"г. Майкоп, ул. Кожевенная,11"
УФИЦ № 5 ИК-14,"Краснодарский край, Славянский район, пос. Вишневый, ул. Парковая д. 1"
УФИЦ ИК-6,"Краснодарский край, Выселковский район,  ст. Новомалороссийская, ул. Степная, д. 2"
УФИЦ № 1 ИК-14,"г. Славянск-на Кубани, ул. Донская 3 «а»"
УФИЦ № 3 ИК-2,"г.Элиста, Северная промышленная зона-2, д.172"
Исправительный центр № 1,"г. Волгоград, ул.им. Землячки, 14"
УФИЦ №2 ИК-4,"Краснодарский край, Успенский район, п. Мичуринский, ул. Садовая, 22"
УФИЦ №1 ИК-4,"г. Армавир, ул. Володарского 1а"
Исправительный центр № 2,"г. Волгоград, ул.им. Бахтурова, 6"
УФИЦ ИК-2,"Краснодарский край, Усть-Лабинский район, ст. Воронежская, ул. Крайняя 1"
УФИЦ №1 ИК-1,"г. Симферополь, пер. Элеваторный, 5"
УФИЦ № 2 ИК-14,"г. Краснодар, Восточная промышленная зона, ул. Тихорецкая, 20/1"
УФИЦ №4 ИК-14,"г. Краснодар, Западный обход, 2-ое отделение АФ «Солнечная», 7/4"
УФИЦ № 2 ИК-1,"Крым и Севастополь, пгт. Красногвардейское, ул. Строителей, д. 13"
СИЗО-2 Симферополь,"г. Симферополь, пер. Элеваторный, 4"
УФИЦ № 3 ИК-1,"Крым и Севастополь, Джанкойский район, с. Яркое, ул. Ленина, д. 12"
УФИЦ № 1 ИК-9,"г. Старая Русса, ул. Клубная д. 3"
УФИЦ № 2 ИК-9,"Новгородская область, п. Парфино, ул. Кирова д. 52/71"
Исправительный центр № 2,"г. Петрозаводск, ул.Жуковского, д.32 б"
УФИЦ ИК-25,"г. Сыктывкар, ул. 1-промышленная, д. 15"
УФИЦ №3 ИК-9,"Новгородская область, п. Крестцы ул. Краснова д. 2"
УФИЦ-2,"г. Петрозаводск, проезд Строителей, д.30 б"
Исправительный центр № 1,"г. Емва, ул. Калинина, д.55 а"
УФИЦ № 3 ИК-14,"Краснодарский край, Северский район,  пгт. Ильский, улица Завода Утяжелитель, 45"
УФИЦ № 1 ИК-2,"Калмыкия, Целинный район, с. Троицкое, Северная промзона"
УФИЦ № 2 ИК-2,"г. Элиста, ул. Ленина, д. 329"
Исправительный центр № 1,"г. Майкоп, ул. Кожевенная,11"
УФИЦ № 5 ИК-14,"Краснодарский край, Славянский район, пос. Вишневый, ул. Парковая д. 1"
УФИЦ ИК-6,"Краснодарский край, Выселковский район,  ст. Новомалороссийская, ул. Степная, д. 2"
УФИЦ № 1 ИК-14,"г. Славянск-на Кубани, ул. Донская 3 «а»"
УФИЦ № 3 ИК-2,"г.Элиста, Северная промышленная зона-2, д.172"
Исправительный центр № 1,"г. Волгоград, ул.им. Землячки, 14"
УФИЦ №2 ИК-4,"Краснодарский край, Успенский район, п. Мичуринский, ул. Садовая, 22"
УФИЦ №1 ИК-4,"г. Армавир, ул. Володарского 1а"
Исправительный центр № 2,"г. Волгоград, ул.им. Бахтурова, 6"
УФИЦ ИК-2,"Краснодарский край, Усть-Лабинский район, ст. Воронежская, ул. Крайняя 1"
УФИЦ №1 ИК-1,"г. Симферополь, пер. Элеваторный, 5"
УФИЦ № 2 ИК-14,"г. Краснодар, Восточная промышленная зона, ул. Тихорецкая, 20/1"
УФИЦ №4 ИК-14,"г. Краснодар, Западный обход, 2-ое отделение АФ «Солнечная», 7/4"
УФИЦ № 2 ИК-1,"Крым и Севастополь, пгт. Красногвардейское, ул. Строителей, д. 13"
СИЗО-2 Симферополь,"г. Симферополь, пер. Элеваторный, 4"
УФИЦ № 3 ИК-1,"Крым и Севастополь, Джанкойский район, с. Яркое, ул. Ленина, д. 12"
УФИЦ № 1 ИК-9,"г. Старая Русса, ул. Клубная д. 3"
УФИЦ № 2 ИК-9,"Новгородская область, п. Парфино, ул. Кирова д. 52/71"
Исправительный центр № 2,"г. Петрозаводск, ул.Жуковского, д.32 б"
УФИЦ ИК-25,"г. Сыктывкар, ул. 1-промышленная, д. 15"
УФИЦ №3 ИК-9,"Новгородская область, п. Крестцы ул. Краснова д. 2"
УФИЦ-2,"г. Петрозаводск, проезд Строителей, д.30 б"
Исправительный центр № 1,"г. Емва, ул. Калинина, д.55 а"
УФИЦ № 3 ИК-14,"Краснодарский край, Северский район,  пгт. Ильский, улица Завода Утяжелитель, 45"
УФИЦ № 1 ИК-2,"Калмыкия, Целинный район, с. Троицкое, Северная промзона"
УФИЦ № 2 ИК-2,"г. Элиста, ул. Ленина, д. 329"
Исправительный центр № 1,"г. Майкоп, ул. Кожевенная,11"
УФИЦ № 5 ИК-14,"Краснодарский край, Славянский район, пос. Вишневый, ул. Парковая д. 1"
УФИЦ ИК-6,"Краснодарский край, Выселковский район,  ст. Новомалороссийская, ул. Степная, д. 2"
УФИЦ № 1 ИК-14,"г. Славянск-на Кубани, ул. Донская 3 «а»"
УФИЦ № 3 ИК-2,"г.Элиста, Северная промышленная зона-2, д.172"
Исправительный центр № 1,"г. Волгоград, ул.им. Землячки, 14"
УФИЦ №2 ИК-4,"Краснодарский край, Успенский район, п. Мичуринский, ул. Садовая, 22"
УФИЦ №1 ИК-4,"г. Армавир, ул. Володарского 1а"
Исправительный центр № 2,"г. Волгоград, ул.им. Бахтурова, 6"
УФИЦ ИК-2,"Краснодарский край, Усть-Лабинский район, ст. Воронежская, ул. Крайняя 1"
УФИЦ №1 ИК-1,"г. Симферополь, пер. Элеваторный, 5"
УФИЦ № 2 ИК-14,"г. Краснодар, Восточная промышленная зона, ул. Тихорецкая, 20/1"
УФИЦ №4 ИК-14,"г. Краснодар, Западный обход, 2-ое отделение АФ «Солнечная», 7/4"
УФИЦ № 2 ИК-1,"Крым и Севастополь, пгт. Красногвардейское, ул. Строителей, д. 13"
СИЗО-2 Симферополь,"г. Симферополь, пер. Элеваторный, 4"
УФИЦ № 3 ИК-1,"Крым и Севастополь, Джанкойский район, с. Яркое, ул. Ленина, д. 12"
УФИЦ № 1 ИК-9,"г. Старая Русса, ул. Клубная д. 3"
УФИЦ № 2 ИК-9,"Новгородская область, п. Парфино, ул. Кирова д. 52/71"
Исправительный центр № 2,"г. Петрозаводск, ул.Жуковского, д.32 б"
УФИЦ ИК-25,"г. Сыктывкар, ул. 1-промышленная, д. 15"
УФИЦ №3 ИК-9,"Новгородская область, п. Крестцы ул. Краснова д. 2"
УФИЦ-2,"г. Петрозаводск, проезд Строителей, д.30 б"
Исправительный центр № 1,"г. Емва, ул. Калинина, д.55 а"
УФИЦ № 3 ИК-14,"Краснодарский край, Северский район,  пгт. Ильский, улица Завода Утяжелитель, 45"
УФИЦ № 1 ИК-2,"Калмыкия, Целинный район, с. Троицкое, Северная промзона"
УФИЦ № 2 ИК-2,"г. Элиста, ул. Ленина, д. 329"
Исправительный центр № 1,"г. Майкоп, ул. Кожевенная,11"
УФИЦ № 5 ИК-14,"Краснодарский край, Славянский район, пос. Вишневый, ул. Парковая д. 1"
УФИЦ ИК-6,"Краснодарский край, Выселковский район,  ст. Новомалороссийская, ул. Степная, д. 2"
УФИЦ № 1 ИК-14,"г. Славянск-на Кубани, ул. Донская 3 «а»"
УФИЦ № 3 ИК-2,"г.Элиста, Северная промышленная зона-2, д.172"
Исправительный центр № 1,"г. Волгоград, ул.им. Землячки, 14"
УФИЦ №2 ИК-4,"Краснодарский край, Успенский район, п. Мичуринский, ул. Садовая, 22"
УФИЦ №1 ИК-4,"г. Армавир, ул. Володарского 1а"
Исправительный центр № 2,"г. Волгоград, ул.им. Бахтурова, 6"
УФИЦ ИК-2,"Краснодарский край, Усть-Лабинский район, ст. Воронежская, ул. Крайняя 1"
УФИЦ №1 ИК-1,"г. Симферополь, пер. Элеваторный, 5"
УФИЦ № 2 ИК-14,"г. Краснодар, Восточная промышленная зона, ул. Тихорецкая, 20/1"
УФИЦ №4 ИК-14,"г. Краснодар, Западный обход, 2-ое отделение АФ «Солнечная», 7/4"
УФИЦ № 2 ИК-1,"Крым и Севастополь, пгт. Красногвардейское, ул. Строителей, д. 13"
СИЗО-2 Симферополь,"г. Симферополь, пер. Элеваторный, 4"
УФИЦ № 3 ИК-1,"Крым и Севастополь, Джанкойский район, с. Яркое, ул. Ленина, д. 12"
УФИЦ № 1 ИК-9,"г. Старая Русса, ул. Клубная д. 3"
УФИЦ № 2 ИК-9,"Новгородская область, п. Парфино, ул. Кирова д. 52/71"
Исправительный центр № 2,"г. Петрозаводск, ул.Жуковского, д.32 б"
УФИЦ ИК-25,"г. Сыктывкар, ул. 1-промышленная, д. 15"
УФИЦ №3 ИК-9,"Новгородская область, п. Крестцы ул. Краснова д. 2"
УФИЦ-2,"г. Петрозаводск, проезд Строителей, д.30 б"
Исправительный центр № 1,"г. Емва, ул. Калинина, д.55 а"
УФИЦ № 3 ИК-14,"Краснодарский край, Северский район,  пгт. Ильский, улица Завода Утяжелитель, 45"
УФИЦ № 1 ИК-2,"Калмыкия, Целинный район, с. Троицкое, Северная промзона"
УФИЦ № 2 ИК-2,"г. Элиста, ул. Ленина, д. 329"
Исправительный центр № 1,"г. Майкоп, ул. Кожевенная,11"
УФИЦ № 5 ИК-14,"Краснодарский край, Славянский район, пос. Вишневый, ул. Парковая д. 1"
УФИЦ ИК-6,"Краснодарский край, Выселковский район,  ст. Новомалороссийская, ул. Степная, д. 2"
УФИЦ № 1 ИК-14,"г. Славянск-на Кубани, ул. Донская 3 «а»"
УФИЦ № 3 ИК-2,"г.Элиста, Северная промышленная зона-2, д.172"
Исправительный центр № 1,"г. Волгоград, ул.им. Землячки, 14"
УФИЦ №2 ИК-4,"Краснодарский край, Успенский район, п. Мичуринский, ул. Садовая, 22"
УФИЦ №1 ИК-4,"г. Армавир, ул. Володарского 1а"
Исправительный центр № 2,"г. Волгоград, ул.им. Бахтурова, 6"
УФИЦ ИК-2,"Краснодарский край, Усть-Лабинский район, ст. Воронежская, ул. Крайняя 1"
УФИЦ №1 ИК-1,"г. Симферополь, пер. Элеваторный, 5"
УФИЦ № 2 ИК-14,"г. Краснодар, Восточная промышленная зона, ул. Тихорецкая, 20/1"
УФИЦ №4 ИК-14,"г. Краснодар, Западный обход, 2-ое отделение АФ «Солнечная», 7/4"
УФИЦ № 2 ИК-1,"Крым и Севастополь, пгт. Красногвардейское, ул. Строителей, д. 13"
СИЗО-2 Симферополь,"г. Симферополь, пер. Элеваторный, 4"
УФИЦ № 3 ИК-1,"Крым и Севастополь, Джанкойский район, с. Яркое, ул. Ленина, д. 12"
УФИЦ № 1 ИК-9,"г. Старая Русса, ул. Клубная д. 3"
УФИЦ № 2 ИК-9,"Новгородская область, п. Парфино, ул. Кирова д. 52/71"
Исправительный центр № 2,"г. Петрозаводск, ул.Жуковского, д.32 б"
УФИЦ ИК-25,"г. Сыктывкар, ул. 1-промышленная, д. 15"
УФИЦ №3 ИК-9,"Новгородская область, п. Крестцы ул. Краснова д. 2"
УФИЦ-2,"г. Петрозаводск, проезд Строителей, д.30 б"
Исправительный центр № 1,"г. Емва, ул. Калинина, д.55 а"
УФИЦ № 3 ИК-14,"Краснодарский край, Северский район,  пгт. Ильский, улица Завода Утяжелитель, 45"
УФИЦ № 1 ИК-2,"Калмыкия, Целинный район, с. Троицкое, Северная промзона"
УФИЦ № 2 ИК-2,"г. Элиста, ул. Ленина, д. 329"
Исправительный центр № 1,"г. Майкоп, ул. Кожевенная,11"
УФИЦ № 5 ИК-14,"Краснодарский край, Славянский район, пос. Вишневый, ул. Парковая д. 1"
УФИЦ ИК-6,"Краснодарский край, Выселковский район,  ст. Новомалороссийская, ул. Степная, д. 2"
УФИЦ № 1 ИК-14,"г. Славянск-на Кубани, ул. Донская 3 «а»"
УФИЦ № 3 ИК-2,"г.Элиста, Северная промышленная зона-2, д.172"
Исправительный центр № 1,"г. Волгоград, ул.им. Землячки, 14"
УФИЦ №2 ИК-4,"Краснодарский край, Успенский район, п. Мичуринский, ул. Садовая, 22"
УФИЦ №1 ИК-4,"г. Армавир, ул. Володарского 1а"
Исправительный центр № 2,"г. Волгоград, ул.им. Бахтурова, 6"
УФИЦ ИК-2,"Краснодарский край, Усть-Лабинский район, ст. Воронежская, ул. Крайняя 1"
УФИЦ №1 ИК-1,"г. Симферополь, пер. Элеваторный, 5"
УФИЦ № 2 ИК-14,"г. Краснодар, Восточная промышленная зона, ул. Тихорецкая, 20/1"
УФИЦ №4 ИК-14,"г. Краснодар, Западный обход, 2-ое отделение АФ «Солнечная», 7/4"
УФИЦ № 2 ИК-1,"Крым и Севастополь, пгт. Красногвардейское, ул. Строителей, д. 13"
СИЗО-2 Симферополь,"г. Симферополь, пер. Элеваторный, 4"
УФИЦ № 3 ИК-1,"Крым и Севастополь, Джанкойский район, с. Яркое, ул. Ленина, д. 12"
УФИЦ № 1 ИК-9,"г. Старая Русса, ул. Клубная д. 3"
УФИЦ № 2 ИК-9,"Новгородская область, п. Парфино, ул. Кирова д. 52/71"
Исправительный центр № 2,"г. Петрозаводск, ул.Жуковского, д.32 б"
УФИЦ ИК-25,"г. Сыктывкар, ул. 1-промышленная, д. 15"
УФИЦ №3 ИК-9,"Новгородская область, п. Крестцы ул. Краснова д. 2"
УФИЦ-2,"г. Петрозаводск, проезд Строителей, д.30 б"
Исправительный центр № 1,"г. Емва, ул. Калинина, д.55 а"
УФИЦ № 3 ИК-14,"Краснодарский край, Северский район,  пгт. Ильский, улица Завода Утяжелитель, 45"
УФИЦ № 1 ИК-2,"Калмыкия, Целинный район, с. Троицкое, Северная промзона"
УФИЦ № 2 ИК-2,"г. Элиста, ул. Ленина, д. 329"
Исправительный центр № 1,"г. Майкоп, ул. Кожевенная,11"
УФИЦ № 5 ИК-14,"Краснодарский край, Славянский район, пос. Вишневый, ул. Парковая д. 1"
УФИЦ ИК-6,"Краснодарский край, Выселковский район,  ст. Новомалороссийская, ул. Степная, д. 2"
УФИЦ № 1 ИК-14,"г. Славянск-на Кубани, ул. Донская 3 «а»"
УФИЦ № 3 ИК-2,"г.Элиста, Северная промышленная зона-2, д.172"
Исправительный центр № 1,"г. Волгоград, ул.им. Землячки, 14"
УФИЦ №2 ИК-4,"Краснодарский край, Успенский район, п. Мичуринский, ул. Садовая, 22"
УФИЦ №1 ИК-4,"г. Армавир, ул. Володарского 1а"
Исправительный центр № 2,"г. Волгоград, ул.им. Бахтурова, 6"
УФИЦ ИК-2,"Краснодарский край, Усть-Лабинский район, ст. Воронежская, ул. Крайняя 1"
УФИЦ №1 ИК-1,"г. Симферополь, пер. Элеваторный, 5"
УФИЦ № 2 ИК-14,"г. Краснодар, Восточная промышленная зона, ул. Тихорецкая, 20/1"
УФИЦ №4 ИК-14,"г. Краснодар, Западный обход, 2-ое отделение АФ «Солнечная», 7/4"
УФИЦ № 2 ИК-1,"Крым и Севастополь, пгт. Красногвардейское, ул. Строителей, д. 13"
СИЗО-2 Симферополь,"г. Симферополь, пер. Элеваторный, 4"
УФИЦ № 3 ИК-1,"Крым и Севастополь, Джанкойский район, с. Яркое, ул. Ленина, д. 12"
УФИЦ № 1 ИК-9,"г. Старая Русса, ул. Клубная д. 3"
УФИЦ № 2 ИК-9,"Новгородская область, п. Парфино, ул. Кирова д. 52/71"
Исправительный центр № 2,"г. Петрозаводск, ул.Жуковского, д.32 б"
УФИЦ ИК-25,"г. Сыктывкар, ул. 1-промышленная, д. 15"
УФИЦ №3 ИК-9,"Новгородская область, п. Крестцы ул. Краснова д. 2"
УФИЦ-2,"г. Петрозаводск, проезд Строителей, д.30 б"
Исправительный центр № 1,"г. Емва, ул. Калинина, д.55 а"
УФИЦ № 3 ИК-14,"Краснодарский край, Северский район,  пгт. Ильский, улица Завода Утяжелитель, 45"
УФИЦ № 1 ИК-2,"Калмыкия, Целинный район, с. Троицкое, Северная промзона"
УФИЦ № 2 ИК-2,"г. Элиста, ул. Ленина, д. 329"
Исправительный центр № 1,"г. Майкоп, ул. Кожевенная,11"
УФИЦ № 5 ИК-14,"Краснодарский край, Славянский район, пос. Вишневый, ул. Парковая д. 1"
УФИЦ ИК-6,"Краснодарский край, Выселковский район,  ст. Новомалороссийская, ул. Степная, д. 2"
УФИЦ № 1 ИК-14,"г. Славянск-на Кубани, ул. Донская 3 «а»"
УФИЦ № 3 ИК-2,"г.Элиста, Северная промышленная зона-2, д.172"
Исправительный центр № 1,"г. Волгоград, ул.им. Землячки, 14"
УФИЦ №2 ИК-4,"Краснодарский край, Успенский район, п. Мичуринский, ул. Садовая, 22"
УФИЦ №1 ИК-4,"г. Армавир, ул. Володарского 1а"
Исправительный центр № 2,"г. Волгоград, ул.им. Бахтурова, 6"
УФИЦ ИК-2,"Краснодарский край, Усть-Лабинский район, ст. Воронежская, ул. Крайняя 1"
УФИЦ №1 ИК-1,"г. Симферополь, пер. Элеваторный, 5"
УФИЦ № 2 ИК-14,"г. Краснодар, Восточная промышленная зона, ул. Тихорецкая, 20/1"
УФИЦ №4 ИК-14,"г. Краснодар, Западный обход, 2-ое отделение АФ «Солнечная», 7/4"
УФИЦ № 2 ИК-1,"Крым и Севастополь, пгт. Красногвардейское, ул. Строителей, д. 13"
СИЗО-2 Симферополь,"г. Симферополь, пер. Элеваторный, 4"
УФИЦ № 3 ИК-1,"Крым и Севастополь, Джанкойский район, с. Яркое, ул. Ленина, д. 12"
УФИЦ № 1 ИК-9,"г. Старая Русса, ул. Клубная д. 3"
УФИЦ № 2 ИК-9,"Новгородская область, п. Парфино, ул. Кирова д. 52/71"
Исправительный центр № 2,"г. Петрозаводск, ул.Жуковского, д.32 б"
УФИЦ ИК-25,"г. Сыктывкар, ул. 1-промышленная, д. 15"
УФИЦ №3 ИК-9,"Новгородская область, п. Крестцы ул. Краснова д. 2"
УФИЦ-2,"г. Петрозаводск, проезд Строителей, д.30 б"
Исправительный центр № 1,"г. Емва, ул. Калинина, д.55 а"
УФИЦ № 3 ИК-14,"Краснодарский край, Северский район,  пгт. Ильский, улица Завода Утяжелитель, 45"
УФИЦ № 1 ИК-2,"Калмыкия, Целинный район, с. Троицкое, Северная промзона"
УФИЦ № 2 ИК-2,"г. Элиста, ул. Ленина, д. 329"
Исправительный центр № 1,"г. Майкоп, ул. Кожевенная,11"
УФИЦ № 5 ИК-14,"Краснодарский край, Славянский район, пос. Вишневый, ул. Парковая д. 1"
УФИЦ ИК-6,"Краснодарский край, Выселковский район,  ст. Новомалороссийская, ул. Степная, д. 2"
УФИЦ № 1 ИК-14,"г. Славянск-на Кубани, ул. Донская 3 «а»"
УФИЦ № 3 ИК-2,"г.Элиста, Северная промышленная зона-2, д.172"
Исправительный центр № 1,"г. Волгоград, ул.им. Землячки, 14"
УФИЦ №2 ИК-4,"Краснодарский край, Успенский район, п. Мичуринский, ул. Садовая, 22"
УФИЦ №1 ИК-4,"г. Армавир, ул. Володарского 1а"
Исправительный центр № 2,"г. Волгоград, ул.им. Бахтурова, 6"
УФИЦ ИК-2,"Краснодарский край, Усть-Лабинский район, ст. Воронежская, ул. Крайняя 1"
УФИЦ №1 ИК-1,"г. Симферополь, пер. Элеваторный, 5"
УФИЦ № 2 ИК-14,"г. Краснодар, Восточная промышленная зона, ул. Тихорецкая, 20/1"
УФИЦ №4 ИК-14,"г. Краснодар, Западный обход, 2-ое отделение АФ «Солнечная», 7/4"
УФИЦ № 2 ИК-1,"Крым и Севастополь, пгт. Красногвардейское, ул. Строителей, д. 13"
СИЗО-2 Симферополь,"г. Симферополь, пер. Элеваторный, 4"
УФИЦ № 3 ИК-1,"Крым и Севастополь, Джанкойский район, с. Яркое, ул. Ленина, д. 12"
УФИЦ № 1 ИК-9,"г. Старая Русса, ул. Клубная д. 3"
УФИЦ № 2 ИК-9,"Новгородская область, п. Парфино, ул. Кирова д. 52/71"
Исправительный центр № 2,"г. Петрозаводск, ул.Жуковского, д.32 б"
УФИЦ ИК-25,"г. Сыктывкар, ул. 1-промышленная, д. 15"
УФИЦ №3 ИК-9,"Новгородская область, п. Крестцы ул. Краснова д. 2"
УФИЦ-2,"г. Петрозаводск, проезд Строителей, д.30 б"
Исправительный центр № 1,"г. Емва, ул. Калинина, д.55 а"
УФИЦ № 3 ИК-14,"Краснодарский край, Северский район,  пгт. Ильский, улица Завода Утяжелитель, 45"
УФИЦ № 1 ИК-2,"Калмыкия, Целинный район, с. Троицкое, Северная промзона"
УФИЦ № 2 ИК-2,"г. Элиста, ул. Ленина, д. 329"
Исправительный центр № 1,"г. Майкоп, ул. Кожевенная,11"
УФИЦ № 5 ИК-14,"Краснодарский край, Славянский район, пос. Вишневый, ул. Парковая д. 1"
УФИЦ ИК-6,"Краснодарский край, Выселковский район,  ст. Новомалороссийская, ул. Степная, д. 2"
УФИЦ № 1 ИК-14,"г. Славянск-на Кубани, ул. Донская 3 «а»"
УФИЦ № 3 ИК-2,"г.Элиста, Северная промышленная зона-2, д.172"
Исправительный центр № 1,"г. Волгоград, ул.им. Землячки, 14"
УФИЦ №2 ИК-4,"Краснодарский край, Успенский район, п. Мичуринский, ул. Садовая, 22"
УФИЦ №1 ИК-4,"г. Армавир, ул. Володарского 1а"
Исправительный центр № 2,"г. Волгоград, ул.им. Бахтурова, 6"
УФИЦ ИК-2,"Краснодарский край, Усть-Лабинский район, ст. Воронежская, ул. Крайняя 1"
УФИЦ №1 ИК-1,"г. Симферополь, пер. Элеваторный, 5"
УФИЦ № 2 ИК-14,"г. Краснодар, Восточная промышленная зона, ул. Тихорецкая, 20/1"
УФИЦ №4 ИК-14,"г. Краснодар, Западный обход, 2-ое отделение АФ «Солнечная», 7/4"
УФИЦ № 2 ИК-1,"Крым и Севастополь, пгт. Красногвардейское, ул. Строителей, д. 13"
СИЗО-2 Симферополь,"г. Симферополь, пер. Элеваторный, 4"
УФИЦ № 3 ИК-1,"Крым и Севастополь, Джанкойский район, с. Яркое, ул. Ленина, д. 12"
УФИЦ № 1 ИК-9,"г. Старая Русса, ул. Клубная д. 3"
УФИЦ № 2 ИК-9,"Новгородская область, п. Парфино, ул. Кирова д. 52/71"
Исправительный центр № 2,"г. Петрозаводск, ул.Жуковского, д.32 б"
УФИЦ ИК-25,"г. Сыктывкар, ул. 1-промышленная, д. 15"
УФИЦ №3 ИК-9,"Новгородская область, п. Крестцы ул. Краснова д. 2"
УФИЦ-2,"г. Петрозаводск, проезд Строителей, д.30 б"
Исправительный центр № 1,"г. Емва, ул. Калинина, д.55 а"
УФИЦ № 3 ИК-14,"Краснодарский край, Северский район,  пгт. Ильский, улица Завода Утяжелитель, 45"
УФИЦ № 1 ИК-2,"Калмыкия, Целинный район, с. Троицкое, Северная промзона"
УФИЦ № 2 ИК-2,"г. Элиста, ул. Ленина, д. 329"
Исправительный центр № 1,"г. Майкоп, ул. Кожевенная,11"
УФИЦ № 5 ИК-14,"Краснодарский край, Славянский район, пос. Вишневый, ул. Парковая д. 1"
УФИЦ ИК-6,"Краснодарский край, Выселковский район,  ст. Новомалороссийская, ул. Степная, д. 2"
УФИЦ № 1 ИК-14,"г. Славянск-на Кубани, ул. Донская 3 «а»"
УФИЦ № 3 ИК-2,"г.Элиста, Северная промышленная зона-2, д.172"
Исправительный центр № 1,"г. Волгоград, ул.им. Землячки, 14"
УФИЦ №2 ИК-4,"Краснодарский край, Успенский район, п. Мичуринский, ул. Садовая, 22"
УФИЦ №1 ИК-4,"г. Армавир, ул. Володарского 1а"
Исправительный центр № 2,"г. Волгоград, ул.им. Бахтурова, 6"
УФИЦ ИК-2,"Краснодарский край, Усть-Лабинский район, ст. Воронежская, ул. Крайняя 1"
УФИЦ №1 ИК-1,"г. Симферополь, пер. Элеваторный, 5"
УФИЦ № 2 ИК-14,"г. Краснодар, Восточная промышленная зона, ул. Тихорецкая, 20/1"
УФИЦ №4 ИК-14,"г. Краснодар, Западный обход, 2-ое отделение АФ «Солнечная», 7/4"
УФИЦ № 2 ИК-1,"Крым и Севастополь, пгт. Красногвардейское, ул. Строителей, д. 13"
СИЗО-2 Симферополь,"г. Симферополь, пер. Элеваторный, 4"
УФИЦ № 3 ИК-1,"Крым и Севастополь, Джанкойский район, с. Яркое, ул. Ленина, д. 12"
УФИЦ № 1 ИК-9,"г. Старая Русса, ул. Клубная д. 3"
УФИЦ № 2 ИК-9,"Новгородская область, п. Парфино, ул. Кирова д. 52/71"
Исправительный центр № 2,"г. Петрозаводск, ул.Жуковского, д.32 б"
УФИЦ ИК-25,"г. Сыктывкар, ул. 1-промышленная, д. 15"
УФИЦ №3 ИК-9,"Новгородская область, п. Крестцы ул. Краснова д. 2"
УФИЦ-2,"г. Петрозаводск, проезд Строителей, д.30 б"
Исправительный центр № 1,"г. Емва, ул. Калинина, д.55 а"
УФИЦ № 3 ИК-14,"Краснодарский край, Северский район,  пгт. Ильский, улица Завода Утяжелитель, 45"
УФИЦ № 1 ИК-2,"Калмыкия, Целинный район, с. Троицкое, Северная промзона"
УФИЦ № 2 ИК-2,"г. Элиста, ул. Ленина, д. 329"
Исправительный центр № 1,"г. Майкоп, ул. Кожевенная,11"
УФИЦ № 5 ИК-14,"Краснодарский край, Славянский район, пос. Вишневый, ул. Парковая д. 1"
УФИЦ ИК-6,"Краснодарский край, Выселковский район,  ст. Новомалороссийская, ул. Степная, д. 2"
УФИЦ № 1 ИК-14,"г. Славянск-на Кубани, ул. Донская 3 «а»"
УФИЦ № 3 ИК-2,"г.Элиста, Северная промышленная зона-2, д.172"
Исправительный центр № 1,"г. Волгоград, ул.им. Землячки, 14"
УФИЦ №2 ИК-4,"Краснодарский край, Успенский район, п. Мичуринский, ул. Садовая, 22"
УФИЦ №1 ИК-4,"г. Армавир, ул. Володарского 1а"
Исправительный центр № 2,"г. Волгоград, ул.им. Бахтурова, 6"
УФИЦ ИК-2,"Краснодарский край, Усть-Лабинский район, ст. Воронежская, ул. Крайняя 1"
УФИЦ №1 ИК-1,"г. Симферополь, пер. Элеваторный, 5"
УФИЦ № 2 ИК-14,"г. Краснодар, Восточная промышленная зона, ул. Тихорецкая, 20/1"
УФИЦ №4 ИК-14,"г. Краснодар, Западный обход, 2-ое отделение АФ «Солнечная», 7/4"
УФИЦ № 2 ИК-1,"Крым и Севастополь, пгт. Красногвардейское, ул. Строителей, д. 13"
СИЗО-2 Симферополь,"г. Симферополь, пер. Элеваторный, 4"
УФИЦ № 3 ИК-1,"Крым и Севастополь, Джанкойский район, с. Яркое, ул. Ленина, д. 12"
УФИЦ № 1 ИК-9,"г. Старая Русса, ул. Клубная д. 3"
УФИЦ № 2 ИК-9,"Новгородская область, п. Парфино, ул. Кирова д. 52/71"
Исправительный центр № 2,"г. Петрозаводск, ул.Жуковского, д.32 б"
УФИЦ ИК-25,"г. Сыктывкар, ул. 1-промышленная, д. 15"
УФИЦ №3 ИК-9,"Новгородская область, п. Крестцы ул. Краснова д. 2"
УФИЦ-2,"г. Петрозаводск, проезд Строителей, д.30 б"
Исправительный центр № 1,"г. Емва, ул. Калинина, д.55 а"
УФИЦ № 3 ИК-14,"Краснодарский край, Северский район,  пгт. Ильский, улица Завода Утяжелитель, 45"
УФИЦ № 1 ИК-2,"Калмыкия, Целинный район, с. Троицкое, Северная промзона"
УФИЦ № 2 ИК-2,"г. Элиста, ул. Ленина, д. 329"
Исправительный центр № 1,"г. Майкоп, ул. Кожевенная,11"
УФИЦ № 5 ИК-14,"Краснодарский край, Славянский район, пос. Вишневый, ул. Парковая д. 1"
УФИЦ ИК-6,"Краснодарский край, Выселковский район,  ст. Новомалороссийская, ул. Степная, д. 2"
УФИЦ № 1 ИК-14,"г. Славянск-на Кубани, ул. Донская 3 «а»"
УФИЦ № 3 ИК-2,"г.Элиста, Северная промышленная зона-2, д.172"
Исправительный центр № 1,"г. Волгоград, ул.им. Землячки, 14"
УФИЦ №2 ИК-4,"Краснодарский край, Успенский район, п. Мичуринский, ул. Садовая, 22"
УФИЦ №1 ИК-4,"г. Армавир, ул. Володарского 1а"
Исправительный центр № 2,"г. Волгоград, ул.им. Бахтурова, 6"
УФИЦ ИК-2,"Краснодарский край, Усть-Лабинский район, ст. Воронежская, ул. Крайняя 1"
УФИЦ №1 ИК-1,"г. Симферополь, пер. Элеваторный, 5"
УФИЦ № 2 ИК-14,"г. Краснодар, Восточная промышленная зона, ул. Тихорецкая, 20/1"
УФИЦ №4 ИК-14,"г. Краснодар, Западный обход, 2-ое отделение АФ «Солнечная», 7/4"
УФИЦ № 2 ИК-1,"Крым и Севастополь, пгт. Красногвардейское, ул. Строителей, д. 13"
СИЗО-2 Симферополь,"г. Симферополь, пер. Элеваторный, 4"
УФИЦ № 3 ИК-1,"Крым и Севастополь, Джанкойский район, с. Яркое, ул. Ленина, д. 12"
УФИЦ № 1 ИК-9,"г. Старая Русса, ул. Клубная д. 3"
УФИЦ № 2 ИК-9,"Новгородская область, п. Парфино, ул. Кирова д. 52/71"
Исправительный центр № 2,"г. Петрозаводск, ул.Жуковского, д.32 б"
УФИЦ ИК-25,"г. Сыктывкар, ул. 1-промышленная, д. 15"
УФИЦ №3 ИК-9,"Новгородская область, п. Крестцы ул. Краснова д. 2"
УФИЦ-2,"г. Петрозаводск, проезд Строителей, д.30 б"
Исправительный центр № 1,"г. Емва, ул. Калинина, д.55 а"
УФИЦ № 3 ИК-14,"Краснодарский край, Северский район,  пгт. Ильский, улица Завода Утяжелитель, 45"
УФИЦ № 1 ИК-2,"Калмыкия, Целинный район, с. Троицкое, Северная промзона"
УФИЦ № 2 ИК-2,"г. Элиста, ул. Ленина, д. 329"
Исправительный центр № 1,"г. Майкоп, ул. Кожевенная,11"
УФИЦ № 5 ИК-14,"Краснодарский край, Славянский район, пос. Вишневый, ул. Парковая д. 1"
УФИЦ ИК-6,"Краснодарский край, Выселковский район,  ст. Новомалороссийская, ул. Степная, д. 2"
УФИЦ № 1 ИК-14,"г. Славянск-на Кубани, ул. Донская 3 «а»"
УФИЦ № 3 ИК-2,"г.Элиста, Северная промышленная зона-2, д.172"
Исправительный центр № 1,"г. Волгоград, ул.им. Землячки, 14"
УФИЦ №2 ИК-4,"Краснодарский край, Успенский район, п. Мичуринский, ул. Садовая, 22"
УФИЦ №1 ИК-4,"г. Армавир, ул. Володарского 1а"
Исправительный центр № 2,"г. Волгоград, ул.им. Бахтурова, 6"
УФИЦ ИК-2,"Краснодарский край, Усть-Лабинский район, ст. Воронежская, ул. Крайняя 1"
УФИЦ №1 ИК-1,"г. Симферополь, пер. Элеваторный, 5"
УФИЦ № 2 ИК-14,"г. Краснодар, Восточная промышленная зона, ул. Тихорецкая, 20/1"
УФИЦ №4 ИК-14,"г. Краснодар, Западный обход, 2-ое отделение АФ «Солнечная», 7/4"
УФИЦ № 2 ИК-1,"Крым и Севастополь, пгт. Красногвардейское, ул. Строителей, д. 13"
СИЗО-2 Симферополь,"г. Симферополь, пер. Элеваторный, 4"
УФИЦ № 3 ИК-1,"Крым и Севастополь, Джанкойский район, с. Яркое, ул. Ленина, д. 12"
УФИЦ № 1 ИК-9,"г. Старая Русса, ул. Клубная д. 3"
УФИЦ № 2 ИК-9,"Новгородская область, п. Парфино, ул. Кирова д. 52/71"
Исправительный центр № 2,"г. Петрозаводск, ул.Жуковского, д.32 б"
УФИЦ ИК-25,"г. Сыктывкар, ул. 1-промышленная, д. 15"
УФИЦ №3 ИК-9,"Новгородская область, п. Крестцы ул. Краснова д. 2"
УФИЦ-2,"г. Петрозаводск, проезд Строителей, д.30 б"
Исправительный центр № 1,"г. Емва, ул. Калинина, д.55 а"
УФИЦ № 3 ИК-14,"Краснодарский край, Северский район,  пгт. Ильский, улица Завода Утяжелитель, 45"
УФИЦ № 1 ИК-2,"Калмыкия, Целинный район, с. Троицкое, Северная промзона"
УФИЦ № 2 ИК-2,"г. Элиста, ул. Ленина, д. 329"
Исправительный центр № 1,"г. Майкоп, ул. Кожевенная,11"
УФИЦ № 5 ИК-14,"Краснодарский край, Славянский район, пос. Вишневый, ул. Парковая д. 1"
УФИЦ ИК-6,"Краснодарский край, Выселковский район,  ст. Новомалороссийская, ул. Степная, д. 2"
УФИЦ № 1 ИК-14,"г. Славянск-на Кубани, ул. Донская 3 «а»"
УФИЦ № 3 ИК-2,"г.Элиста, Северная промышленная зона-2, д.172"
Исправительный центр № 1,"г. Волгоград, ул.им. Землячки, 14"
УФИЦ №2 ИК-4,"Краснодарский край, Успенский район, п. Мичуринский, ул. Садовая, 22"
УФИЦ №1 ИК-4,"г. Армавир, ул. Володарского 1а"
Исправительный центр № 2,"г. Волгоград, ул.им. Бахтурова, 6"
УФИЦ ИК-2,"Краснодарский край, Усть-Лабинский район, ст. Воронежская, ул. Крайняя 1"
УФИЦ №1 ИК-1,"г. Симферополь, пер. Элеваторный, 5"
УФИЦ № 2 ИК-14,"г. Краснодар, Восточная промышленная зона, ул. Тихорецкая, 20/1"
УФИЦ №4 ИК-14,"г. Краснодар, Западный обход, 2-ое отделение АФ «Солнечная», 7/4"
УФИЦ № 2 ИК-1,"Крым и Севастополь, пгт. Красногвардейское, ул. Строителей, д. 13"
СИЗО-2 Симферополь,"г. Симферополь, пер. Элеваторный, 4"
УФИЦ № 3 ИК-1,"Крым и Севастополь, Джанкойский район, с. Яркое, ул. Ленина, д. 12"
УФИЦ № 1 ИК-9,"г. Старая Русса, ул. Клубная д. 3"
УФИЦ № 2 ИК-9,"Новгородская область, п. Парфино, ул. Кирова д. 52/71"
Исправительный центр № 2,"г. Петрозаводск, ул.Жуковского, д.32 б"
УФИЦ ИК-25,"г. Сыктывкар, ул. 1-промышленная, д. 15"
УФИЦ №3 ИК-9,"Новгородская область, п. Крестцы ул. Краснова д. 2"
УФИЦ-2,"г. Петрозаводск, проезд Строителей, д.30 б"
Исправительный центр № 1,"г. Емва, ул. Калинина, д.55 а"
УФИЦ № 3 ИК-14,"Краснодарский край, Северский район,  пгт. Ильский, улица Завода Утяжелитель, 45"
УФИЦ № 1 ИК-2,"Калмыкия, Целинный район, с. Троицкое, Северная промзона"
УФИЦ № 2 ИК-2,"г. Элиста, ул. Ленина, д. 329"
Исправительный центр № 1,"г. Майкоп, ул. Кожевенная,11"
УФИЦ № 5 ИК-14,"Краснодарский край, Славянский район, пос. Вишневый, ул. Парковая д. 1"
УФИЦ ИК-6,"Краснодарский край, Выселковский район,  ст. Новомалороссийская, ул. Степная, д. 2"
УФИЦ № 1 ИК-14,"г. Славянск-на Кубани, ул. Донская 3 «а»"
УФИЦ № 3 ИК-2,"г.Элиста, Северная промышленная зона-2, д.172"
Исправительный центр № 1,"г. Волгоград, ул.им. Землячки, 14"
УФИЦ №2 ИК-4,"Краснодарский край, Успенский район, п. Мичуринский, ул. Садовая, 22"
УФИЦ №1 ИК-4,"г. Армавир, ул. Володарского 1а"
Исправительный центр № 2,"г. Волгоград, ул.им. Бахтурова, 6"
УФИЦ ИК-2,"Краснодарский край, Усть-Лабинский район, ст. Воронежская, ул. Крайняя 1"
УФИЦ №1 ИК-1,"г. Симферополь, пер. Элеваторный, 5"
УФИЦ № 2 ИК-14,"г. Краснодар, Восточная промышленная зона, ул. Тихорецкая, 20/1"
УФИЦ №4 ИК-14,"г. Краснодар, Западный обход, 2-ое отделение АФ «Солнечная», 7/4"
УФИЦ № 2 ИК-1,"Крым и Севастополь, пгт. Красногвардейское, ул. Строителей, д. 13"
СИЗО-2 Симферополь,"г. Симферополь, пер. Элеваторный, 4"
УФИЦ № 3 ИК-1,"Крым и Севастополь, Джанкойский район, с. Яркое, ул. Ленина, д. 12"
УФИЦ № 1 ИК-9,"г. Старая Русса, ул. Клубная д. 3"
УФИЦ № 2 ИК-9,"Новгородская область, п. Парфино, ул. Кирова д. 52/71"
Исправительный центр № 2,"г. Петрозаводск, ул.Жуковского, д.32 б"
УФИЦ ИК-25,"г. Сыктывкар, ул. 1-промышленная, д. 15"
УФИЦ №3 ИК-9,"Новгородская область, п. Крестцы ул. Краснова д. 2"
УФИЦ-2,"г. Петрозаводск, проезд Строителей, д.30 б"
Исправительный центр № 1,"г. Емва, ул. Калинина, д.55 а"
УФИЦ № 3 ИК-14,"Краснодарский край, Северский район,  пгт. Ильский, улица Завода Утяжелитель, 45"
УФИЦ № 1 ИК-2,"Калмыкия, Целинный район, с. Троицкое, Северная промзона"
УФИЦ № 2 ИК-2,"г. Элиста, ул. Ленина, д. 329"
Исправительный центр № 1,"г. Майкоп, ул. Кожевенная,11"
УФИЦ № 5 ИК-14,"Краснодарский край, Славянский район, пос. Вишневый, ул. Парковая д. 1"
УФИЦ ИК-6,"Краснодарский край, Выселковский район,  ст. Новомалороссийская, ул. Степная, д. 2"
УФИЦ № 1 ИК-14,"г. Славянск-на Кубани, ул. Донская 3 «а»"
УФИЦ № 3 ИК-2,"г.Элиста, Северная промышленная зона-2, д.172"
Исправительный центр № 1,"г. Волгоград, ул.им. Землячки, 14"
УФИЦ №2 ИК-4,"Краснодарский край, Успенский район, п. Мичуринский, ул. Садовая, 22"
УФИЦ №1 ИК-4,"г. Армавир, ул. Володарского 1а"
Исправительный центр № 2,"г. Волгоград, ул.им. Бахтурова, 6"
УФИЦ ИК-2,"Краснодарский край, Усть-Лабинский район, ст. Воронежская, ул. Крайняя 1"
УФИЦ №1 ИК-1,"г. Симферополь, пер. Элеваторный, 5"
УФИЦ № 2 ИК-14,"г. Краснодар, Восточная промышленная зона, ул. Тихорецкая, 20/1"
УФИЦ №4 ИК-14,"г. Краснодар, Западный обход, 2-ое отделение АФ «Солнечная», 7/4"
УФИЦ № 2 ИК-1,"Крым и Севастополь, пгт. Красногвардейское, ул. Строителей, д. 13"
СИЗО-2 Симферополь,"г. Симферополь, пер. Элеваторный, 4"
УФИЦ № 3 ИК-1,"Крым и Севастополь, Джанкойский район, с. Яркое, ул. Ленина, д. 12"
УФИЦ № 1 ИК-9,"г. Старая Русса, ул. Клубная д. 3"
УФИЦ № 2 ИК-9,"Новгородская область, п. Парфино, ул. Кирова д. 52/71"
Исправительный центр № 2,"г. Петрозаводск, ул.Жуковского, д.32 б"
УФИЦ ИК-25,"г. Сыктывкар, ул. 1-промышленная, д. 15"
УФИЦ №3 ИК-9,"Новгородская область, п. Крестцы ул. Краснова д. 2"
УФИЦ-2,"г. Петрозаводск, проезд Строителей, д.30 б"
Исправительный центр № 1,"г. Емва, ул. Калинина, д.55 а"
УФИЦ № 3 ИК-14,"Краснодарский край, Северский район,  пгт. Ильский, улица Завода Утяжелитель, 45"
УФИЦ № 1 ИК-2,"Калмыкия, Целинный район, с. Троицкое, Северная промзона"
УФИЦ № 2 ИК-2,"г. Элиста, ул. Ленина, д. 329"
Исправительный центр № 1,"г. Майкоп, ул. Кожевенная,11"
УФИЦ № 5 ИК-14,"Краснодарский край, Славянский район, пос. Вишневый, ул. Парковая д. 1"
УФИЦ ИК-6,"Краснодарский край, Выселковский район,  ст. Новомалороссийская, ул. Степная, д. 2"
УФИЦ № 1 ИК-14,"г. Славянск-на Кубани, ул. Донская 3 «а»"
УФИЦ № 3 ИК-2,"г.Элиста, Северная промышленная зона-2, д.172"
Исправительный центр № 1,"г. Волгоград, ул.им. Землячки, 14"
УФИЦ №2 ИК-4,"Краснодарский край, Успенский район, п. Мичуринский, ул. Садовая, 22"
УФИЦ №1 ИК-4,"г. Армавир, ул. Володарского 1а"
Исправительный центр № 2,"г. Волгоград, ул.им. Бахтурова, 6"
УФИЦ ИК-2,"Краснодарский край, Усть-Лабинский район, ст. Воронежская, ул. Крайняя 1"
УФИЦ №1 ИК-1,"г. Симферополь, пер. Элеваторный, 5"
УФИЦ № 2 ИК-14,"г. Краснодар, Восточная промышленная зона, ул. Тихорецкая, 20/1"
УФИЦ №4 ИК-14,"г. Краснодар, Западный обход, 2-ое отделение АФ «Солнечная», 7/4"
УФИЦ № 2 ИК-1,"Крым и Севастополь, пгт. Красногвардейское, ул. Строителей, д. 13"
СИЗО-2 Симферополь,"г. Симферополь, пер. Элеваторный, 4"
УФИЦ № 3 ИК-1,"Крым и Севастополь, Джанкойский район, с. Яркое, ул. Ленина, д. 12"
УФИЦ № 1 ИК-9,"г. Старая Русса, ул. Клубная д. 3"
УФИЦ № 2 ИК-9,"Новгородская область, п. Парфино, ул. Кирова д. 52/71"
Исправительный центр № 2,"г. Петрозаводск, ул.Жуковского, д.32 б"
УФИЦ ИК-25,"г. Сыктывкар, ул. 1-промышленная, д. 15"
УФИЦ №3 ИК-9,"Новгородская область, п. Крестцы ул. Краснова д. 2"
УФИЦ-2,"г. Петрозаводск, проезд Строителей, д.30 б"
Исправительный центр № 1,"г. Емва, ул. Калинина, д.55 а"
УФИЦ № 3 ИК-14,"Краснодарский край, Северский район,  пгт. Ильский, улица Завода Утяжелитель, 45"
УФИЦ № 1 ИК-2,"Калмыкия, Целинный район, с. Троицкое, Северная промзона"
УФИЦ № 2 ИК-2,"г. Элиста, ул. Ленина, д. 329"
Исправительный центр № 1,"г. Майкоп, ул. Кожевенная,11"
УФИЦ № 5 ИК-14,"Краснодарский край, Славянский район, пос. Вишневый, ул. Парковая д. 1"
УФИЦ ИК-6,"Краснодарский край, Выселковский район,  ст. Новомалороссийская, ул. Степная, д. 2"
УФИЦ № 1 ИК-14,"г. Славянск-на Кубани, ул. Донская 3 «а»"
УФИЦ № 3 ИК-2,"г.Элиста, Северная промышленная зона-2, д.172"
Исправительный центр № 1,"г. Волгоград, ул.им. Землячки, 14"
УФИЦ №2 ИК-4,"Краснодарский край, Успенский район, п. Мичуринский, ул. Садовая, 22"
УФИЦ №1 ИК-4,"г. Армавир, ул. Володарского 1а"
Исправительный центр № 2,"г. Волгоград, ул.им. Бахтурова, 6"
УФИЦ ИК-2,"Краснодарский край, Усть-Лабинский район, ст. Воронежская, ул. Крайняя 1"
УФИЦ №1 ИК-1,"г. Симферополь, пер. Элеваторный, 5"
УФИЦ № 2 ИК-14,"г. Краснодар, Восточная промышленная зона, ул. Тихорецкая, 20/1"
УФИЦ №4 ИК-14,"г. Краснодар, Западный обход, 2-ое отделение АФ «Солнечная», 7/4"
УФИЦ № 2 ИК-1,"Крым и Севастополь, пгт. Красногвардейское, ул. Строителей, д. 13"
СИЗО-2 Симферополь,"г. Симферополь, пер. Элеваторный, 4"
УФИЦ № 3 ИК-1,"Крым и Севастополь, Джанкойский район, с. Яркое, ул. Ленина, д. 12"
УФИЦ № 1 ИК-9,"г. Старая Русса, ул. Клубная д. 3"
УФИЦ № 2 ИК-9,"Новгородская область, п. Парфино, ул. Кирова д. 52/71"
Исправительный центр № 2,"г. Петрозаводск, ул.Жуковского, д.32 б"
УФИЦ ИК-25,"г. Сыктывкар, ул. 1-промышленная, д. 15"
УФИЦ №3 ИК-9,"Новгородская область, п. Крестцы ул. Краснова д. 2"
УФИЦ-2,"г. Петрозаводск, проезд Строителей, д.30 б"
Исправительный центр № 1,"г. Емва, ул. Калинина, д.55 а"
УФИЦ № 3 ИК-14,"Краснодарский край, Северский район,  пгт. Ильский, улица Завода Утяжелитель, 45"
УФИЦ № 1 ИК-2,"Калмыкия, Целинный район, с. Троицкое, Северная промзона"
УФИЦ № 2 ИК-2,"г. Элиста, ул. Ленина, д. 329"
Исправительный центр № 1,"г. Майкоп, ул. Кожевенная,11"
УФИЦ № 5 ИК-14,"Краснодарский край, Славянский район, пос. Вишневый, ул. Парковая д. 1"
УФИЦ ИК-6,"Краснодарский край, Выселковский район,  ст. Новомалороссийская, ул. Степная, д. 2"
УФИЦ № 1 ИК-14,"г. Славянск-на Кубани, ул. Донская 3 «а»"
УФИЦ № 3 ИК-2,"г.Элиста, Северная промышленная зона-2, д.172"
Исправительный центр № 1,"г. Волгоград, ул.им. Землячки, 14"
УФИЦ №2 ИК-4,"Краснодарский край, Успенский район, п. Мичуринский, ул. Садовая, 22"
УФИЦ №1 ИК-4,"г. Армавир, ул. Володарского 1а"
Исправительный центр № 2,"г. Волгоград, ул.им. Бахтурова, 6"
УФИЦ ИК-2,"Краснодарский край, Усть-Лабинский район, ст. Воронежская, ул. Крайняя 1"
УФИЦ №1 ИК-1,"г. Симферополь, пер. Элеваторный, 5"
УФИЦ № 2 ИК-14,"г. Краснодар, Восточная промышленная зона, ул. Тихорецкая, 20/1"
УФИЦ №4 ИК-14,"г. Краснодар, Западный обход, 2-ое отделение АФ «Солнечная», 7/4"
УФИЦ № 2 ИК-1,"Крым и Севастополь, пгт. Красногвардейское, ул. Строителей, д. 13"
СИЗО-2 Симферополь,"г. Симферополь, пер. Элеваторный, 4"
УФИЦ № 3 ИК-1,"Крым и Севастополь, Джанкойский район, с. Яркое, ул. Ленина, д. 12"
УФИЦ № 1 ИК-9,"г. Старая Русса, ул. Клубная д. 3"
УФИЦ № 2 ИК-9,"Новгородская область, п. Парфино, ул. Кирова д. 52/71"
Исправительный центр № 2,"г. Петрозаводск, ул.Жуковского, д.32 б"
УФИЦ ИК-25,"г. Сыктывкар, ул. 1-промышленная, д. 15"
УФИЦ №3 ИК-9,"Новгородская область, п. Крестцы ул. Краснова д. 2"
УФИЦ-2,"г. Петрозаводск, проезд Строителей, д.30 б"
Исправительный центр № 1,"г. Емва, ул. Калинина, д.55 а"
УФИЦ № 3 ИК-14,"Краснодарский край, Северский район,  пгт. Ильский, улица Завода Утяжелитель, 45"
УФИЦ № 1 ИК-2,"Калмыкия, Целинный район, с. Троицкое, Северная промзона"
УФИЦ № 2 ИК-2,"г. Элиста, ул. Ленина, д. 329"
Исправительный центр № 1,"г. Майкоп, ул. Кожевенная,11"
УФИЦ № 5 ИК-14,"Краснодарский край, Славянский район, пос. Вишневый, ул. Парковая д. 1"
УФИЦ ИК-6,"Краснодарский край, Выселковский район,  ст. Новомалороссийская, ул. Степная, д. 2"
УФИЦ № 1 ИК-14,"г. Славянск-на Кубани, ул. Донская 3 «а»"
УФИЦ № 3 ИК-2,"г.Элиста, Северная промышленная зона-2, д.172"
Исправительный центр № 1,"г. Волгоград, ул.им. Землячки, 14"
УФИЦ №2 ИК-4,"Краснодарский край, Успенский район, п. Мичуринский, ул. Садовая, 22"
УФИЦ №1 ИК-4,"г. Армавир, ул. Володарского 1а"
Исправительный центр № 2,"г. Волгоград, ул.им. Бахтурова, 6"
УФИЦ ИК-2,"Краснодарский край, Усть-Лабинский район, ст. Воронежская, ул. Крайняя 1"
УФИЦ №1 ИК-1,"г. Симферополь, пер. Элеваторный, 5"
УФИЦ № 2 ИК-14,"г. Краснодар, Восточная промышленная зона, ул. Тихорецкая, 20/1"
УФИЦ №4 ИК-14,"г. Краснодар, Западный обход, 2-ое отделение АФ «Солнечная», 7/4"
УФИЦ № 2 ИК-1,"Крым и Севастополь, пгт. Красногвардейское, ул. Строителей, д. 13"
СИЗО-2 Симферополь,"г. Симферополь, пер. Элеваторный, 4"
УФИЦ № 3 ИК-1,"Крым и Севастополь, Джанкойский район, с. Яркое, ул. Ленина, д. 12"
УФИЦ № 1 ИК-9,"г. Старая Русса, ул. Клубная д. 3"
УФИЦ № 2 ИК-9,"Новгородская область, п. Парфино, ул. Кирова д. 52/71"
Исправительный центр № 2,"г. Петрозаводск, ул.Жуковского, д.32 б"
УФИЦ ИК-25,"г. Сыктывкар, ул. 1-промышленная, д. 15"
УФИЦ №3 ИК-9,"Новгородская область, п. Крестцы ул. Краснова д. 2"
УФИЦ-2,"г. Петрозаводск, проезд Строителей, д.30 б"
Исправительный центр № 1,"г. Емва, ул. Калинина, д.55 а"
УФИЦ № 3 ИК-14,"Краснодарский край, Северский район,  пгт. Ильский, улица Завода Утяжелитель, 45"
УФИЦ № 1 ИК-2,"Калмыкия, Целинный район, с. Троицкое, Северная промзона"
УФИЦ № 2 ИК-2,"г. Элиста, ул. Ленина, д. 329"
Исправительный центр № 1,"г. Майкоп, ул. Кожевенная,11"
УФИЦ № 5 ИК-14,"Краснодарский край, Славянский район, пос. Вишневый, ул. Парковая д. 1"
УФИЦ ИК-6,"Краснодарский край, Выселковский район,  ст. Новомалороссийская, ул. Степная, д. 2"
УФИЦ № 1 ИК-14,"г. Славянск-на Кубани, ул. Донская 3 «а»"
УФИЦ № 3 ИК-2,"г.Элиста, Северная промышленная зона-2, д.172"
Исправительный центр № 1,"г. Волгоград, ул.им. Землячки, 14"
УФИЦ №2 ИК-4,"Краснодарский край, Успенский район, п. Мичуринский, ул. Садовая, 22"
УФИЦ №1 ИК-4,"г. Армавир, ул. Володарского 1а"
Исправительный центр № 2,"г. Волгоград, ул.им. Бахтурова, 6"
УФИЦ ИК-2,"Краснодарский край, Усть-Лабинский район, ст. Воронежская, ул. Крайняя 1"
УФИЦ №1 ИК-1,"г. Симферополь, пер. Элеваторный, 5"
УФИЦ № 2 ИК-14,"г. Краснодар, Восточная промышленная зона, ул. Тихорецкая, 20/1"
УФИЦ №4 ИК-14,"г. Краснодар, Западный обход, 2-ое отделение АФ «Солнечная», 7/4"
УФИЦ № 2 ИК-1,"Крым и Севастополь, пгт. Красногвардейское, ул. Строителей, д. 13"
СИЗО-2 Симферополь,"г. Симферополь, пер. Элеваторный, 4"
УФИЦ № 3 ИК-1,"Крым и Севастополь, Джанкойский район, с. Яркое, ул. Ленина, д. 12"
УФИЦ № 1 ИК-9,"г. Старая Русса, ул. Клубная д. 3"
УФИЦ № 2 ИК-9,"Новгородская область, п. Парфино, ул. Кирова д. 52/71"
Исправительный центр № 2,"г. Петрозаводск, ул.Жуковского, д.32 б"
УФИЦ ИК-25,"г. Сыктывкар, ул. 1-промышленная, д. 15"
УФИЦ №3 ИК-9,"Новгородская область, п. Крестцы ул. Краснова д. 2"
УФИЦ-2,"г. Петрозаводск, проезд Строителей, д.30 б"
Исправительный центр № 1,"г. Емва, ул. Калинина, д.55 а"
УФИЦ № 3 ИК-14,"Краснодарский край, Северский район,  пгт. Ильский, улица Завода Утяжелитель, 45"
УФИЦ № 1 ИК-2,"Калмыкия, Целинный район, с. Троицкое, Северная промзона"
УФИЦ № 2 ИК-2,"г. Элиста, ул. Ленина, д. 329"
Исправительный центр № 1,"г. Майкоп, ул. Кожевенная,11"
УФИЦ № 5 ИК-14,"Краснодарский край, Славянский район, пос. Вишневый, ул. Парковая д. 1"
УФИЦ ИК-6,"Краснодарский край, Выселковский район,  ст. Новомалороссийская, ул. Степная, д. 2"
УФИЦ № 1 ИК-14,"г. Славянск-на Кубани, ул. Донская 3 «а»"
УФИЦ № 3 ИК-2,"г.Элиста, Северная промышленная зона-2, д.172"
Исправительный центр № 1,"г. Волгоград, ул.им. Землячки, 14"
УФИЦ №2 ИК-4,"Краснодарский край, Успенский район, п. Мичуринский, ул. Садовая, 22"
УФИЦ №1 ИК-4,"г. Армавир, ул. Володарского 1а"
Исправительный центр № 2,"г. Волгоград, ул.им. Бахтурова, 6"
УФИЦ ИК-2,"Краснодарский край, Усть-Лабинский район, ст. Воронежская, ул. Крайняя 1"
УФИЦ №1 ИК-1,"г. Симферополь, пер. Элеваторный, 5"
УФИЦ № 2 ИК-14,"г. Краснодар, Восточная промышленная зона, ул. Тихорецкая, 20/1"
УФИЦ №4 ИК-14,"г. Краснодар, Западный обход, 2-ое отделение АФ «Солнечная», 7/4"
УФИЦ № 2 ИК-1,"Крым и Севастополь, пгт. Красногвардейское, ул. Строителей, д. 13"
СИЗО-2 Симферополь,"г. Симферополь, пер. Элеваторный, 4"
УФИЦ № 3 ИК-1,"Крым и Севастополь, Джанкойский район, с. Яркое, ул. Ленина, д. 12"
УФИЦ № 1 ИК-9,"г. Старая Русса, ул. Клубная д. 3"
УФИЦ № 2 ИК-9,"Новгородская область, п. Парфино, ул. Кирова д. 52/71"
Исправительный центр № 2,"г. Петрозаводск, ул.Жуковского, д.32 б"
УФИЦ ИК-25,"г. Сыктывкар, ул. 1-промышленная, д. 15"
УФИЦ №3 ИК-9,"Новгородская область, п. Крестцы ул. Краснова д. 2"
УФИЦ-2,"г. Петрозаводск, проезд Строителей, д.30 б"
Исправительный центр № 1,"г. Емва, ул. Калинина, д.55 а"
УФИЦ № 3 ИК-14,"Краснодарский край, Северский район,  пгт. Ильский, улица Завода Утяжелитель, 45"
УФИЦ № 1 ИК-2,"Калмыкия, Целинный район, с. Троицкое, Северная промзона"
УФИЦ № 2 ИК-2,"г. Элиста, ул. Ленина, д. 329"
Исправительный центр № 1,"г. Майкоп, ул. Кожевенная,11"
УФИЦ № 5 ИК-14,"Краснодарский край, Славянский район, пос. Вишневый, ул. Парковая д. 1"
УФИЦ ИК-6,"Краснодарский край, Выселковский район,  ст. Новомалороссийская, ул. Степная, д. 2"
УФИЦ № 1 ИК-14,"г. Славянск-на Кубани, ул. Донская 3 «а»"
УФИЦ № 3 ИК-2,"г.Элиста, Северная промышленная зона-2, д.172"
Исправительный центр № 1,"г. Волгоград, ул.им. Землячки, 14"
УФИЦ №2 ИК-4,"Краснодарский край, Успенский район, п. Мичуринский, ул. Садовая, 22"
УФИЦ №1 ИК-4,"г. Армавир, ул. Володарского 1а"
Исправительный центр № 2,"г. Волгоград, ул.им. Бахтурова, 6"
УФИЦ ИК-2,"Краснодарский край, Усть-Лабинский район, ст. Воронежская, ул. Крайняя 1"
УФИЦ №1 ИК-1,"г. Симферополь, пер. Элеваторный, 5"
УФИЦ № 2 ИК-14,"г. Краснодар, Восточная промышленная зона, ул. Тихорецкая, 20/1"
УФИЦ №4 ИК-14,"г. Краснодар, Западный обход, 2-ое отделение АФ «Солнечная», 7/4"
УФИЦ № 2 ИК-1,"Крым и Севастополь, пгт. Красногвардейское, ул. Строителей, д. 13"
СИЗО-2 Симферополь,"г. Симферополь, пер. Элеваторный, 4"
УФИЦ № 3 ИК-1,"Крым и Севастополь, Джанкойский район, с. Яркое, ул. Ленина, д. 12"
УФИЦ № 1 ИК-9,"г. Старая Русса, ул. Клубная д. 3"
УФИЦ № 2 ИК-9,"Новгородская область, п. Парфино, ул. Кирова д. 52/71"
Исправительный центр № 2,"г. Петрозаводск, ул.Жуковского, д.32 б"
УФИЦ ИК-25,"г. Сыктывкар, ул. 1-промышленная, д. 15"
УФИЦ №3 ИК-9,"Новгородская область, п. Крестцы ул. Краснова д. 2"
УФИЦ-2,"г. Петрозаводск, проезд Строителей, д.30 б"
Исправительный центр № 1,"г. Емва, ул. Калинина, д.55 а"
УФИЦ № 3 ИК-14,"Краснодарский край, Северский район,  пгт. Ильский, улица Завода Утяжелитель, 45"
УФИЦ № 1 ИК-2,"Калмыкия, Целинный район, с. Троицкое, Северная промзона"
УФИЦ № 2 ИК-2,"г. Элиста, ул. Ленина, д. 329"
Исправительный центр № 1,"г. Майкоп, ул. Кожевенная,11"
УФИЦ № 5 ИК-14,"Краснодарский край, Славянский район, пос. Вишневый, ул. Парковая д. 1"
УФИЦ ИК-6,"Краснодарский край, Выселковский район,  ст. Новомалороссийская, ул. Степная, д. 2"
УФИЦ № 1 ИК-14,"г. Славянск-на Кубани, ул. Донская 3 «а»"
УФИЦ № 3 ИК-2,"г.Элиста, Северная промышленная зона-2, д.172"
Исправительный центр № 1,"г. Волгоград, ул.им. Землячки, 14"
УФИЦ №2 ИК-4,"Краснодарский край, Успенский район, п. Мичуринский, ул. Садовая, 22"
УФИЦ №1 ИК-4,"г. Армавир, ул. Володарского 1а"
Исправительный центр № 2,"г. Волгоград, ул.им. Бахтурова, 6"
УФИЦ ИК-2,"Краснодарский край, Усть-Лабинский район, ст. Воронежская, ул. Крайняя 1"
УФИЦ №1 ИК-1,"г. Симферополь, пер. Элеваторный, 5"
УФИЦ № 2 ИК-14,"г. Краснодар, Восточная промышленная зона, ул. Тихорецкая, 20/1"
УФИЦ №4 ИК-14,"г. Краснодар, Западный обход, 2-ое отделение АФ «Солнечная», 7/4"
УФИЦ № 2 ИК-1,"Крым и Севастополь, пгт. Красногвардейское, ул. Строителей, д. 13"
СИЗО-2 Симферополь,"г. Симферополь, пер. Элеваторный, 4"
УФИЦ № 3 ИК-1,"Крым и Севастополь, Джанкойский район, с. Яркое, ул. Ленина, д. 12"
УФИЦ № 1 ИК-9,"г. Старая Русса, ул. Клубная д. 3"
УФИЦ № 2 ИК-9,"Новгородская область, п. Парфино, ул. Кирова д. 52/71"
Исправительный центр № 2,"г. Петрозаводск, ул.Жуковского, д.32 б"
УФИЦ ИК-25,"г. Сыктывкар, ул. 1-промышленная, д. 15"
УФИЦ №3 ИК-9,"Новгородская область, п. Крестцы ул. Краснова д. 2"
УФИЦ-2,"г. Петрозаводск, проезд Строителей, д.30 б"
Исправительный центр № 1,"г. Емва, ул. Калинина, д.55 а"
УФИЦ № 3 ИК-14,"Краснодарский край, Северский район,  пгт. Ильский, улица Завода Утяжелитель, 45"
УФИЦ № 1 ИК-2,"Калмыкия, Целинный район, с. Троицкое, Северная промзона"
УФИЦ № 2 ИК-2,"г. Элиста, ул. Ленина, д. 329"
Исправительный центр № 1,"г. Майкоп, ул. Кожевенная,11"
УФИЦ № 5 ИК-14,"Краснодарский край, Славянский район, пос. Вишневый, ул. Парковая д. 1"
УФИЦ ИК-6,"Краснодарский край, Выселковский район,  ст. Новомалороссийская, ул. Степная, д. 2"
УФИЦ № 1 ИК-14,"г. Славянск-на Кубани, ул. Донская 3 «а»"
УФИЦ № 3 ИК-2,"г.Элиста, Северная промышленная зона-2, д.172"
Исправительный центр № 1,"г. Волгоград, ул.им. Землячки, 14"
УФИЦ №2 ИК-4,"Краснодарский край, Успенский район, п. Мичуринский, ул. Садовая, 22"
УФИЦ №1 ИК-4,"г. Армавир, ул. Володарского 1а"
Исправительный центр № 2,"г. Волгоград, ул.им. Бахтурова, 6"
УФИЦ ИК-2,"Краснодарский край, Усть-Лабинский район, ст. Воронежская, ул. Крайняя 1"
УФИЦ №1 ИК-1,"г. Симферополь, пер. Элеваторный, 5"
УФИЦ № 2 ИК-14,"г. Краснодар, Восточная промышленная зона, ул. Тихорецкая, 20/1"
УФИЦ №4 ИК-14,"г. Краснодар, Западный обход, 2-ое отделение АФ «Солнечная», 7/4"
УФИЦ № 2 ИК-1,"Крым и Севастополь, пгт. Красногвардейское, ул. Строителей, д. 13"
СИЗО-2 Симферополь,"г. Симферополь, пер. Элеваторный, 4"
УФИЦ № 3 ИК-1,"Крым и Севастополь, Джанкойский район, с. Яркое, ул. Ленина, д. 12"
УФИЦ № 1 ИК-9,"г. Старая Русса, ул. Клубная д. 3"
УФИЦ № 2 ИК-9,"Новгородская область, п. Парфино, ул. Кирова д. 52/71"
Исправительный центр № 2,"г. Петрозаводск, ул.Жуковского, д.32 б"
УФИЦ ИК-25,"г. Сыктывкар, ул. 1-промышленная, д. 15"
УФИЦ №3 ИК-9,"Новгородская область, п. Крестцы ул. Краснова д. 2"
УФИЦ-2,"г. Петрозаводск, проезд Строителей, д.30 б"
Исправительный центр № 1,"г. Емва, ул. Калинина, д.55 а"
УФИЦ № 3 ИК-14,"Краснодарский край, Северский район,  пгт. Ильский, улица Завода Утяжелитель, 45"
УФИЦ № 1 ИК-2,"Калмыкия, Целинный район, с. Троицкое, Северная промзона"
УФИЦ № 2 ИК-2,"г. Элиста, ул. Ленина, д. 329"
Исправительный центр № 1,"г. Майкоп, ул. Кожевенная,11"
УФИЦ № 5 ИК-14,"Краснодарский край, Славянский район, пос. Вишневый, ул. Парковая д. 1"
УФИЦ ИК-6,"Краснодарский край, Выселковский район,  ст. Новомалороссийская, ул. Степная, д. 2"
УФИЦ № 1 ИК-14,"г. Славянск-на Кубани, ул. Донская 3 «а»"
УФИЦ № 3 ИК-2,"г.Элиста, Северная промышленная зона-2, д.172"
Исправительный центр № 1,"г. Волгоград, ул.им. Землячки, 14"
УФИЦ №2 ИК-4,"Краснодарский край, Успенский район, п. Мичуринский, ул. Садовая, 22"
УФИЦ №1 ИК-4,"г. Армавир, ул. Володарского 1а"
Исправительный центр № 2,"г. Волгоград, ул.им. Бахтурова, 6"
УФИЦ ИК-2,"Краснодарский край, Усть-Лабинский район, ст. Воронежская, ул. Крайняя 1"
УФИЦ №1 ИК-1,"г. Симферополь, пер. Элеваторный, 5"
УФИЦ № 2 ИК-14,"г. Краснодар, Восточная промышленная зона, ул. Тихорецкая, 20/1"
УФИЦ №4 ИК-14,"г. Краснодар, Западный обход, 2-ое отделение АФ «Солнечная», 7/4"
УФИЦ № 2 ИК-1,"Крым и Севастополь, пгт. Красногвардейское, ул. Строителей, д. 13"
СИЗО-2 Симферополь,"г. Симферополь, пер. Элеваторный, 4"
УФИЦ № 3 ИК-1,"Крым и Севастополь, Джанкойский район, с. Яркое, ул. Ленина, д. 12"
УФИЦ № 1 ИК-9,"г. Старая Русса, ул. Клубная д. 3"
УФИЦ № 2 ИК-9,"Новгородская область, п. Парфино, ул. Кирова д. 52/71"
Исправительный центр № 2,"г. Петрозаводск, ул.Жуковского, д.32 б"
УФИЦ ИК-25,"г. Сыктывкар, ул. 1-промышленная, д. 15"
УФИЦ №3 ИК-9,"Новгородская область, п. Крестцы ул. Краснова д. 2"
УФИЦ-2,"г. Петрозаводск, проезд Строителей, д.30 б"
Исправительный центр № 1,"г. Емва, ул. Калинина, д.55 а"
УФИЦ № 3 ИК-14,"Краснодарский край, Северский район,  пгт. Ильский, улица Завода Утяжелитель, 45"
УФИЦ № 1 ИК-2,"Калмыкия, Целинный район, с. Троицкое, Северная промзона"
УФИЦ № 2 ИК-2,"г. Элиста, ул. Ленина, д. 329"
Исправительный центр № 1,"г. Майкоп, ул. Кожевенная,11"
УФИЦ № 5 ИК-14,"Краснодарский край, Славянский район, пос. Вишневый, ул. Парковая д. 1"
УФИЦ ИК-6,"Краснодарский край, Выселковский район,  ст. Новомалороссийская, ул. Степная, д. 2"
УФИЦ № 1 ИК-14,"г. Славянск-на Кубани, ул. Донская 3 «а»"
УФИЦ № 3 ИК-2,"г.Элиста, Северная промышленная зона-2, д.172"
Исправительный центр № 1,"г. Волгоград, ул.им. Землячки, 14"
УФИЦ №2 ИК-4,"Краснодарский край, Успенский район, п. Мичуринский, ул. Садовая, 22"
УФИЦ №1 ИК-4,"г. Армавир, ул. Володарского 1а"
Исправительный центр № 2,"г. Волгоград, ул.им. Бахтурова, 6"
УФИЦ ИК-2,"Краснодарский край, Усть-Лабинский район, ст. Воронежская, ул. Крайняя 1"
УФИЦ №1 ИК-1,"г. Симферополь, пер. Элеваторный, 5"
УФИЦ № 2 ИК-14,"г. Краснодар, Восточная промышленная зона, ул. Тихорецкая, 20/1"
УФИЦ №4 ИК-14,"г. Краснодар, Западный обход, 2-ое отделение АФ «Солнечная», 7/4"
УФИЦ № 2 ИК-1,"Крым и Севастополь, пгт. Красногвардейское, ул. Строителей, д. 13"
СИЗО-2 Симферополь,"г. Симферополь, пер. Элеваторный, 4"
УФИЦ № 3 ИК-1,"Крым и Севастополь, Джанкойский район, с. Яркое, ул. Ленина, д. 12"
УФИЦ № 1 ИК-9,"г. Старая Русса, ул. Клубная д. 3"
УФИЦ № 2 ИК-9,"Новгородская область, п. Парфино, ул. Кирова д. 52/71"
Исправительный центр № 2,"г. Петрозаводск, ул.Жуковского, д.32 б"
УФИЦ ИК-25,"г. Сыктывкар, ул. 1-промышленная, д. 15"
УФИЦ №3 ИК-9,"Новгородская область, п. Крестцы ул. Краснова д. 2"
УФИЦ-2,"г. Петрозаводск, проезд Строителей, д.30 б"
Исправительный центр № 1,"г. Емва, ул. Калинина, д.55 а"
УФИЦ № 3 ИК-14,"Краснодарский край, Северский район,  пгт. Ильский, улица Завода Утяжелитель, 45"
УФИЦ № 1 ИК-2,"Калмыкия, Целинный район, с. Троицкое, Северная промзона"
УФИЦ № 2 ИК-2,"г. Элиста, ул. Ленина, д. 329"
Исправительный центр № 1,"г. Майкоп, ул. Кожевенная,11"
УФИЦ № 5 ИК-14,"Краснодарский край, Славянский район, пос. Вишневый, ул. Парковая д. 1"
УФИЦ ИК-6,"Краснодарский край, Выселковский район,  ст. Новомалороссийская, ул. Степная, д. 2"
УФИЦ № 1 ИК-14,"г. Славянск-на Кубани, ул. Донская 3 «а»"
УФИЦ № 3 ИК-2,"г.Элиста, Северная промышленная зона-2, д.172"
Исправительный центр № 1,"г. Волгоград, ул.им. Землячки, 14"
УФИЦ №2 ИК-4,"Краснодарский край, Успенский район, п. Мичуринский, ул. Садовая, 22"
УФИЦ №1 ИК-4,"г. Армавир, ул. Володарского 1а"
Исправительный центр № 2,"г. Волгоград, ул.им. Бахтурова, 6"
УФИЦ ИК-2,"Краснодарский край, Усть-Лабинский район, ст. Воронежская, ул. Крайняя 1"
УФИЦ №1 ИК-1,"г. Симферополь, пер. Элеваторный, 5"
УФИЦ № 2 ИК-14,"г. Краснодар, Восточная промышленная зона, ул. Тихорецкая, 20/1"
УФИЦ №4 ИК-14,"г. Краснодар, Западный обход, 2-ое отделение АФ «Солнечная», 7/4"
УФИЦ № 2 ИК-1,"Крым и Севастополь, пгт. Красногвардейское, ул. Строителей, д. 13"
СИЗО-2 Симферополь,"г. Симферополь, пер. Элеваторный, 4"
УФИЦ № 3 ИК-1,"Крым и Севастополь, Джанкойский район, с. Яркое, ул. Ленина, д. 12"
УФИЦ № 1 ИК-9,"г. Старая Русса, ул. Клубная д. 3"
УФИЦ № 2 ИК-9,"Новгородская область, п. Парфино, ул. Кирова д. 52/71"
Исправительный центр № 2,"г. Петрозаводск, ул.Жуковского, д.32 б"
УФИЦ ИК-25,"г. Сыктывкар, ул. 1-промышленная, д. 15"
УФИЦ №3 ИК-9,"Новгородская область, п. Крестцы ул. Краснова д. 2"
УФИЦ-2,"г. Петрозаводск, проезд Строителей, д.30 б"
Исправительный центр № 1,"г. Емва, ул. Калинина, д.55 а"
УФИЦ № 3 ИК-14,"Краснодарский край, Северский район,  пгт. Ильский, улица Завода Утяжелитель, 45"
УФИЦ № 1 ИК-2,"Калмыкия, Целинный район, с. Троицкое, Северная промзона"
УФИЦ № 2 ИК-2,"г. Элиста, ул. Ленина, д. 329"
Исправительный центр № 1,"г. Майкоп, ул. Кожевенная,11"
УФИЦ № 5 ИК-14,"Краснодарский край, Славянский район, пос. Вишневый, ул. Парковая д. 1"
УФИЦ ИК-6,"Краснодарский край, Выселковский район,  ст. Новомалороссийская, ул. Степная, д. 2"
УФИЦ № 1 ИК-14,"г. Славянск-на Кубани, ул. Донская 3 «а»"
УФИЦ № 3 ИК-2,"г.Элиста, Северная промышленная зона-2, д.172"
Исправительный центр № 1,"г. Волгоград, ул.им. Землячки, 14"
УФИЦ №2 ИК-4,"Краснодарский край, Успенский район, п. Мичуринский, ул. Садовая, 22"
УФИЦ №1 ИК-4,"г. Армавир, ул. Володарского 1а"
Исправительный центр № 2,"г. Волгоград, ул.им. Бахтурова, 6"
УФИЦ ИК-2,"Краснодарский край, Усть-Лабинский район, ст. Воронежская, ул. Крайняя 1"
УФИЦ №1 ИК-1,"г. Симферополь, пер. Элеваторный, 5"
УФИЦ № 2 ИК-14,"г. Краснодар, Восточная промышленная зона, ул. Тихорецкая, 20/1"
УФИЦ №4 ИК-14,"г. Краснодар, Западный обход, 2-ое отделение АФ «Солнечная», 7/4"
УФИЦ № 2 ИК-1,"Крым и Севастополь, пгт. Красногвардейское, ул. Строителей, д. 13"
СИЗО-2 Симферополь,"г. Симферополь, пер. Элеваторный, 4"
УФИЦ № 3 ИК-1,"Крым и Севастополь, Джанкойский район, с. Яркое, ул. Ленина, д. 12"
УФИЦ № 1 ИК-9,"г. Старая Русса, ул. Клубная д. 3"
УФИЦ № 2 ИК-9,"Новгородская область, п. Парфино, ул. Кирова д. 52/71"
Исправительный центр № 2,"г. Петрозаводск, ул.Жуковского, д.32 б"
УФИЦ ИК-25,"г. Сыктывкар, ул. 1-промышленная, д. 15"
УФИЦ №3 ИК-9,"Новгородская область, п. Крестцы ул. Краснова д. 2"
УФИЦ-2,"г. Петрозаводск, проезд Строителей, д.30 б"
Исправительный центр № 1,"г. Емва, ул. Калинина, д.55 а"
УФИЦ № 3 ИК-14,"Краснодарский край, Северский район,  пгт. Ильский, улица Завода Утяжелитель, 45"
УФИЦ № 1 ИК-2,"Калмыкия, Целинный район, с. Троицкое, Северная промзона"
УФИЦ № 2 ИК-2,"г. Элиста, ул. Ленина, д. 329"
Исправительный центр № 1,"г. Майкоп, ул. Кожевенная,11"
УФИЦ № 5 ИК-14,"Краснодарский край, Славянский район, пос. Вишневый, ул. Парковая д. 1"
УФИЦ ИК-6,"Краснодарский край, Выселковский район,  ст. Новомалороссийская, ул. Степная, д. 2"
УФИЦ № 1 ИК-14,"г. Славянск-на Кубани, ул. Донская 3 «а»"
УФИЦ № 3 ИК-2,"г.Элиста, Северная промышленная зона-2, д.172"
Исправительный центр № 1,"г. Волгоград, ул.им. Землячки, 14"
УФИЦ №2 ИК-4,"Краснодарский край, Успенский район, п. Мичуринский, ул. Садовая, 22"
УФИЦ №1 ИК-4,"г. Армавир, ул. Володарского 1а"
Исправительный центр № 2,"г. Волгоград, ул.им. Бахтурова, 6"
УФИЦ ИК-2,"Краснодарский край, Усть-Лабинский район, ст. Воронежская, ул. Крайняя 1"
УФИЦ №1 ИК-1,"г. Симферополь, пер. Элеваторный, 5"
УФИЦ № 2 ИК-14,"г. Краснодар, Восточная промышленная зона, ул. Тихорецкая, 20/1"
УФИЦ №4 ИК-14,"г. Краснодар, Западный обход, 2-ое отделение АФ «Солнечная», 7/4"
УФИЦ № 2 ИК-1,"Крым и Севастополь, пгт. Красногвардейское, ул. Строителей, д. 13"
СИЗО-2 Симферополь,"г. Симферополь, пер. Элеваторный, 4"
УФИЦ № 3 ИК-1,"Крым и Севастополь, Джанкойский район, с. Яркое, ул. Ленина, д. 12"
УФИЦ № 1 ИК-9,"г. Старая Русса, ул. Клубная д. 3"
УФИЦ № 2 ИК-9,"Новгородская область, п. Парфино, ул. Кирова д. 52/71"
Исправительный центр № 2,"г. Петрозаводск, ул.Жуковского, д.32 б"
УФИЦ ИК-25,"г. Сыктывкар, ул. 1-промышленная, д. 15"
УФИЦ №3 ИК-9,"Новгородская область, п. Крестцы ул. Краснова д. 2"
УФИЦ-2,"г. Петрозаводск, проезд Строителей, д.30 б"
Исправительный центр № 1,"г. Емва, ул. Калинина, д.55 а"
УФИЦ № 3 ИК-14,"Краснодарский край, Северский район,  пгт. Ильский, улица Завода Утяжелитель, 45"
УФИЦ № 1 ИК-2,"Калмыкия, Целинный район, с. Троицкое, Северная промзона"
УФИЦ № 2 ИК-2,"г. Элиста, ул. Ленина, д. 329"
Исправительный центр № 1,"г. Майкоп, ул. Кожевенная,11"
УФИЦ № 5 ИК-14,"Краснодарский край, Славянский район, пос. Вишневый, ул. Парковая д. 1"
УФИЦ ИК-6,"Краснодарский край, Выселковский район,  ст. Новомалороссийская, ул. Степная, д. 2"
УФИЦ № 1 ИК-14,"г. Славянск-на Кубани, ул. Донская 3 «а»"
УФИЦ № 3 ИК-2,"г.Элиста, Северная промышленная зона-2, д.172"
Исправительный центр № 1,"г. Волгоград, ул.им. Землячки, 14"
УФИЦ №2 ИК-4,"Краснодарский край, Успенский район, п. Мичуринский, ул. Садовая, 22"
УФИЦ №1 ИК-4,"г. Армавир, ул. Володарского 1а"
Исправительный центр № 2,"г. Волгоград, ул.им. Бахтурова, 6"
УФИЦ ИК-2,"Краснодарский край, Усть-Лабинский район, ст. Воронежская, ул. Крайняя 1"
УФИЦ №1 ИК-1,"г. Симферополь, пер. Элеваторный, 5"
УФИЦ № 2 ИК-14,"г. Краснодар, Восточная промышленная зона, ул. Тихорецкая, 20/1"
УФИЦ №4 ИК-14,"г. Краснодар, Западный обход, 2-ое отделение АФ «Солнечная», 7/4"
УФИЦ № 2 ИК-1,"Крым и Севастополь, пгт. Красногвардейское, ул. Строителей, д. 13"
СИЗО-2 Симферополь,"г. Симферополь, пер. Элеваторный, 4"
УФИЦ № 3 ИК-1,"Крым и Севастополь, Джанкойский район, с. Яркое, ул. Ленина, д. 12"
УФИЦ № 1 ИК-9,"г. Старая Русса, ул. Клубная д. 3"
УФИЦ № 2 ИК-9,"Новгородская область, п. Парфино, ул. Кирова д. 52/71"
Исправительный центр № 2,"г. Петрозаводск, ул.Жуковского, д.32 б"
УФИЦ ИК-25,"г. Сыктывкар, ул. 1-промышленная, д. 15"
УФИЦ №3 ИК-9,"Новгородская область, п. Крестцы ул. Краснова д. 2"
УФИЦ-2,"г. Петрозаводск, проезд Строителей, д.30 б"
Исправительный центр № 1,"г. Емва, ул. Калинина, д.55 а"
УФИЦ № 3 ИК-14,"Краснодарский край, Северский район,  пгт. Ильский, улица Завода Утяжелитель, 45"
УФИЦ № 1 ИК-2,"Калмыкия, Целинный район, с. Троицкое, Северная промзона"
УФИЦ № 2 ИК-2,"г. Элиста, ул. Ленина, д. 329"
Исправительный центр № 1,"г. Майкоп, ул. Кожевенная,11"
УФИЦ № 5 ИК-14,"Краснодарский край, Славянский район, пос. Вишневый, ул. Парковая д. 1"
УФИЦ ИК-6,"Краснодарский край, Выселковский район,  ст. Новомалороссийская, ул. Степная, д. 2"
УФИЦ № 1 ИК-14,"г. Славянск-на Кубани, ул. Донская 3 «а»"
УФИЦ № 3 ИК-2,"г.Элиста, Северная промышленная зона-2, д.172"
Исправительный центр № 1,"г. Волгоград, ул.им. Землячки, 14"
УФИЦ №2 ИК-4,"Краснодарский край, Успенский район, п. Мичуринский, ул. Садовая, 22"
УФИЦ №1 ИК-4,"г. Армавир, ул. Володарского 1а"
Исправительный центр № 2,"г. Волгоград, ул.им. Бахтурова, 6"
УФИЦ ИК-2,"Краснодарский край, Усть-Лабинский район, ст. Воронежская, ул. Крайняя 1"
УФИЦ №1 ИК-1,"г. Симферополь, пер. Элеваторный, 5"
УФИЦ № 2 ИК-14,"г. Краснодар, Восточная промышленная зона, ул. Тихорецкая, 20/1"
УФИЦ №4 ИК-14,"г. Краснодар, Западный обход, 2-ое отделение АФ «Солнечная», 7/4"
УФИЦ № 2 ИК-1,"Крым и Севастополь, пгт. Красногвардейское, ул. Строителей, д. 13"
СИЗО-2 Симферополь,"г. Симферополь, пер. Элеваторный, 4"
УФИЦ № 3 ИК-1,"Крым и Севастополь, Джанкойский район, с. Яркое, ул. Ленина, д. 12"
УФИЦ № 1 ИК-9,"г. Старая Русса, ул. Клубная д. 3"
УФИЦ № 2 ИК-9,"Новгородская область, п. Парфино, ул. Кирова д. 52/71"
Исправительный центр № 2,"г. Петрозаводск, ул.Жуковского, д.32 б"
УФИЦ ИК-25,"г. Сыктывкар, ул. 1-промышленная, д. 15"
УФИЦ №3 ИК-9,"Новгородская область, п. Крестцы ул. Краснова д. 2"
УФИЦ-2,"г. Петрозаводск, проезд Строителей, д.30 б"
Исправительный центр № 1,"г. Емва, ул. Калинина, д.55 а"
УФИЦ № 3 ИК-14,"Краснодарский край, Северский район,  пгт. Ильский, улица Завода Утяжелитель, 45"
УФИЦ № 1 ИК-2,"Калмыкия, Целинный район, с. Троицкое, Северная промзона"
УФИЦ № 2 ИК-2,"г. Элиста, ул. Ленина, д. 329"
Исправительный центр № 1,"г. Майкоп, ул. Кожевенная,11"
УФИЦ № 5 ИК-14,"Краснодарский край, Славянский район, пос. Вишневый, ул. Парковая д. 1"
УФИЦ ИК-6,"Краснодарский край, Выселковский район,  ст. Новомалороссийская, ул. Степная, д. 2"
УФИЦ № 1 ИК-14,"г. Славянск-на Кубани, ул. Донская 3 «а»"
УФИЦ № 3 ИК-2,"г.Элиста, Северная промышленная зона-2, д.172"
Исправительный центр № 1,"г. Волгоград, ул.им. Землячки, 14"
УФИЦ №2 ИК-4,"Краснодарский край, Успенский район, п. Мичуринский, ул. Садовая, 22"
УФИЦ №1 ИК-4,"г. Армавир, ул. Володарского 1а"
Исправительный центр № 2,"г. Волгоград, ул.им. Бахтурова, 6"
УФИЦ ИК-2,"Краснодарский край, Усть-Лабинский район, ст. Воронежская, ул. Крайняя 1"
УФИЦ №1 ИК-1,"г. Симферополь, пер. Элеваторный, 5"
УФИЦ № 2 ИК-14,"г. Краснодар, Восточная промышленная зона, ул. Тихорецкая, 20/1"
УФИЦ №4 ИК-14,"г. Краснодар, Западный обход, 2-ое отделение АФ «Солнечная», 7/4"
УФИЦ № 2 ИК-1,"Крым и Севастополь, пгт. Красногвардейское, ул. Строителей, д. 13"
СИЗО-2 Симферополь,"г. Симферополь, пер. Элеваторный, 4"
УФИЦ № 3 ИК-1,"Крым и Севастополь, Джанкойский район, с. Яркое, ул. Ленина, д. 12"
УФИЦ № 1 ИК-9,"г. Старая Русса, ул. Клубная д. 3"
УФИЦ № 2 ИК-9,"Новгородская область, п. Парфино, ул. Кирова д. 52/71"
Исправительный центр № 2,"г. Петрозаводск, ул.Жуковского, д.32 б"
УФИЦ ИК-25,"г. Сыктывкар, ул. 1-промышленная, д. 15"
УФИЦ №3 ИК-9,"Новгородская область, п. Крестцы ул. Краснова д. 2"
УФИЦ-2,"г. Петрозаводск, проезд Строителей, д.30 б"
Исправительный центр № 1,"г. Емва, ул. Калинина, д.55 а"
УФИЦ № 3 ИК-14,"Краснодарский край, Северский район,  пгт. Ильский, улица Завода Утяжелитель, 45"
УФИЦ № 1 ИК-2,"Калмыкия, Целинный район, с. Троицкое, Северная промзона"
УФИЦ № 2 ИК-2,"г. Элиста, ул. Ленина, д. 329"
Исправительный центр № 1,"г. Майкоп, ул. Кожевенная,11"
УФИЦ № 5 ИК-14,"Краснодарский край, Славянский район, пос. Вишневый, ул. Парковая д. 1"
УФИЦ ИК-6,"Краснодарский край, Выселковский район,  ст. Новомалороссийская, ул. Степная, д. 2"
УФИЦ № 1 ИК-14,"г. Славянск-на Кубани, ул. Донская 3 «а»"
УФИЦ № 3 ИК-2,"г.Элиста, Северная промышленная зона-2, д.172"
Исправительный центр № 1,"г. Волгоград, ул.им. Землячки, 14"
УФИЦ №2 ИК-4,"Краснодарский край, Успенский район, п. Мичуринский, ул. Садовая, 22"
УФИЦ №1 ИК-4,"г. Армавир, ул. Володарского 1а"
Исправительный центр № 2,"г. Волгоград, ул.им. Бахтурова, 6"
УФИЦ ИК-2,"Краснодарский край, Усть-Лабинский район, ст. Воронежская, ул. Крайняя 1"
УФИЦ №1 ИК-1,"г. Симферополь, пер. Элеваторный, 5"
УФИЦ № 2 ИК-14,"г. Краснодар, Восточная промышленная зона, ул. Тихорецкая, 20/1"
УФИЦ №4 ИК-14,"г. Краснодар, Западный обход, 2-ое отделение АФ «Солнечная», 7/4"
УФИЦ № 2 ИК-1,"Крым и Севастополь, пгт. Красногвардейское, ул. Строителей, д. 13"
СИЗО-2 Симферополь,"г. Симферополь, пер. Элеваторный, 4"
УФИЦ № 3 ИК-1,"Крым и Севастополь, Джанкойский район, с. Яркое, ул. Ленина, д. 12"
УФИЦ № 1 ИК-9,"г. Старая Русса, ул. Клубная д. 3"
УФИЦ № 2 ИК-9,"Новгородская область, п. Парфино, ул. Кирова д. 52/71"
Исправительный центр № 2,"г. Петрозаводск, ул.Жуковского, д.32 б"
УФИЦ ИК-25,"г. Сыктывкар, ул. 1-промышленная, д. 15"
УФИЦ №3 ИК-9,"Новгородская область, п. Крестцы ул. Краснова д. 2"
УФИЦ-2,"г. Петрозаводск, проезд Строителей, д.30 б"
Исправительный центр № 1,"г. Емва, ул. Калинина, д.55 а"
УФИЦ № 3 ИК-14,"Краснодарский край, Северский район,  пгт. Ильский, улица Завода Утяжелитель, 45"
УФИЦ № 1 ИК-2,"Калмыкия, Целинный район, с. Троицкое, Северная промзона"
УФИЦ № 2 ИК-2,"г. Элиста, ул. Ленина, д. 329"
Исправительный центр № 1,"г. Майкоп, ул. Кожевенная,11"
УФИЦ № 5 ИК-14,"Краснодарский край, Славянский район, пос. Вишневый, ул. Парковая д. 1"
УФИЦ ИК-6,"Краснодарский край, Выселковский район,  ст. Новомалороссийская, ул. Степная, д. 2"
УФИЦ № 1 ИК-14,"г. Славянск-на Кубани, ул. Донская 3 «а»"
УФИЦ № 3 ИК-2,"г.Элиста, Северная промышленная зона-2, д.172"
Исправительный центр № 1,"г. Волгоград, ул.им. Землячки, 14"
УФИЦ №2 ИК-4,"Краснодарский край, Успенский район, п. Мичуринский, ул. Садовая, 22"
УФИЦ №1 ИК-4,"г. Армавир, ул. Володарского 1а"
Исправительный центр № 2,"г. Волгоград, ул.им. Бахтурова, 6"
УФИЦ ИК-2,"Краснодарский край, Усть-Лабинский район, ст. Воронежская, ул. Крайняя 1"
УФИЦ №1 ИК-1,"г. Симферополь, пер. Элеваторный, 5"
УФИЦ № 2 ИК-14,"г. Краснодар, Восточная промышленная зона, ул. Тихорецкая, 20/1"
УФИЦ №4 ИК-14,"г. Краснодар, Западный обход, 2-ое отделение АФ «Солнечная», 7/4"
УФИЦ № 2 ИК-1,"Крым и Севастополь, пгт. Красногвардейское, ул. Строителей, д. 13"
СИЗО-2 Симферополь,"г. Симферополь, пер. Элеваторный, 4"
УФИЦ № 3 ИК-1,"Крым и Севастополь, Джанкойский район, с. Яркое, ул. Ленина, д. 12"
УФИЦ № 1 ИК-9,"г. Старая Русса, ул. Клубная д. 3"
УФИЦ № 2 ИК-9,"Новгородская область, п. Парфино, ул. Кирова д. 52/71"
Исправительный центр № 2,"г. Петрозаводск, ул.Жуковского, д.32 б"
УФИЦ ИК-25,"г. Сыктывкар, ул. 1-промышленная, д. 15"
УФИЦ №3 ИК-9,"Новгородская область, п. Крестцы ул. Краснова д. 2"
УФИЦ-2,"г. Петрозаводск, проезд Строителей, д.30 б"
Исправительный центр № 1,"г. Емва, ул. Калинина, д.55 а"
УФИЦ № 3 ИК-14,"Краснодарский край, Северский район,  пгт. Ильский, улица Завода Утяжелитель, 45"
УФИЦ № 1 ИК-2,"Калмыкия, Целинный район, с. Троицкое, Северная промзона"
УФИЦ № 2 ИК-2,"г. Элиста, ул. Ленина, д. 329"
Исправительный центр № 1,"г. Майкоп, ул. Кожевенная,11"
УФИЦ № 5 ИК-14,"Краснодарский край, Славянский район, пос. Вишневый, ул. Парковая д. 1"
УФИЦ ИК-6,"Краснодарский край, Выселковский район,  ст. Новомалороссийская, ул. Степная, д. 2"
УФИЦ № 1 ИК-14,"г. Славянск-на Кубани, ул. Донская 3 «а»"
УФИЦ № 3 ИК-2,"г.Элиста, Северная промышленная зона-2, д.172"
Исправительный центр № 1,"г. Волгоград, ул.им. Землячки, 14"
УФИЦ №2 ИК-4,"Краснодарский край, Успенский район, п. Мичуринский, ул. Садовая, 22"
УФИЦ №1 ИК-4,"г. Армавир, ул. Володарского 1а"
Исправительный центр № 2,"г. Волгоград, ул.им. Бахтурова, 6"
УФИЦ ИК-2,"Краснодарский край, Усть-Лабинский район, ст. Воронежская, ул. Крайняя 1"
УФИЦ №1 ИК-1,"г. Симферополь, пер. Элеваторный, 5"
УФИЦ № 2 ИК-14,"г. Краснодар, Восточная промышленная зона, ул. Тихорецкая, 20/1"
УФИЦ №4 ИК-14,"г. Краснодар, Западный обход, 2-ое отделение АФ «Солнечная», 7/4"
УФИЦ № 2 ИК-1,"Крым и Севастополь, пгт. Красногвардейское, ул. Строителей, д. 13"
СИЗО-2 Симферополь,"г. Симферополь, пер. Элеваторный, 4"
УФИЦ № 3 ИК-1,"Крым и Севастополь, Джанкойский район, с. Яркое, ул. Ленина, д. 12"
УФИЦ № 1 ИК-9,"г. Старая Русса, ул. Клубная д. 3"
УФИЦ № 2 ИК-9,"Новгородская область, п. Парфино, ул. Кирова д. 52/71"
Исправительный центр № 2,"г. Петрозаводск, ул.Жуковского, д.32 б"
УФИЦ ИК-25,"г. Сыктывкар, ул. 1-промышленная, д. 15"
УФИЦ №3 ИК-9,"Новгородская область, п. Крестцы ул. Краснова д. 2"
УФИЦ-2,"г. Петрозаводск, проезд Строителей, д.30 б"
Исправительный центр № 1,"г. Емва, ул. Калинина, д.55 а"
УФИЦ № 3 ИК-14,"Краснодарский край, Северский район,  пгт. Ильский, улица Завода Утяжелитель, 45"
УФИЦ № 1 ИК-2,"Калмыкия, Целинный район, с. Троицкое, Северная промзона"
УФИЦ № 2 ИК-2,"г. Элиста, ул. Ленина, д. 329"
Исправительный центр № 1,"г. Майкоп, ул. Кожевенная,11"
УФИЦ № 5 ИК-14,"Краснодарский край, Славянский район, пос. Вишневый, ул. Парковая д. 1"
УФИЦ ИК-6,"Краснодарский край, Выселковский район,  ст. Новомалороссийская, ул. Степная, д. 2"
УФИЦ № 1 ИК-14,"г. Славянск-на Кубани, ул. Донская 3 «а»"
УФИЦ № 3 ИК-2,"г.Элиста, Северная промышленная зона-2, д.172"
Исправительный центр № 1,"г. Волгоград, ул.им. Землячки, 14"
УФИЦ №2 ИК-4,"Краснодарский край, Успенский район, п. Мичуринский, ул. Садовая, 22"
УФИЦ №1 ИК-4,"г. Армавир, ул. Володарского 1а"
Исправительный центр № 2,"г. Волгоград, ул.им. Бахтурова, 6"
УФИЦ ИК-2,"Краснодарский край, Усть-Лабинский район, ст. Воронежская, ул. Крайняя 1"
УФИЦ №1 ИК-1,"г. Симферополь, пер. Элеваторный, 5"
УФИЦ № 2 ИК-14,"г. Краснодар, Восточная промышленная зона, ул. Тихорецкая, 20/1"
УФИЦ №4 ИК-14,"г. Краснодар, Западный обход, 2-ое отделение АФ «Солнечная», 7/4"
УФИЦ № 2 ИК-1,"Крым и Севастополь, пгт. Красногвардейское, ул. Строителей, д. 13"
СИЗО-2 Симферополь,"г. Симферополь, пер. Элеваторный, 4"
УФИЦ № 3 ИК-1,"Крым и Севастополь, Джанкойский район, с. Яркое, ул. Ленина, д. 12"
УФИЦ № 1 ИК-9,"г. Старая Русса, ул. Клубная д. 3"
УФИЦ № 2 ИК-9,"Новгородская область, п. Парфино, ул. Кирова д. 52/71"
Исправительный центр № 2,"г. Петрозаводск, ул.Жуковского, д.32 б"
УФИЦ ИК-25,"г. Сыктывкар, ул. 1-промышленная, д. 15"
УФИЦ №3 ИК-9,"Новгородская область, п. Крестцы ул. Краснова д. 2"
УФИЦ-2,"г. Петрозаводск, проезд Строителей, д.30 б"
Исправительный центр № 1,"г. Емва, ул. Калинина, д.55 а"
УФИЦ № 3 ИК-14,"Краснодарский край, Северский район,  пгт. Ильский, улица Завода Утяжелитель, 45"
УФИЦ № 1 ИК-2,"Калмыкия, Целинный район, с. Троицкое, Северная промзона"
УФИЦ № 2 ИК-2,"г. Элиста, ул. Ленина, д. 329"
Исправительный центр № 1,"г. Майкоп, ул. Кожевенная,11"
УФИЦ № 5 ИК-14,"Краснодарский край, Славянский район, пос. Вишневый, ул. Парковая д. 1"
УФИЦ ИК-6,"Краснодарский край, Выселковский район,  ст. Новомалороссийская, ул. Степная, д. 2"
УФИЦ № 1 ИК-14,"г. Славянск-на Кубани, ул. Донская 3 «а»"
УФИЦ № 3 ИК-2,"г.Элиста, Северная промышленная зона-2, д.172"
Исправительный центр № 1,"г. Волгоград, ул.им. Землячки, 14"
УФИЦ №2 ИК-4,"Краснодарский край, Успенский район, п. Мичуринский, ул. Садовая, 22"
УФИЦ №1 ИК-4,"г. Армавир, ул. Володарского 1а"
Исправительный центр № 2,"г. Волгоград, ул.им. Бахтурова, 6"
УФИЦ ИК-2,"Краснодарский край, Усть-Лабинский район, ст. Воронежская, ул. Крайняя 1"
УФИЦ №1 ИК-1,"г. Симферополь, пер. Элеваторный, 5"
УФИЦ № 2 ИК-14,"г. Краснодар, Восточная промышленная зона, ул. Тихорецкая, 20/1"
УФИЦ №4 ИК-14,"г. Краснодар, Западный обход, 2-ое отделение АФ «Солнечная», 7/4"
УФИЦ № 2 ИК-1,"Крым и Севастополь, пгт. Красногвардейское, ул. Строителей, д. 13"
СИЗО-2 Симферополь,"г. Симферополь, пер. Элеваторный, 4"
УФИЦ № 3 ИК-1,"Крым и Севастополь, Джанкойский район, с. Яркое, ул. Ленина, д. 12"
УФИЦ № 1 ИК-9,"г. Старая Русса, ул. Клубная д. 3"
УФИЦ № 2 ИК-9,"Новгородская область, п. Парфино, ул. Кирова д. 52/71"
Исправительный центр № 2,"г. Петрозаводск, ул.Жуковского, д.32 б"
УФИЦ ИК-25,"г. Сыктывкар, ул. 1-промышленная, д. 15"
УФИЦ №3 ИК-9,"Новгородская область, п. Крестцы ул. Краснова д. 2"
УФИЦ-2,"г. Петрозаводск, проезд Строителей, д.30 б"
Исправительный центр № 1,"г. Емва, ул. Калинина, д.55 а"
УФИЦ № 3 ИК-14,"Краснодарский край, Северский район,  пгт. Ильский, улица Завода Утяжелитель, 45"
УФИЦ № 1 ИК-2,"Калмыкия, Целинный район, с. Троицкое, Северная промзона"
УФИЦ № 2 ИК-2,"г. Элиста, ул. Ленина, д. 329"
Исправительный центр № 1,"г. Майкоп, ул. Кожевенная,11"
УФИЦ № 5 ИК-14,"Краснодарский край, Славянский район, пос. Вишневый, ул. Парковая д. 1"
УФИЦ ИК-6,"Краснодарский край, Выселковский район,  ст. Новомалороссийская, ул. Степная, д. 2"
УФИЦ № 1 ИК-14,"г. Славянск-на Кубани, ул. Донская 3 «а»"
УФИЦ № 3 ИК-2,"г.Элиста, Северная промышленная зона-2, д.172"
Исправительный центр № 1,"г. Волгоград, ул.им. Землячки, 14"
УФИЦ №2 ИК-4,"Краснодарский край, Успенский район, п. Мичуринский, ул. Садовая, 22"
УФИЦ №1 ИК-4,"г. Армавир, ул. Володарского 1а"
Исправительный центр № 2,"г. Волгоград, ул.им. Бахтурова, 6"
УФИЦ ИК-2,"Краснодарский край, Усть-Лабинский район, ст. Воронежская, ул. Крайняя 1"
УФИЦ №1 ИК-1,"г. Симферополь, пер. Элеваторный, 5"
УФИЦ № 2 ИК-14,"г. Краснодар, Восточная промышленная зона, ул. Тихорецкая, 20/1"
УФИЦ №4 ИК-14,"г. Краснодар, Западный обход, 2-ое отделение АФ «Солнечная», 7/4"
УФИЦ № 2 ИК-1,"Крым и Севастополь, пгт. Красногвардейское, ул. Строителей, д. 13"
СИЗО-2 Симферополь,"г. Симферополь, пер. Элеваторный, 4"
УФИЦ № 3 ИК-1,"Крым и Севастополь, Джанкойский район, с. Яркое, ул. Ленина, д. 12"
УФИЦ № 1 ИК-9,"г. Старая Русса, ул. Клубная д. 3"
УФИЦ № 2 ИК-9,"Новгородская область, п. Парфино, ул. Кирова д. 52/71"
Исправительный центр № 2,"г. Петрозаводск, ул.Жуковского, д.32 б"
УФИЦ ИК-25,"г. Сыктывкар, ул. 1-промышленная, д. 15"
УФИЦ №3 ИК-9,"Новгородская область, п. Крестцы ул. Краснова д. 2"
УФИЦ-2,"г. Петрозаводск, проезд Строителей, д.30 б"
Исправительный центр № 1,"г. Емва, ул. Калинина, д.55 а"
УФИЦ № 3 ИК-14,"Краснодарский край, Северский район,  пгт. Ильский, улица Завода Утяжелитель, 45"
УФИЦ № 1 ИК-2,"Калмыкия, Целинный район, с. Троицкое, Северная промзона"
УФИЦ № 2 ИК-2,"г. Элиста, ул. Ленина, д. 329"
Исправительный центр № 1,"г. Майкоп, ул. Кожевенная,11"
УФИЦ № 5 ИК-14,"Краснодарский край, Славянский район, пос. Вишневый, ул. Парковая д. 1"
УФИЦ ИК-6,"Краснодарский край, Выселковский район,  ст. Новомалороссийская, ул. Степная, д. 2"
УФИЦ № 1 ИК-14,"г. Славянск-на Кубани, ул. Донская 3 «а»"
УФИЦ № 3 ИК-2,"г.Элиста, Северная промышленная зона-2, д.172"
Исправительный центр № 1,"г. Волгоград, ул.им. Землячки, 14"
УФИЦ №2 ИК-4,"Краснодарский край, Успенский район, п. Мичуринский, ул. Садовая, 22"
УФИЦ №1 ИК-4,"г. Армавир, ул. Володарского 1а"
Исправительный центр № 2,"г. Волгоград, ул.им. Бахтурова, 6"
УФИЦ ИК-2,"Краснодарский край, Усть-Лабинский район, ст. Воронежская, ул. Крайняя 1"
УФИЦ №1 ИК-1,"г. Симферополь, пер. Элеваторный, 5"
УФИЦ № 2 ИК-14,"г. Краснодар, Восточная промышленная зона, ул. Тихорецкая, 20/1"
УФИЦ №4 ИК-14,"г. Краснодар, Западный обход, 2-ое отделение АФ «Солнечная», 7/4"
УФИЦ № 2 ИК-1,"Крым и Севастополь, пгт. Красногвардейское, ул. Строителей, д. 13"
СИЗО-2 Симферополь,"г. Симферополь, пер. Элеваторный, 4"
УФИЦ № 3 ИК-1,"Крым и Севастополь, Джанкойский район, с. Яркое, ул. Ленина, д. 12"
УФИЦ № 1 ИК-9,"г. Старая Русса, ул. Клубная д. 3"
УФИЦ № 2 ИК-9,"Новгородская область, п. Парфино, ул. Кирова д. 52/71"
УФИЦ №3 ИК-9,"Новгородская область, п. Крестцы ул. Краснова д. 2"
Исправительный центр № 2,"г. Петрозаводск, ул.Жуковского, д.32 б"
УФИЦ ИК-25,"г. Сыктывкар, ул. 1-промышленная, д. 15"
УФИЦ-2,"г. Петрозаводск, проезд Строителей, д.30 б"
Исправительный центр № 1,"г. Емва, ул. Калинина, д.55 а"
УФИЦ № 3 ИК-14,"Краснодарский край, Северский район,  пгт. Ильский, улица Завода Утяжелитель, 45"
УФИЦ № 1 ИК-2,"Калмыкия, Целинный район, с. Троицкое, Северная промзона"
УФИЦ № 2 ИК-2,"г. Элиста, ул. Ленина, д. 329"
Исправительный центр № 1,"г. Майкоп, ул. Кожевенная,11"
УФИЦ № 5 ИК-14,"Краснодарский край, Славянский район, пос. Вишневый, ул. Парковая д. 1"
УФИЦ ИК-6,"Краснодарский край, Выселковский район,  ст. Новомалороссийская, ул. Степная, д. 2"
УФИЦ № 1 ИК-14,"г. Славянск-на Кубани, ул. Донская 3 «а»"
УФИЦ № 3 ИК-2,"г.Элиста, Северная промышленная зона-2, д.172"
Исправительный центр № 1,"г. Волгоград, ул.им. Землячки, 14"
УФИЦ №2 ИК-4,"Краснодарский край, Успенский район, п. Мичуринский, ул. Садовая, 22"
УФИЦ №1 ИК-4,"г. Армавир, ул. Володарского 1а"
Исправительный центр № 2,"г. Волгоград, ул.им. Бахтурова, 6"
УФИЦ ИК-2,"Краснодарский край, Усть-Лабинский район, ст. Воронежская, ул. Крайняя 1"
УФИЦ №1 ИК-1,"г. Симферополь, пер. Элеваторный, 5"
УФИЦ № 2 ИК-14,"г. Краснодар, Восточная промышленная зона, ул. Тихорецкая, 20/1"
УФИЦ №4 ИК-14,"г. Краснодар, Западный обход, 2-ое отделение АФ «Солнечная», 7/4"
УФИЦ № 2 ИК-1,"Крым и Севастополь, пгт. Красногвардейское, ул. Строителей, д. 13"
СИЗО-2 Симферополь,"г. Симферополь, пер. Элеваторный, 4"
УФИЦ № 3 ИК-1,"Крым и Севастополь, Джанкойский район, с. Яркое, ул. Ленина, д. 12"
УФИЦ № 1 ИК-9,"г. Старая Русса, ул. Клубная д. 3"
УФИЦ № 2 ИК-9,"Новгородская область, п. Парфино, ул. Кирова д. 52/71"
УФИЦ №3 ИК-9,"Новгородская область, п. Крестцы ул. Краснова д. 2"
Исправительный центр № 2,"г. Петрозаводск, ул.Жуковского, д.32 б"
УФИЦ ИК-25,"г. Сыктывкар, ул. 1-промышленная, д. 15"
УФИЦ-2,"г. Петрозаводск, проезд Строителей, д.30 б"
Исправительный центр № 1,"г. Емва, ул. Калинина, д.55 а"
УФИЦ № 3 ИК-14,"Краснодарский край, Северский район,  пгт. Ильский, улица Завода Утяжелитель, 45"
УФИЦ № 1 ИК-2,"Калмыкия, Целинный район, с. Троицкое, Северная промзона"
УФИЦ № 2 ИК-2,"г. Элиста, ул. Ленина, д. 329"
Исправительный центр № 1,"г. Майкоп, ул. Кожевенная,11"
УФИЦ № 5 ИК-14,"Краснодарский край, Славянский район, пос. Вишневый, ул. Парковая д. 1"
УФИЦ ИК-6,"Краснодарский край, Выселковский район,  ст. Новомалороссийская, ул. Степная, д. 2"
УФИЦ № 1 ИК-14,"г. Славянск-на Кубани, ул. Донская 3 «а»"
УФИЦ № 3 ИК-2,"г.Элиста, Северная промышленная зона-2, д.172"
Исправительный центр № 1,"г. Волгоград, ул.им. Землячки, 14"
УФИЦ №2 ИК-4,"Краснодарский край, Успенский район, п. Мичуринский, ул. Садовая, 22"
УФИЦ №1 ИК-4,"г. Армавир, ул. Володарского 1а"
Исправительный центр № 2,"г. Волгоград, ул.им. Бахтурова, 6"
УФИЦ ИК-2,"Краснодарский край, Усть-Лабинский район, ст. Воронежская, ул. Крайняя 1"
УФИЦ №1 ИК-1,"г. Симферополь, пер. Элеваторный, 5"
УФИЦ № 2 ИК-14,"г. Краснодар, Восточная промышленная зона, ул. Тихорецкая, 20/1"
УФИЦ №4 ИК-14,"г. Краснодар, Западный обход, 2-ое отделение АФ «Солнечная», 7/4"
УФИЦ № 2 ИК-1,"Крым и Севастополь, пгт. Красногвардейское, ул. Строителей, д. 13"
СИЗО-2 Симферополь,"г. Симферополь, пер. Элеваторный, 4"
УФИЦ № 3 ИК-1,"Крым и Севастополь, Джанкойский район, с. Яркое, ул. Ленина, д. 12"
УФИЦ № 1 ИК-9,"г. Старая Русса, ул. Клубная д. 3"
УФИЦ № 2 ИК-9,"Новгородская область, п. Парфино, ул. Кирова д. 52/71"
УФИЦ №3 ИК-9,"Новгородская область, п. Крестцы ул. Краснова д. 2"
Исправительный центр № 2,"г. Петрозаводск, ул.Жуковского, д.32 б"
УФИЦ ИК-25,"г. Сыктывкар, ул. 1-промышленная, д. 15"
УФИЦ-2,"г. Петрозаводск, проезд Строителей, д.30 б"
Исправительный центр № 1,"г. Емва, ул. Калинина, д.55 а"
УФИЦ № 3 ИК-14,"Краснодарский край, Северский район,  пгт. Ильский, улица Завода Утяжелитель, 45"
УФИЦ № 1 ИК-2,"Калмыкия, Целинный район, с. Троицкое, Северная промзона"
УФИЦ № 2 ИК-2,"г. Элиста, ул. Ленина, д. 329"
Исправительный центр № 1,"г. Майкоп, ул. Кожевенная,11"
УФИЦ № 5 ИК-14,"Краснодарский край, Славянский район, пос. Вишневый, ул. Парковая д. 1"
УФИЦ ИК-6,"Краснодарский край, Выселковский район,  ст. Новомалороссийская, ул. Степная, д. 2"
УФИЦ № 1 ИК-14,"г. Славянск-на Кубани, ул. Донская 3 «а»"
УФИЦ № 3 ИК-2,"г.Элиста, Северная промышленная зона-2, д.172"
Исправительный центр № 1,"г. Волгоград, ул.им. Землячки, 14"
УФИЦ №2 ИК-4,"Краснодарский край, Успенский район, п. Мичуринский, ул. Садовая, 22"
УФИЦ №1 ИК-4,"г. Армавир, ул. Володарского 1а"
Исправительный центр № 2,"г. Волгоград, ул.им. Бахтурова, 6"
УФИЦ ИК-2,"Краснодарский край, Усть-Лабинский район, ст. Воронежская, ул. Крайняя 1"
УФИЦ №1 ИК-1,"г. Симферополь, пер. Элеваторный, 5"
УФИЦ № 2 ИК-14,"г. Краснодар, Восточная промышленная зона, ул. Тихорецкая, 20/1"
УФИЦ №4 ИК-14,"г. Краснодар, Западный обход, 2-ое отделение АФ «Солнечная», 7/4"
УФИЦ № 2 ИК-1,"Крым и Севастополь, пгт. Красногвардейское, ул. Строителей, д. 13"
СИЗО-2 Симферополь,"г. Симферополь, пер. Элеваторный, 4"
УФИЦ № 3 ИК-1,"Крым и Севастополь, Джанкойский район, с. Яркое, ул. Ленина, д. 12"
УФИЦ № 1 ИК-9,"г. Старая Русса, ул. Клубная д. 3"
УФИЦ № 2 ИК-9,"Новгородская область, п. Парфино, ул. Кирова д. 52/71"
УФИЦ №3 ИК-9,"Новгородская область, п. Крестцы ул. Краснова д. 2"
Исправительный центр № 2,"г. Петрозаводск, ул.Жуковского, д.32 б"
УФИЦ ИК-25,"г. Сыктывкар, ул. 1-промышленная, д. 15"
УФИЦ-2,"г. Петрозаводск, проезд Строителей, д.30 б"
Исправительный центр № 1,"г. Емва, ул. Калинина, д.55 а"
УФИЦ № 3 ИК-14,"Краснодарский край, Северский район,  пгт. Ильский, улица Завода Утяжелитель, 45"
УФИЦ № 1 ИК-2,"Калмыкия, Целинный район, с. Троицкое, Северная промзона"
УФИЦ № 2 ИК-2,"г. Элиста, ул. Ленина, д. 329"
Исправительный центр № 1,"г. Майкоп, ул. Кожевенная,11"
УФИЦ № 5 ИК-14,"Краснодарский край, Славянский район, пос. Вишневый, ул. Парковая д. 1"
УФИЦ ИК-6,"Краснодарский край, Выселковский район,  ст. Новомалороссийская, ул. Степная, д. 2"
УФИЦ № 1 ИК-14,"г. Славянск-на Кубани, ул. Донская 3 «а»"
УФИЦ № 3 ИК-2,"г.Элиста, Северная промышленная зона-2, д.172"
Исправительный центр № 1,"г. Волгоград, ул.им. Землячки, 14"
УФИЦ №2 ИК-4,"Краснодарский край, Успенский район, п. Мичуринский, ул. Садовая, 22"
УФИЦ №1 ИК-4,"г. Армавир, ул. Володарского 1а"
Исправительный центр № 2,"г. Волгоград, ул.им. Бахтурова, 6"
УФИЦ ИК-2,"Краснодарский край, Усть-Лабинский район, ст. Воронежская, ул. Крайняя 1"
УФИЦ №1 ИК-1,"г. Симферополь, пер. Элеваторный, 5"
УФИЦ № 2 ИК-14,"г. Краснодар, Восточная промышленная зона, ул. Тихорецкая, 20/1"
УФИЦ №4 ИК-14,"г. Краснодар, Западный обход, 2-ое отделение АФ «Солнечная», 7/4"
УФИЦ № 2 ИК-1,"Крым и Севастополь, пгт. Красногвардейское, ул. Строителей, д. 13"
СИЗО-2 Симферополь,"г. Симферополь, пер. Элеваторный, 4"
УФИЦ № 3 ИК-1,"Крым и Севастополь, Джанкойский район, с. Яркое, ул. Ленина, д. 12"
УФИЦ № 1 ИК-9,"г. Старая Русса, ул. Клубная д. 3"
УФИЦ № 2 ИК-9,"Новгородская область, п. Парфино, ул. Кирова д. 52/71"
УФИЦ №3 ИК-9,"Новгородская область, п. Крестцы ул. Краснова д. 2"
Исправительный центр № 2,"г. Петрозаводск, ул.Жуковского, д.32 б"
УФИЦ ИК-25,"г. Сыктывкар, ул. 1-промышленная, д. 15"
УФИЦ-2,"г. Петрозаводск, проезд Строителей, д.30 б"
Исправительный центр № 1,"г. Емва, ул. Калинина, д.55 а"
УФИЦ № 3 ИК-14,"Краснодарский край, Северский район,  пгт. Ильский, улица Завода Утяжелитель, 45"
УФИЦ № 1 ИК-2,"Калмыкия, Целинный район, с. Троицкое, Северная промзона"
УФИЦ № 2 ИК-2,"г. Элиста, ул. Ленина, д. 329"
Исправительный центр № 1,"г. Майкоп, ул. Кожевенная,11"
УФИЦ № 5 ИК-14,"Краснодарский край, Славянский район, пос. Вишневый, ул. Парковая д. 1"
УФИЦ ИК-6,"Краснодарский край, Выселковский район,  ст. Новомалороссийская, ул. Степная, д. 2"
УФИЦ № 1 ИК-14,"г. Славянск-на Кубани, ул. Донская 3 «а»"
УФИЦ № 3 ИК-2,"г.Элиста, Северная промышленная зона-2, д.172"
Исправительный центр № 1,"г. Волгоград, ул.им. Землячки, 14"
УФИЦ №2 ИК-4,"Краснодарский край, Успенский район, п. Мичуринский, ул. Садовая, 22"
УФИЦ №1 ИК-4,"г. Армавир, ул. Володарского 1а"
Исправительный центр № 2,"г. Волгоград, ул.им. Бахтурова, 6"
УФИЦ ИК-2,"Краснодарский край, Усть-Лабинский район, ст. Воронежская, ул. Крайняя 1"
УФИЦ №1 ИК-1,"г. Симферополь, пер. Элеваторный, 5"
УФИЦ № 2 ИК-14,"г. Краснодар, Восточная промышленная зона, ул. Тихорецкая, 20/1"
УФИЦ №4 ИК-14,"г. Краснодар, Западный обход, 2-ое отделение АФ «Солнечная», 7/4"
УФИЦ № 2 ИК-1,"Крым и Севастополь, пгт. Красногвардейское, ул. Строителей, д. 13"
СИЗО-2 Симферополь,"г. Симферополь, пер. Элеваторный, 4"
УФИЦ № 3 ИК-1,"Крым и Севастополь, Джанкойский район, с. Яркое, ул. Ленина, д. 12"
УФИЦ № 1 ИК-9,"г. Старая Русса, ул. Клубная д. 3"
УФИЦ № 2 ИК-9,"Новгородская область, п. Парфино, ул. Кирова д. 52/71"
УФИЦ №3 ИК-9,"Новгородская область, п. Крестцы ул. Краснова д. 2"
Исправительный центр № 2,"г. Петрозаводск, ул.Жуковского, д.32 б"
УФИЦ ИК-25,"г. Сыктывкар, ул. 1-промышленная, д. 15"
УФИЦ-2,"г. Петрозаводск, проезд Строителей, д.30 б"
Исправительный центр № 1,"г. Емва, ул. Калинина, д.55 а"
УФИЦ № 3 ИК-14,"Краснодарский край, Северский район,  пгт. Ильский, улица Завода Утяжелитель, 45"
УФИЦ № 1 ИК-2,"Калмыкия, Целинный район, с. Троицкое, Северная промзона"
УФИЦ № 2 ИК-2,"г. Элиста, ул. Ленина, д. 329"
Исправительный центр № 1,"г. Майкоп, ул. Кожевенная,11"
УФИЦ № 5 ИК-14,"Краснодарский край, Славянский район, пос. Вишневый, ул. Парковая д. 1"
УФИЦ ИК-6,"Краснодарский край, Выселковский район,  ст. Новомалороссийская, ул. Степная, д. 2"
УФИЦ № 1 ИК-14,"г. Славянск-на Кубани, ул. Донская 3 «а»"
УФИЦ № 3 ИК-2,"г.Элиста, Северная промышленная зона-2, д.172"
Исправительный центр № 1,"г. Волгоград, ул.им. Землячки, 14"
УФИЦ №2 ИК-4,"Краснодарский край, Успенский район, п. Мичуринский, ул. Садовая, 22"
УФИЦ №1 ИК-4,"г. Армавир, ул. Володарского 1а"
Исправительный центр № 2,"г. Волгоград, ул.им. Бахтурова, 6"
УФИЦ ИК-2,"Краснодарский край, Усть-Лабинский район, ст. Воронежская, ул. Крайняя 1"
УФИЦ №1 ИК-1,"г. Симферополь, пер. Элеваторный, 5"
УФИЦ № 2 ИК-14,"г. Краснодар, Восточная промышленная зона, ул. Тихорецкая, 20/1"
УФИЦ №4 ИК-14,"г. Краснодар, Западный обход, 2-ое отделение АФ «Солнечная», 7/4"
УФИЦ № 2 ИК-1,"Крым и Севастополь, пгт. Красногвардейское, ул. Строителей, д. 13"
СИЗО-2 Симферополь,"г. Симферополь, пер. Элеваторный, 4"
УФИЦ № 3 ИК-1,"Крым и Севастополь, Джанкойский район, с. Яркое, ул. Ленина, д. 12"
УФИЦ № 1 ИК-9,"г. Старая Русса, ул. Клубная д. 3"
УФИЦ № 2 ИК-9,"Новгородская область, п. Парфино, ул. Кирова д. 52/71"
УФИЦ №3 ИК-9,"Новгородская область, п. Крестцы ул. Краснова д. 2"
Исправительный центр № 2,"г. Петрозаводск, ул.Жуковского, д.32 б"
УФИЦ ИК-25,"г. Сыктывкар, ул. 1-промышленная, д. 15"
УФИЦ-2,"г. Петрозаводск, проезд Строителей, д.30 б"
Исправительный центр № 1,"г. Емва, ул. Калинина, д.55 а"
УФИЦ № 3 ИК-14,"Краснодарский край, Северский район,  пгт. Ильский, улица Завода Утяжелитель, 45"
УФИЦ № 1 ИК-2,"Калмыкия, Целинный район, с. Троицкое, Северная промзона"
УФИЦ № 2 ИК-2,"г. Элиста, ул. Ленина, д. 329"
Исправительный центр № 1,"г. Майкоп, ул. Кожевенная,11"
УФИЦ № 5 ИК-14,"Краснодарский край, Славянский район, пос. Вишневый, ул. Парковая д. 1"
УФИЦ ИК-6,"Краснодарский край, Выселковский район,  ст. Новомалороссийская, ул. Степная, д. 2"
УФИЦ № 1 ИК-14,"г. Славянск-на Кубани, ул. Донская 3 «а»"
УФИЦ № 3 ИК-2,"г.Элиста, Северная промышленная зона-2, д.172"
Исправительный центр № 1,"г. Волгоград, ул.им. Землячки, 14"
УФИЦ №2 ИК-4,"Краснодарский край, Успенский район, п. Мичуринский, ул. Садовая, 22"
УФИЦ №1 ИК-4,"г. Армавир, ул. Володарского 1а"
Исправительный центр № 2,"г. Волгоград, ул.им. Бахтурова, 6"
УФИЦ ИК-2,"Краснодарский край, Усть-Лабинский район, ст. Воронежская, ул. Крайняя 1"
УФИЦ №1 ИК-1,"г. Симферополь, пер. Элеваторный, 5"
УФИЦ № 2 ИК-14,"г. Краснодар, Восточная промышленная зона, ул. Тихорецкая, 20/1"
УФИЦ №4 ИК-14,"г. Краснодар, Западный обход, 2-ое отделение АФ «Солнечная», 7/4"
УФИЦ № 2 ИК-1,"Крым и Севастополь, пгт. Красногвардейское, ул. Строителей, д. 13"
СИЗО-2 Симферополь,"г. Симферополь, пер. Элеваторный, 4"
УФИЦ № 3 ИК-1,"Крым и Севастополь, Джанкойский район, с. Яркое, ул. Ленина, д. 12"
УФИЦ № 1 ИК-9,"г. Старая Русса, ул. Клубная д. 3"
УФИЦ № 2 ИК-9,"Новгородская область, п. Парфино, ул. Кирова д. 52/71"
УФИЦ №3 ИК-9,"Новгородская область, п. Крестцы ул. Краснова д. 2"
Исправительный центр № 2,"г. Петрозаводск, ул.Жуковского, д.32 б"
УФИЦ ИК-25,"г. Сыктывкар, ул. 1-промышленная, д. 15"
УФИЦ-2,"г. Петрозаводск, проезд Строителей, д.30 б"
Исправительный центр № 1,"г. Емва, ул. Калинина, д.55 а"
УФИЦ № 3 ИК-14,"Краснодарский край, Северский район,  пгт. Ильский, улица Завода Утяжелитель, 45"
УФИЦ № 1 ИК-2,"Калмыкия, Целинный район, с. Троицкое, Северная промзона"
УФИЦ № 2 ИК-2,"г. Элиста, ул. Ленина, д. 329"
Исправительный центр № 1,"г. Майкоп, ул. Кожевенная,11"
УФИЦ № 5 ИК-14,"Краснодарский край, Славянский район, пос. Вишневый, ул. Парковая д. 1"
УФИЦ ИК-6,"Краснодарский край, Выселковский район,  ст. Новомалороссийская, ул. Степная, д. 2"
УФИЦ № 1 ИК-14,"г. Славянск-на Кубани, ул. Донская 3 «а»"
УФИЦ № 3 ИК-2,"г.Элиста, Северная промышленная зона-2, д.172"
Исправительный центр № 1,"г. Волгоград, ул.им. Землячки, 14"
УФИЦ №2 ИК-4,"Краснодарский край, Успенский район, п. Мичуринский, ул. Садовая, 22"
УФИЦ №1 ИК-4,"г. Армавир, ул. Володарского 1а"
Исправительный центр № 2,"г. Волгоград, ул.им. Бахтурова, 6"
УФИЦ ИК-2,"Краснодарский край, Усть-Лабинский район, ст. Воронежская, ул. Крайняя 1"
УФИЦ №1 ИК-1,"г. Симферополь, пер. Элеваторный, 5"
УФИЦ № 2 ИК-14,"г. Краснодар, Восточная промышленная зона, ул. Тихорецкая, 20/1"
УФИЦ №4 ИК-14,"г. Краснодар, Западный обход, 2-ое отделение АФ «Солнечная», 7/4"
УФИЦ № 2 ИК-1,"Крым и Севастополь, пгт. Красногвардейское, ул. Строителей, д. 13"
СИЗО-2 Симферополь,"г. Симферополь, пер. Элеваторный, 4"
УФИЦ № 3 ИК-1,"Крым и Севастополь, Джанкойский район, с. Яркое, ул. Ленина, д. 12"
УФИЦ № 1 ИК-9,"г. Старая Русса, ул. Клубная д. 3"
УФИЦ № 2 ИК-9,"Новгородская область, п. Парфино, ул. Кирова д. 52/71"
УФИЦ №3 ИК-9,"Новгородская область, п. Крестцы ул. Краснова д. 2"
Исправительный центр № 2,"г. Петрозаводск, ул.Жуковского, д.32 б"
УФИЦ ИК-25,"г. Сыктывкар, ул. 1-промышленная, д. 15"
УФИЦ-2,"г. Петрозаводск, проезд Строителей, д.30 б"
Исправительный центр № 1,"г. Емва, ул. Калинина, д.55 а"
УФИЦ № 3 ИК-14,"Краснодарский край, Северский район,  пгт. Ильский, улица Завода Утяжелитель, 45"
УФИЦ № 1 ИК-2,"Калмыкия, Целинный район, с. Троицкое, Северная промзона"
УФИЦ № 2 ИК-2,"г. Элиста, ул. Ленина, д. 329"
Исправительный центр № 1,"г. Майкоп, ул. Кожевенная,11"
УФИЦ № 5 ИК-14,"Краснодарский край, Славянский район, пос. Вишневый, ул. Парковая д. 1"
УФИЦ ИК-6,"Краснодарский край, Выселковский район,  ст. Новомалороссийская, ул. Степная, д. 2"
УФИЦ № 1 ИК-14,"г. Славянск-на Кубани, ул. Донская 3 «а»"
УФИЦ № 3 ИК-2,"г.Элиста, Северная промышленная зона-2, д.172"
Исправительный центр № 1,"г. Волгоград, ул.им. Землячки, 14"
УФИЦ №2 ИК-4,"Краснодарский край, Успенский район, п. Мичуринский, ул. Садовая, 22"
УФИЦ №1 ИК-4,"г. Армавир, ул. Володарского 1а"
Исправительный центр № 2,"г. Волгоград, ул.им. Бахтурова, 6"
УФИЦ ИК-2,"Краснодарский край, Усть-Лабинский район, ст. Воронежская, ул. Крайняя 1"
УФИЦ №1 ИК-1,"г. Симферополь, пер. Элеваторный, 5"
УФИЦ № 2 ИК-14,"г. Краснодар, Восточная промышленная зона, ул. Тихорецкая, 20/1"
УФИЦ №4 ИК-14,"г. Краснодар, Западный обход, 2-ое отделение АФ «Солнечная», 7/4"
УФИЦ № 2 ИК-1,"Крым и Севастополь, пгт. Красногвардейское, ул. Строителей, д. 13"
СИЗО-2 Симферополь,"г. Симферополь, пер. Элеваторный, 4"
УФИЦ № 3 ИК-1,"Крым и Севастополь, Джанкойский район, с. Яркое, ул. Ленина, д. 12"
УФИЦ № 1 ИК-9,"г. Старая Русса, ул. Клубная д. 3"
УФИЦ № 2 ИК-9,"Новгородская область, п. Парфино, ул. Кирова д. 52/71"
УФИЦ №3 ИК-9,"Новгородская область, п. Крестцы ул. Краснова д. 2"
Исправительный центр № 2,"г. Петрозаводск, ул.Жуковского, д.32 б"
УФИЦ ИК-25,"г. Сыктывкар, ул. 1-промышленная, д. 15"
УФИЦ-2,"г. Петрозаводск, проезд Строителей, д.30 б"
Исправительный центр № 1,"г. Емва, ул. Калинина, д.55 а"
УФИЦ № 3 ИК-14,"Краснодарский край, Северский район,  пгт. Ильский, улица Завода Утяжелитель, 45"
УФИЦ № 1 ИК-2,"Калмыкия, Целинный район, с. Троицкое, Северная промзона"
УФИЦ № 2 ИК-2,"г. Элиста, ул. Ленина, д. 329"
Исправительный центр № 1,"г. Майкоп, ул. Кожевенная,11"
УФИЦ № 5 ИК-14,"Краснодарский край, Славянский район, пос. Вишневый, ул. Парковая д. 1"
УФИЦ ИК-6,"Краснодарский край, Выселковский район,  ст. Новомалороссийская, ул. Степная, д. 2"
УФИЦ № 1 ИК-14,"г. Славянск-на Кубани, ул. Донская 3 «а»"
УФИЦ № 3 ИК-2,"г.Элиста, Северная промышленная зона-2, д.172"
Исправительный центр № 1,"г. Волгоград, ул.им. Землячки, 14"
УФИЦ №2 ИК-4,"Краснодарский край, Успенский район, п. Мичуринский, ул. Садовая, 22"
УФИЦ №1 ИК-4,"г. Армавир, ул. Володарского 1а"
Исправительный центр № 2,"г. Волгоград, ул.им. Бахтурова, 6"
УФИЦ ИК-2,"Краснодарский край, Усть-Лабинский район, ст. Воронежская, ул. Крайняя 1"
УФИЦ №1 ИК-1,"г. Симферополь, пер. Элеваторный, 5"
УФИЦ № 2 ИК-14,"г. Краснодар, Восточная промышленная зона, ул. Тихорецкая, 20/1"
УФИЦ №4 ИК-14,"г. Краснодар, Западный обход, 2-ое отделение АФ «Солнечная», 7/4"
УФИЦ № 2 ИК-1,"Крым и Севастополь, пгт. Красногвардейское, ул. Строителей, д. 13"
СИЗО-2 Симферополь,"г. Симферополь, пер. Элеваторный, 4"
УФИЦ № 3 ИК-1,"Крым и Севастополь, Джанкойский район, с. Яркое, ул. Ленина, д. 12"
УФИЦ № 1 ИК-9,"г. Старая Русса, ул. Клубная д. 3"
УФИЦ № 2 ИК-9,"Новгородская область, п. Парфино, ул. Кирова д. 52/71"
УФИЦ №3 ИК-9,"Новгородская область, п. Крестцы ул. Краснова д. 2"
Исправительный центр № 2,"г. Петрозаводск, ул.Жуковского, д.32 б"
УФИЦ ИК-25,"г. Сыктывкар, ул. 1-промышленная, д. 15"
УФИЦ-2,"г. Петрозаводск, проезд Строителей, д.30 б"
Исправительный центр № 1,"г. Емва, ул. Калинина, д.55 а"
УФИЦ № 3 ИК-14,"Краснодарский край, Северский район,  пгт. Ильский, улица Завода Утяжелитель, 45"
УФИЦ № 1 ИК-2,"Калмыкия, Целинный район, с. Троицкое, Северная промзона"
УФИЦ № 2 ИК-2,"г. Элиста, ул. Ленина, д. 329"
Исправительный центр № 1,"г. Майкоп, ул. Кожевенная,11"
УФИЦ № 5 ИК-14,"Краснодарский край, Славянский район, пос. Вишневый, ул. Парковая д. 1"
УФИЦ ИК-6,"Краснодарский край, Выселковский район,  ст. Новомалороссийская, ул. Степная, д. 2"
УФИЦ № 1 ИК-14,"г. Славянск-на Кубани, ул. Донская 3 «а»"
УФИЦ № 3 ИК-2,"г.Элиста, Северная промышленная зона-2, д.172"
Исправительный центр № 1,"г. Волгоград, ул.им. Землячки, 14"
УФИЦ №2 ИК-4,"Краснодарский край, Успенский район, п. Мичуринский, ул. Садовая, 22"
УФИЦ №1 ИК-4,"г. Армавир, ул. Володарского 1а"
Исправительный центр № 2,"г. Волгоград, ул.им. Бахтурова, 6"
УФИЦ ИК-2,"Краснодарский край, Усть-Лабинский район, ст. Воронежская, ул. Крайняя 1"
УФИЦ №1 ИК-1,"г. Симферополь, пер. Элеваторный, 5"
УФИЦ № 2 ИК-14,"г. Краснодар, Восточная промышленная зона, ул. Тихорецкая, 20/1"
УФИЦ №4 ИК-14,"г. Краснодар, Западный обход, 2-ое отделение АФ «Солнечная», 7/4"
УФИЦ № 2 ИК-1,"Крым и Севастополь, пгт. Красногвардейское, ул. Строителей, д. 13"
СИЗО-2 Симферополь,"г. Симферополь, пер. Элеваторный, 4"
УФИЦ № 3 ИК-1,"Крым и Севастополь, Джанкойский район, с. Яркое, ул. Ленина, д. 12"
УФИЦ № 1 ИК-9,"г. Старая Русса, ул. Клубная д. 3"
УФИЦ № 2 ИК-9,"Новгородская область, п. Парфино, ул. Кирова д. 52/71"
УФИЦ №3 ИК-9,"Новгородская область, п. Крестцы ул. Краснова д. 2"
Исправительный центр № 2,"г. Петрозаводск, ул.Жуковского, д.32 б"
УФИЦ ИК-25,"г. Сыктывкар, ул. 1-промышленная, д. 15"
УФИЦ-2,"г. Петрозаводск, проезд Строителей, д.30 б"
Исправительный центр № 1,"г. Емва, ул. Калинина, д.55 а"
УФИЦ № 3 ИК-14,"Краснодарский край, Северский район,  пгт. Ильский, улица Завода Утяжелитель, 45"
УФИЦ № 1 ИК-2,"Калмыкия, Целинный район, с. Троицкое, Северная промзона"
УФИЦ № 2 ИК-2,"г. Элиста, ул. Ленина, д. 329"
Исправительный центр № 1,"г. Майкоп, ул. Кожевенная,11"
УФИЦ № 5 ИК-14,"Краснодарский край, Славянский район, пос. Вишневый, ул. Парковая д. 1"
УФИЦ ИК-6,"Краснодарский край, Выселковский район,  ст. Новомалороссийская, ул. Степная, д. 2"
УФИЦ № 1 ИК-14,"г. Славянск-на Кубани, ул. Донская 3 «а»"
УФИЦ № 3 ИК-2,"г.Элиста, Северная промышленная зона-2, д.172"
Исправительный центр № 1,"г. Волгоград, ул.им. Землячки, 14"
УФИЦ №2 ИК-4,"Краснодарский край, Успенский район, п. Мичуринский, ул. Садовая, 22"
УФИЦ №1 ИК-4,"г. Армавир, ул. Володарского 1а"
Исправительный центр № 2,"г. Волгоград, ул.им. Бахтурова, 6"
УФИЦ ИК-2,"Краснодарский край, Усть-Лабинский район, ст. Воронежская, ул. Крайняя 1"
УФИЦ №1 ИК-1,"г. Симферополь, пер. Элеваторный, 5"
УФИЦ № 2 ИК-14,"г. Краснодар, Восточная промышленная зона, ул. Тихорецкая, 20/1"
УФИЦ №4 ИК-14,"г. Краснодар, Западный обход, 2-ое отделение АФ «Солнечная», 7/4"
УФИЦ № 2 ИК-1,"Крым и Севастополь, пгт. Красногвардейское, ул. Строителей, д. 13"
СИЗО-2 Симферополь,"г. Симферополь, пер. Элеваторный, 4"
УФИЦ № 3 ИК-1,"Крым и Севастополь, Джанкойский район, с. Яркое, ул. Ленина, д. 12"
УФИЦ № 1 ИК-9,"г. Старая Русса, ул. Клубная д. 3"
УФИЦ № 2 ИК-9,"Новгородская область, п. Парфино, ул. Кирова д. 52/71"
УФИЦ №3 ИК-9,"Новгородская область, п. Крестцы ул. Краснова д. 2"
Исправительный центр № 2,"г. Петрозаводск, ул.Жуковского, д.32 б"
УФИЦ ИК-25,"г. Сыктывкар, ул. 1-промышленная, д. 15"
УФИЦ-2,"г. Петрозаводск, проезд Строителей, д.30 б"
Исправительный центр № 1,"г. Емва, ул. Калинина, д.55 а"
УФИЦ № 3 ИК-14,"Краснодарский край, Северский район,  пгт. Ильский, улица Завода Утяжелитель, 45"
УФИЦ № 1 ИК-2,"Калмыкия, Целинный район, с. Троицкое, Северная промзона"
УФИЦ № 2 ИК-2,"г. Элиста, ул. Ленина, д. 329"
Исправительный центр № 1,"г. Майкоп, ул. Кожевенная,11"
УФИЦ № 5 ИК-14,"Краснодарский край, Славянский район, пос. Вишневый, ул. Парковая д. 1"
УФИЦ ИК-6,"Краснодарский край, Выселковский район,  ст. Новомалороссийская, ул. Степная, д. 2"
УФИЦ № 1 ИК-14,"г. Славянск-на Кубани, ул. Донская 3 «а»"
УФИЦ № 3 ИК-2,"г.Элиста, Северная промышленная зона-2, д.172"
Исправительный центр № 1,"г. Волгоград, ул.им. Землячки, 14"
УФИЦ №2 ИК-4,"Краснодарский край, Успенский район, п. Мичуринский, ул. Садовая, 22"
УФИЦ №1 ИК-4,"г. Армавир, ул. Володарского 1а"
Исправительный центр № 2,"г. Волгоград, ул.им. Бахтурова, 6"
УФИЦ ИК-2,"Краснодарский край, Усть-Лабинский район, ст. Воронежская, ул. Крайняя 1"
УФИЦ №1 ИК-1,"г. Симферополь, пер. Элеваторный, 5"
УФИЦ № 2 ИК-14,"г. Краснодар, Восточная промышленная зона, ул. Тихорецкая, 20/1"
УФИЦ №4 ИК-14,"г. Краснодар, Западный обход, 2-ое отделение АФ «Солнечная», 7/4"
УФИЦ № 2 ИК-1,"Крым и Севастополь, пгт. Красногвардейское, ул. Строителей, д. 13"
СИЗО-2 Симферополь,"г. Симферополь, пер. Элеваторный, 4"
УФИЦ № 3 ИК-1,"Крым и Севастополь, Джанкойский район, с. Яркое, ул. Ленина, д. 12"
УФИЦ № 1 ИК-9,"г. Старая Русса, ул. Клубная д. 3"
УФИЦ № 2 ИК-9,"Новгородская область, п. Парфино, ул. Кирова д. 52/71"
УФИЦ №3 ИК-9,"Новгородская область, п. Крестцы ул. Краснова д. 2"
Исправительный центр № 2,"г. Петрозаводск, ул.Жуковского, д.32 б"
УФИЦ ИК-25,"г. Сыктывкар, ул. 1-промышленная, д. 15"
УФИЦ-2,"г. Петрозаводск, проезд Строителей, д.30 б"
Исправительный центр № 1,"г. Емва, ул. Калинина, д.55 а"
УФИЦ № 3 ИК-14,"Краснодарский край, Северский район,  пгт. Ильский, улица Завода Утяжелитель, 45"
УФИЦ № 1 ИК-2,"Калмыкия, Целинный район, с. Троицкое, Северная промзона"
УФИЦ № 2 ИК-2,"г. Элиста, ул. Ленина, д. 329"
Исправительный центр № 1,"г. Майкоп, ул. Кожевенная,11"
УФИЦ № 5 ИК-14,"Краснодарский край, Славянский район, пос. Вишневый, ул. Парковая д. 1"
УФИЦ ИК-6,"Краснодарский край, Выселковский район,  ст. Новомалороссийская, ул. Степная, д. 2"
УФИЦ № 1 ИК-14,"г. Славянск-на Кубани, ул. Донская 3 «а»"
УФИЦ № 3 ИК-2,"г.Элиста, Северная промышленная зона-2, д.172"
Исправительный центр № 1,"г. Волгоград, ул.им. Землячки, 14"
УФИЦ №2 ИК-4,"Краснодарский край, Успенский район, п. Мичуринский, ул. Садовая, 22"
УФИЦ №1 ИК-4,"г. Армавир, ул. Володарского 1а"
Исправительный центр № 2,"г. Волгоград, ул.им. Бахтурова, 6"
УФИЦ ИК-2,"Краснодарский край, Усть-Лабинский район, ст. Воронежская, ул. Крайняя 1"
УФИЦ №1 ИК-1,"г. Симферополь, пер. Элеваторный, 5"
УФИЦ № 2 ИК-14,"г. Краснодар, Восточная промышленная зона, ул. Тихорецкая, 20/1"
УФИЦ №4 ИК-14,"г. Краснодар, Западный обход, 2-ое отделение АФ «Солнечная», 7/4"
УФИЦ № 2 ИК-1,"Крым и Севастополь, пгт. Красногвардейское, ул. Строителей, д. 13"
СИЗО-2 Симферополь,"г. Симферополь, пер. Элеваторный, 4"
УФИЦ № 3 ИК-1,"Крым и Севастополь, Джанкойский район, с. Яркое, ул. Ленина, д. 12"
УФИЦ № 1 ИК-9,"г. Старая Русса, ул. Клубная д. 3"
УФИЦ № 2 ИК-9,"Новгородская область, п. Парфино, ул. Кирова д. 52/71"
УФИЦ №3 ИК-9,"Новгородская область, п. Крестцы ул. Краснова д. 2"
Исправительный центр № 2,"г. Петрозаводск, ул.Жуковского, д.32 б"
УФИЦ ИК-25,"г. Сыктывкар, ул. 1-промышленная, д. 15"
УФИЦ-2,"г. Петрозаводск, проезд Строителей, д.30 б"
Исправительный центр № 1,"г. Емва, ул. Калинина, д.55 а"
УФИЦ № 3 ИК-14,"Краснодарский край, Северский район,  пгт. Ильский, улица Завода Утяжелитель, 45"
УФИЦ № 1 ИК-2,"Калмыкия, Целинный район, с. Троицкое, Северная промзона"
УФИЦ № 2 ИК-2,"г. Элиста, ул. Ленина, д. 329"
Исправительный центр № 1,"г. Майкоп, ул. Кожевенная,11"
УФИЦ № 5 ИК-14,"Краснодарский край, Славянский район, пос. Вишневый, ул. Парковая д. 1"
УФИЦ ИК-6,"Краснодарский край, Выселковский район,  ст. Новомалороссийская, ул. Степная, д. 2"
УФИЦ № 1 ИК-14,"г. Славянск-на Кубани, ул. Донская 3 «а»"
УФИЦ № 3 ИК-2,"г.Элиста, Северная промышленная зона-2, д.172"
Исправительный центр № 1,"г. Волгоград, ул.им. Землячки, 14"
УФИЦ №2 ИК-4,"Краснодарский край, Успенский район, п. Мичуринский, ул. Садовая, 22"
УФИЦ №1 ИК-4,"г. Армавир, ул. Володарского 1а"
Исправительный центр № 2,"г. Волгоград, ул.им. Бахтурова, 6"
УФИЦ ИК-2,"Краснодарский край, Усть-Лабинский район, ст. Воронежская, ул. Крайняя 1"
УФИЦ №1 ИК-1,"г. Симферополь, пер. Элеваторный, 5"
УФИЦ № 2 ИК-14,"г. Краснодар, Восточная промышленная зона, ул. Тихорецкая, 20/1"
УФИЦ №4 ИК-14,"г. Краснодар, Западный обход, 2-ое отделение АФ «Солнечная», 7/4"
УФИЦ № 2 ИК-1,"Крым и Севастополь, пгт. Красногвардейское, ул. Строителей, д. 13"
СИЗО-2 Симферополь,"г. Симферополь, пер. Элеваторный, 4"
УФИЦ № 3 ИК-1,"Крым и Севастополь, Джанкойский район, с. Яркое, ул. Ленина, д. 12"
УФИЦ № 1 ИК-9,"г. Старая Русса, ул. Клубная д. 3"
УФИЦ № 2 ИК-9,"Новгородская область, п. Парфино, ул. Кирова д. 52/71"
УФИЦ №3 ИК-9,"Новгородская область, п. Крестцы ул. Краснова д. 2"
Исправительный центр № 2,"г. Петрозаводск, ул.Жуковского, д.32 б"
УФИЦ ИК-25,"г. Сыктывкар, ул. 1-промышленная, д. 15"
УФИЦ-2,"г. Петрозаводск, проезд Строителей, д.30 б"
Исправительный центр № 1,"г. Емва, ул. Калинина, д.55 а"
УФИЦ № 3 ИК-14,"Краснодарский край, Северский район,  пгт. Ильский, улица Завода Утяжелитель, 45"
УФИЦ № 1 ИК-2,"Калмыкия, Целинный район, с. Троицкое, Северная промзона"
УФИЦ № 2 ИК-2,"г. Элиста, ул. Ленина, д. 329"
Исправительный центр № 1,"г. Майкоп, ул. Кожевенная,11"
УФИЦ № 5 ИК-14,"Краснодарский край, Славянский район, пос. Вишневый, ул. Парковая д. 1"
УФИЦ ИК-6,"Краснодарский край, Выселковский район,  ст. Новомалороссийская, ул. Степная, д. 2"
УФИЦ № 1 ИК-14,"г. Славянск-на Кубани, ул. Донская 3 «а»"
УФИЦ № 3 ИК-2,"г.Элиста, Северная промышленная зона-2, д.172"
Исправительный центр № 1,"г. Волгоград, ул.им. Землячки, 14"
УФИЦ №2 ИК-4,"Краснодарский край, Успенский район, п. Мичуринский, ул. Садовая, 22"
УФИЦ №1 ИК-4,"г. Армавир, ул. Володарского 1а"
Исправительный центр № 2,"г. Волгоград, ул.им. Бахтурова, 6"
УФИЦ ИК-2,"Краснодарский край, Усть-Лабинский район, ст. Воронежская, ул. Крайняя 1"
УФИЦ №1 ИК-1,"г. Симферополь, пер. Элеваторный, 5"
УФИЦ № 2 ИК-14,"г. Краснодар, Восточная промышленная зона, ул. Тихорецкая, 20/1"
УФИЦ №4 ИК-14,"г. Краснодар, Западный обход, 2-ое отделение АФ «Солнечная», 7/4"
УФИЦ № 2 ИК-1,"Крым и Севастополь, пгт. Красногвардейское, ул. Строителей, д. 13"
СИЗО-2 Симферополь,"г. Симферополь, пер. Элеваторный, 4"
УФИЦ № 3 ИК-1,"Крым и Севастополь, Джанкойский район, с. Яркое, ул. Ленина, д. 12"
УФИЦ № 1 ИК-9,"г. Старая Русса, ул. Клубная д. 3"
УФИЦ № 2 ИК-9,"Новгородская область, п. Парфино, ул. Кирова д. 52/71"
УФИЦ №3 ИК-9,"Новгородская область, п. Крестцы ул. Краснова д. 2"
Исправительный центр № 2,"г. Петрозаводск, ул.Жуковского, д.32 б"
УФИЦ ИК-25,"г. Сыктывкар, ул. 1-промышленная, д. 15"
УФИЦ-2,"г. Петрозаводск, проезд Строителей, д.30 б"
Исправительный центр № 1,"г. Емва, ул. Калинина, д.55 а"
УФИЦ № 3 ИК-14,"Краснодарский край, Северский район,  пгт. Ильский, улица Завода Утяжелитель, 45"
УФИЦ № 1 ИК-2,"Калмыкия, Целинный район, с. Троицкое, Северная промзона"
УФИЦ № 2 ИК-2,"г. Элиста, ул. Ленина, д. 329"
Исправительный центр № 1,"г. Майкоп, ул. Кожевенная,11"
УФИЦ № 5 ИК-14,"Краснодарский край, Славянский район, пос. Вишневый, ул. Парковая д. 1"
УФИЦ ИК-6,"Краснодарский край, Выселковский район,  ст. Новомалороссийская, ул. Степная, д. 2"
УФИЦ № 1 ИК-14,"г. Славянск-на Кубани, ул. Донская 3 «а»"
УФИЦ № 3 ИК-2,"г.Элиста, Северная промышленная зона-2, д.172"
Исправительный центр № 1,"г. Волгоград, ул.им. Землячки, 14"
УФИЦ №2 ИК-4,"Краснодарский край, Успенский район, п. Мичуринский, ул. Садовая, 22"
УФИЦ №1 ИК-4,"г. Армавир, ул. Володарского 1а"
Исправительный центр № 2,"г. Волгоград, ул.им. Бахтурова, 6"
УФИЦ ИК-2,"Краснодарский край, Усть-Лабинский район, ст. Воронежская, ул. Крайняя 1"
УФИЦ №1 ИК-1,"г. Симферополь, пер. Элеваторный, 5"
УФИЦ № 2 ИК-14,"г. Краснодар, Восточная промышленная зона, ул. Тихорецкая, 20/1"
УФИЦ №4 ИК-14,"г. Краснодар, Западный обход, 2-ое отделение АФ «Солнечная», 7/4"
УФИЦ № 2 ИК-1,"Крым и Севастополь, пгт. Красногвардейское, ул. Строителей, д. 13"
СИЗО-2 Симферополь,"г. Симферополь, пер. Элеваторный, 4"
УФИЦ № 3 ИК-1,"Крым и Севастополь, Джанкойский район, с. Яркое, ул. Ленина, д. 12"
УФИЦ № 1 ИК-9,"г. Старая Русса, ул. Клубная д. 3"
УФИЦ № 2 ИК-9,"Новгородская область, п. Парфино, ул. Кирова д. 52/71"
УФИЦ №3 ИК-9,"Новгородская область, п. Крестцы ул. Краснова д. 2"
Исправительный центр № 2,"г. Петрозаводск, ул.Жуковского, д.32 б"
УФИЦ ИК-25,"г. Сыктывкар, ул. 1-промышленная, д. 15"
УФИЦ-2,"г. Петрозаводск, проезд Строителей, д.30 б"
Исправительный центр № 1,"г. Емва, ул. Калинина, д.55 а"
УФИЦ № 3 ИК-14,"Краснодарский край, Северский район,  пгт. Ильский, улица Завода Утяжелитель, 45"
УФИЦ № 1 ИК-2,"Калмыкия, Целинный район, с. Троицкое, Северная промзона"
УФИЦ № 2 ИК-2,"г. Элиста, ул. Ленина, д. 329"
Исправительный центр № 1,"г. Майкоп, ул. Кожевенная,11"
УФИЦ № 5 ИК-14,"Краснодарский край, Славянский район, пос. Вишневый, ул. Парковая д. 1"
УФИЦ ИК-6,"Краснодарский край, Выселковский район,  ст. Новомалороссийская, ул. Степная, д. 2"
УФИЦ № 1 ИК-14,"г. Славянск-на Кубани, ул. Донская 3 «а»"
УФИЦ № 3 ИК-2,"г.Элиста, Северная промышленная зона-2, д.172"
Исправительный центр № 1,"г. Волгоград, ул.им. Землячки, 14"
УФИЦ №2 ИК-4,"Краснодарский край, Успенский район, п. Мичуринский, ул. Садовая, 22"
УФИЦ №1 ИК-4,"г. Армавир, ул. Володарского 1а"
Исправительный центр № 2,"г. Волгоград, ул.им. Бахтурова, 6"
УФИЦ ИК-2,"Краснодарский край, Усть-Лабинский район, ст. Воронежская, ул. Крайняя 1"
УФИЦ №1 ИК-1,"г. Симферополь, пер. Элеваторный, 5"
УФИЦ № 2 ИК-14,"г. Краснодар, Восточная промышленная зона, ул. Тихорецкая, 20/1"
УФИЦ №4 ИК-14,"г. Краснодар, Западный обход, 2-ое отделение АФ «Солнечная», 7/4"
УФИЦ № 2 ИК-1,"Крым и Севастополь, пгт. Красногвардейское, ул. Строителей, д. 13"
СИЗО-2 Симферополь,"г. Симферополь, пер. Элеваторный, 4"
УФИЦ № 3 ИК-1,"Крым и Севастополь, Джанкойский район, с. Яркое, ул. Ленина, д. 12"
УФИЦ № 1 ИК-9,"г. Старая Русса, ул. Клубная д. 3"
УФИЦ № 2 ИК-9,"Новгородская область, п. Парфино, ул. Кирова д. 52/71"
УФИЦ №3 ИК-9,"Новгородская область, п. Крестцы ул. Краснова д. 2"
Исправительный центр № 2,"г. Петрозаводск, ул.Жуковского, д.32 б"
УФИЦ ИК-25,"г. Сыктывкар, ул. 1-промышленная, д. 15"
УФИЦ-2,"г. Петрозаводск, проезд Строителей, д.30 б"
Исправительный центр № 1,"г. Емва, ул. Калинина, д.55 а"
УФИЦ № 3 ИК-14,"Краснодарский край, Северский район,  пгт. Ильский, улица Завода Утяжелитель, 45"
УФИЦ № 1 ИК-2,"Калмыкия, Целинный район, с. Троицкое, Северная промзона"
УФИЦ № 2 ИК-2,"г. Элиста, ул. Ленина, д. 329"
Исправительный центр № 1,"г. Майкоп, ул. Кожевенная,11"
УФИЦ № 5 ИК-14,"Краснодарский край, Славянский район, пос. Вишневый, ул. Парковая д. 1"
УФИЦ ИК-6,"Краснодарский край, Выселковский район,  ст. Новомалороссийская, ул. Степная, д. 2"
УФИЦ № 1 ИК-14,"г. Славянск-на Кубани, ул. Донская 3 «а»"
УФИЦ № 3 ИК-2,"г.Элиста, Северная промышленная зона-2, д.172"
Исправительный центр № 1,"г. Волгоград, ул.им. Землячки, 14"
УФИЦ №2 ИК-4,"Краснодарский край, Успенский район, п. Мичуринский, ул. Садовая, 22"
УФИЦ №1 ИК-4,"г. Армавир, ул. Володарского 1а"
Исправительный центр № 2,"г. Волгоград, ул.им. Бахтурова, 6"
УФИЦ ИК-2,"Краснодарский край, Усть-Лабинский район, ст. Воронежская, ул. Крайняя 1"
УФИЦ №1 ИК-1,"г. Симферополь, пер. Элеваторный, 5"
УФИЦ № 2 ИК-14,"г. Краснодар, Восточная промышленная зона, ул. Тихорецкая, 20/1"
УФИЦ №4 ИК-14,"г. Краснодар, Западный обход, 2-ое отделение АФ «Солнечная», 7/4"
УФИЦ № 2 ИК-1,"Крым и Севастополь, пгт. Красногвардейское, ул. Строителей, д. 13"
СИЗО-2 Симферополь,"г. Симферополь, пер. Элеваторный, 4"
УФИЦ № 3 ИК-1,"Крым и Севастополь, Джанкойский район, с. Яркое, ул. Ленина, д. 12"
УФИЦ № 1 ИК-9,"г. Старая Русса, ул. Клубная д. 3"
УФИЦ № 2 ИК-9,"Новгородская область, п. Парфино, ул. Кирова д. 52/71"
УФИЦ №3 ИК-9,"Новгородская область, п. Крестцы ул. Краснова д. 2"
Исправительный центр № 2,"г. Петрозаводск, ул.Жуковского, д.32 б"
УФИЦ ИК-25,"г. Сыктывкар, ул. 1-промышленная, д. 15"
УФИЦ-2,"г. Петрозаводск, проезд Строителей, д.30 б"
Исправительный центр № 1,"г. Емва, ул. Калинина, д.55 а"
УФИЦ № 3 ИК-14,"Краснодарский край, Северский район,  пгт. Ильский, улица Завода Утяжелитель, 45"
УФИЦ № 1 ИК-2,"Калмыкия, Целинный район, с. Троицкое, Северная промзона"
УФИЦ № 2 ИК-2,"г. Элиста, ул. Ленина, д. 329"
Исправительный центр № 1,"г. Майкоп, ул. Кожевенная,11"
УФИЦ № 5 ИК-14,"Краснодарский край, Славянский район, пос. Вишневый, ул. Парковая д. 1"
УФИЦ ИК-6,"Краснодарский край, Выселковский район,  ст. Новомалороссийская, ул. Степная, д. 2"
УФИЦ № 1 ИК-14,"г. Славянск-на Кубани, ул. Донская 3 «а»"
УФИЦ № 3 ИК-2,"г.Элиста, Северная промышленная зона-2, д.172"
Исправительный центр № 1,"г. Волгоград, ул.им. Землячки, 14"
УФИЦ №2 ИК-4,"Краснодарский край, Успенский район, п. Мичуринский, ул. Садовая, 22"
УФИЦ №1 ИК-4,"г. Армавир, ул. Володарского 1а"
Исправительный центр № 2,"г. Волгоград, ул.им. Бахтурова, 6"
УФИЦ ИК-2,"Краснодарский край, Усть-Лабинский район, ст. Воронежская, ул. Крайняя 1"
УФИЦ №1 ИК-1,"г. Симферополь, пер. Элеваторный, 5"
УФИЦ № 2 ИК-14,"г. Краснодар, Восточная промышленная зона, ул. Тихорецкая, 20/1"
УФИЦ №4 ИК-14,"г. Краснодар, Западный обход, 2-ое отделение АФ «Солнечная», 7/4"
УФИЦ № 2 ИК-1,"Крым и Севастополь, пгт. Красногвардейское, ул. Строителей, д. 13"
СИЗО-2 Симферополь,"г. Симферополь, пер. Элеваторный, 4"
УФИЦ № 3 ИК-1,"Крым и Севастополь, Джанкойский район, с. Яркое, ул. Ленина, д. 12"
УФИЦ № 1 ИК-9,"г. Старая Русса, ул. Клубная д. 3"
УФИЦ № 2 ИК-9,"Новгородская область, п. Парфино, ул. Кирова д. 52/71"
УФИЦ №3 ИК-9,"Новгородская область, п. Крестцы ул. Краснова д. 2"
Исправительный центр № 2,"г. Петрозаводск, ул.Жуковского, д.32 б"
УФИЦ ИК-25,"г. Сыктывкар, ул. 1-промышленная, д. 15"
УФИЦ-2,"г. Петрозаводск, проезд Строителей, д.30 б"
Исправительный центр № 1,"г. Емва, ул. Калинина, д.55 а"
УФИЦ № 3 ИК-14,"Краснодарский край, Северский район,  пгт. Ильский, улица Завода Утяжелитель, 45"
УФИЦ № 1 ИК-2,"Калмыкия, Целинный район, с. Троицкое, Северная промзона"
УФИЦ № 2 ИК-2,"г. Элиста, ул. Ленина, д. 329"
Исправительный центр № 1,"г. Майкоп, ул. Кожевенная,11"
УФИЦ № 5 ИК-14,"Краснодарский край, Славянский район, пос. Вишневый, ул. Парковая д. 1"
УФИЦ ИК-6,"Краснодарский край, Выселковский район,  ст. Новомалороссийская, ул. Степная, д. 2"
УФИЦ № 1 ИК-14,"г. Славянск-на Кубани, ул. Донская 3 «а»"
УФИЦ № 3 ИК-2,"г.Элиста, Северная промышленная зона-2, д.172"
Исправительный центр № 1,"г. Волгоград, ул.им. Землячки, 14"
УФИЦ №2 ИК-4,"Краснодарский край, Успенский район, п. Мичуринский, ул. Садовая, 22"
УФИЦ №1 ИК-4,"г. Армавир, ул. Володарского 1а"
Исправительный центр № 2,"г. Волгоград, ул.им. Бахтурова, 6"
УФИЦ ИК-2,"Краснодарский край, Усть-Лабинский район, ст. Воронежская, ул. Крайняя 1"
УФИЦ №1 ИК-1,"г. Симферополь, пер. Элеваторный, 5"
УФИЦ № 2 ИК-14,"г. Краснодар, Восточная промышленная зона, ул. Тихорецкая, 20/1"
УФИЦ №4 ИК-14,"г. Краснодар, Западный обход, 2-ое отделение АФ «Солнечная», 7/4"
УФИЦ № 2 ИК-1,"Крым и Севастополь, пгт. Красногвардейское, ул. Строителей, д. 13"
СИЗО-2 Симферополь,"г. Симферополь, пер. Элеваторный, 4"
УФИЦ № 3 ИК-1,"Крым и Севастополь, Джанкойский район, с. Яркое, ул. Ленина, д. 12"
УФИЦ № 1 ИК-9,"г. Старая Русса, ул. Клубная д. 3"
УФИЦ № 2 ИК-9,"Новгородская область, п. Парфино, ул. Кирова д. 52/71"
УФИЦ №3 ИК-9,"Новгородская область, п. Крестцы ул. Краснова д. 2"
Исправительный центр № 2,"г. Петрозаводск, ул.Жуковского, д.32 б"
УФИЦ ИК-25,"г. Сыктывкар, ул. 1-промышленная, д. 15"
УФИЦ-2,"г. Петрозаводск, проезд Строителей, д.30 б"
Исправительный центр № 1,"г. Емва, ул. Калинина, д.55 а"
УФИЦ № 3 ИК-14,"Краснодарский край, Северский район,  пгт. Ильский, улица Завода Утяжелитель, 45"
УФИЦ № 1 ИК-2,"Калмыкия, Целинный район, с. Троицкое, Северная промзона"
УФИЦ № 2 ИК-2,"г. Элиста, ул. Ленина, д. 329"
Исправительный центр № 1,"г. Майкоп, ул. Кожевенная,11"
УФИЦ № 5 ИК-14,"Краснодарский край, Славянский район, пос. Вишневый, ул. Парковая д. 1"
УФИЦ ИК-6,"Краснодарский край, Выселковский район,  ст. Новомалороссийская, ул. Степная, д. 2"
УФИЦ № 1 ИК-14,"г. Славянск-на Кубани, ул. Донская 3 «а»"
УФИЦ № 3 ИК-2,"г.Элиста, Северная промышленная зона-2, д.172"
Исправительный центр № 1,"г. Волгоград, ул.им. Землячки, 14"
УФИЦ №2 ИК-4,"Краснодарский край, Успенский район, п. Мичуринский, ул. Садовая, 22"
УФИЦ №1 ИК-4,"г. Армавир, ул. Володарского 1а"
Исправительный центр № 2,"г. Волгоград, ул.им. Бахтурова, 6"
УФИЦ ИК-2,"Краснодарский край, Усть-Лабинский район, ст. Воронежская, ул. Крайняя 1"
УФИЦ №1 ИК-1,"г. Симферополь, пер. Элеваторный, 5"
УФИЦ № 2 ИК-14,"г. Краснодар, Восточная промышленная зона, ул. Тихорецкая, 20/1"
УФИЦ №4 ИК-14,"г. Краснодар, Западный обход, 2-ое отделение АФ «Солнечная», 7/4"
УФИЦ № 2 ИК-1,"Крым и Севастополь, пгт. Красногвардейское, ул. Строителей, д. 13"
СИЗО-2 Симферополь,"г. Симферополь, пер. Элеваторный, 4"
УФИЦ № 3 ИК-1,"Крым и Севастополь, Джанкойский район, с. Яркое, ул. Ленина, д. 12"
УФИЦ № 1 ИК-9,"г. Старая Русса, ул. Клубная д. 3"
УФИЦ № 2 ИК-9,"Новгородская область, п. Парфино, ул. Кирова д. 52/71"
УФИЦ №3 ИК-9,"Новгородская область, п. Крестцы ул. Краснова д. 2"
Исправительный центр № 2,"г. Петрозаводск, ул.Жуковского, д.32 б"
УФИЦ ИК-25,"г. Сыктывкар, ул. 1-промышленная, д. 15"
УФИЦ-2,"г. Петрозаводск, проезд Строителей, д.30 б"
Исправительный центр № 1,"г. Емва, ул. Калинина, д.55 а"
УФИЦ № 3 ИК-14,"Краснодарский край, Северский район,  пгт. Ильский, улица Завода Утяжелитель, 45"
УФИЦ № 1 ИК-2,"Калмыкия, Целинный район, с. Троицкое, Северная промзона"
УФИЦ № 2 ИК-2,"г. Элиста, ул. Ленина, д. 329"
Исправительный центр № 1,"г. Майкоп, ул. Кожевенная,11"
УФИЦ № 5 ИК-14,"Краснодарский край, Славянский район, пос. Вишневый, ул. Парковая д. 1"
УФИЦ ИК-6,"Краснодарский край, Выселковский район,  ст. Новомалороссийская, ул. Степная, д. 2"
УФИЦ № 1 ИК-14,"г. Славянск-на Кубани, ул. Донская 3 «а»"
УФИЦ № 3 ИК-2,"г.Элиста, Северная промышленная зона-2, д.172"
Исправительный центр № 1,"г. Волгоград, ул.им. Землячки, 14"
УФИЦ №2 ИК-4,"Краснодарский край, Успенский район, п. Мичуринский, ул. Садовая, 22"
УФИЦ №1 ИК-4,"г. Армавир, ул. Володарского 1а"
Исправительный центр № 2,"г. Волгоград, ул.им. Бахтурова, 6"
УФИЦ ИК-2,"Краснодарский край, Усть-Лабинский район, ст. Воронежская, ул. Крайняя 1"
УФИЦ №1 ИК-1,"г. Симферополь, пер. Элеваторный, 5"
УФИЦ № 2 ИК-14,"г. Краснодар, Восточная промышленная зона, ул. Тихорецкая, 20/1"
УФИЦ №4 ИК-14,"г. Краснодар, Западный обход, 2-ое отделение АФ «Солнечная», 7/4"
УФИЦ № 2 ИК-1,"Крым и Севастополь, пгт. Красногвардейское, ул. Строителей, д. 13"
СИЗО-2 Симферополь,"г. Симферополь, пер. Элеваторный, 4"
УФИЦ № 3 ИК-1,"Крым и Севастополь, Джанкойский район, с. Яркое, ул. Ленина, д. 12"
УФИЦ № 1 ИК-9,"г. Старая Русса, ул. Клубная д. 3"
УФИЦ № 2 ИК-9,"Новгородская область, п. Парфино, ул. Кирова д. 52/71"
УФИЦ №3 ИК-9,"Новгородская область, п. Крестцы ул. Краснова д. 2"
Исправительный центр № 2,"г. Петрозаводск, ул.Жуковского, д.32 б"
УФИЦ ИК-25,"г. Сыктывкар, ул. 1-промышленная, д. 15"
УФИЦ-2,"г. Петрозаводск, проезд Строителей, д.30 б"
Исправительный центр № 1,"г. Емва, ул. Калинина, д.55 а"
УФИЦ № 3 ИК-14,"Краснодарский край, Северский район,  пгт. Ильский, улица Завода Утяжелитель, 45"
УФИЦ № 1 ИК-2,"Калмыкия, Целинный район, с. Троицкое, Северная промзона"
УФИЦ № 2 ИК-2,"г. Элиста, ул. Ленина, д. 329"
Исправительный центр № 1,"г. Майкоп, ул. Кожевенная,11"
УФИЦ № 5 ИК-14,"Краснодарский край, Славянский район, пос. Вишневый, ул. Парковая д. 1"
УФИЦ ИК-6,"Краснодарский край, Выселковский район,  ст. Новомалороссийская, ул. Степная, д. 2"
УФИЦ № 1 ИК-14,"г. Славянск-на Кубани, ул. Донская 3 «а»"
УФИЦ № 3 ИК-2,"г.Элиста, Северная промышленная зона-2, д.172"
Исправительный центр № 1,"г. Волгоград, ул.им. Землячки, 14"
УФИЦ №2 ИК-4,"Краснодарский край, Успенский район, п. Мичуринский, ул. Садовая, 22"
УФИЦ №1 ИК-4,"г. Армавир, ул. Володарского 1а"
Исправительный центр № 2,"г. Волгоград, ул.им. Бахтурова, 6"
УФИЦ ИК-2,"Краснодарский край, Усть-Лабинский район, ст. Воронежская, ул. Крайняя 1"
УФИЦ №1 ИК-1,"г. Симферополь, пер. Элеваторный, 5"
УФИЦ № 2 ИК-14,"г. Краснодар, Восточная промышленная зона, ул. Тихорецкая, 20/1"
УФИЦ №4 ИК-14,"г. Краснодар, Западный обход, 2-ое отделение АФ «Солнечная», 7/4"
УФИЦ № 2 ИК-1,"Крым и Севастополь, пгт. Красногвардейское, ул. Строителей, д. 13"
СИЗО-2 Симферополь,"г. Симферополь, пер. Элеваторный, 4"
УФИЦ № 3 ИК-1,"Крым и Севастополь, Джанкойский район, с. Яркое, ул. Ленина, д. 12"
УФИЦ № 1 ИК-9,"г. Старая Русса, ул. Клубная д. 3"
УФИЦ № 2 ИК-9,"Новгородская область, п. Парфино, ул. Кирова д. 52/71"
УФИЦ №3 ИК-9,"Новгородская область, п. Крестцы ул. Краснова д. 2"
Исправительный центр № 2,"г. Петрозаводск, ул.Жуковского, д.32 б"
УФИЦ ИК-25,"г. Сыктывкар, ул. 1-промышленная, д. 15"
УФИЦ-2,"г. Петрозаводск, проезд Строителей, д.30 б"
Исправительный центр № 1,"г. Емва, ул. Калинина, д.55 а"
УФИЦ № 3 ИК-14,"Краснодарский край, Северский район,  пгт. Ильский, улица Завода Утяжелитель, 45"
УФИЦ № 1 ИК-2,"Калмыкия, Целинный район, с. Троицкое, Северная промзона"
УФИЦ № 2 ИК-2,"г. Элиста, ул. Ленина, д. 329"
Исправительный центр № 1,"г. Майкоп, ул. Кожевенная,11"
УФИЦ № 5 ИК-14,"Краснодарский край, Славянский район, пос. Вишневый, ул. Парковая д. 1"
УФИЦ ИК-6,"Краснодарский край, Выселковский район,  ст. Новомалороссийская, ул. Степная, д. 2"
УФИЦ № 1 ИК-14,"г. Славянск-на Кубани, ул. Донская 3 «а»"
УФИЦ № 3 ИК-2,"г.Элиста, Северная промышленная зона-2, д.172"
Исправительный центр № 1,"г. Волгоград, ул.им. Землячки, 14"
УФИЦ №2 ИК-4,"Краснодарский край, Успенский район, п. Мичуринский, ул. Садовая, 22"
УФИЦ №1 ИК-4,"г. Армавир, ул. Володарского 1а"
Исправительный центр № 2,"г. Волгоград, ул.им. Бахтурова, 6"
УФИЦ ИК-2,"Краснодарский край, Усть-Лабинский район, ст. Воронежская, ул. Крайняя 1"
УФИЦ №1 ИК-1,"г. Симферополь, пер. Элеваторный, 5"
УФИЦ № 2 ИК-14,"г. Краснодар, Восточная промышленная зона, ул. Тихорецкая, 20/1"
УФИЦ №4 ИК-14,"г. Краснодар, Западный обход, 2-ое отделение АФ «Солнечная», 7/4"
УФИЦ № 2 ИК-1,"Крым и Севастополь, пгт. Красногвардейское, ул. Строителей, д. 13"
СИЗО-2 Симферополь,"г. Симферополь, пер. Элеваторный, 4"
УФИЦ № 3 ИК-1,"Крым и Севастополь, Джанкойский район, с. Яркое, ул. Ленина, д. 12"
УФИЦ № 1 ИК-9,"г. Старая Русса, ул. Клубная д. 3"
УФИЦ № 2 ИК-9,"Новгородская область, п. Парфино, ул. Кирова д. 52/71"
УФИЦ №3 ИК-9,"Новгородская область, п. Крестцы ул. Краснова д. 2"
Исправительный центр № 2,"г. Петрозаводск, ул.Жуковского, д.32 б"
УФИЦ ИК-25,"г. Сыктывкар, ул. 1-промышленная, д. 15"
УФИЦ-2,"г. Петрозаводск, проезд Строителей, д.30 б"
Исправительный центр № 1,"г. Емва, ул. Калинина, д.55 а"
УФИЦ № 3 ИК-14,"Краснодарский край, Северский район,  пгт. Ильский, улица Завода Утяжелитель, 45"
УФИЦ № 1 ИК-2,"Калмыкия, Целинный район, с. Троицкое, Северная промзона"
УФИЦ № 2 ИК-2,"г. Элиста, ул. Ленина, д. 329"
Исправительный центр № 1,"г. Майкоп, ул. Кожевенная,11"
УФИЦ № 5 ИК-14,"Краснодарский край, Славянский район, пос. Вишневый, ул. Парковая д. 1"
УФИЦ ИК-6,"Краснодарский край, Выселковский район,  ст. Новомалороссийская, ул. Степная, д. 2"
УФИЦ № 1 ИК-14,"г. Славянск-на Кубани, ул. Донская 3 «а»"
УФИЦ № 3 ИК-2,"г.Элиста, Северная промышленная зона-2, д.172"
Исправительный центр № 1,"г. Волгоград, ул.им. Землячки, 14"
УФИЦ №2 ИК-4,"Краснодарский край, Успенский район, п. Мичуринский, ул. Садовая, 22"
УФИЦ №1 ИК-4,"г. Армавир, ул. Володарского 1а"
Исправительный центр № 2,"г. Волгоград, ул.им. Бахтурова, 6"
УФИЦ ИК-2,"Краснодарский край, Усть-Лабинский район, ст. Воронежская, ул. Крайняя 1"
УФИЦ №1 ИК-1,"г. Симферополь, пер. Элеваторный, 5"
УФИЦ № 2 ИК-14,"г. Краснодар, Восточная промышленная зона, ул. Тихорецкая, 20/1"
УФИЦ №4 ИК-14,"г. Краснодар, Западный обход, 2-ое отделение АФ «Солнечная», 7/4"
УФИЦ № 2 ИК-1,"Крым и Севастополь, пгт. Красногвардейское, ул. Строителей, д. 13"
СИЗО-2 Симферополь,"г. Симферополь, пер. Элеваторный, 4"
УФИЦ № 3 ИК-1,"Крым и Севастополь, Джанкойский район, с. Яркое, ул. Ленина, д. 12"
УФИЦ № 1 ИК-9,"г. Старая Русса, ул. Клубная д. 3"
УФИЦ № 2 ИК-9,"Новгородская область, п. Парфино, ул. Кирова д. 52/71"
УФИЦ №3 ИК-9,"Новгородская область, п. Крестцы ул. Краснова д. 2"
Исправительный центр № 2,"г. Петрозаводск, ул.Жуковского, д.32 б"
УФИЦ ИК-25,"г. Сыктывкар, ул. 1-промышленная, д. 15"
УФИЦ-2,"г. Петрозаводск, проезд Строителей, д.30 б"
Исправительный центр № 1,"г. Емва, ул. Калинина, д.55 а"
УФИЦ № 3 ИК-14,"Краснодарский край, Северский район,  пгт. Ильский, улица Завода Утяжелитель, 45"
УФИЦ № 1 ИК-2,"Калмыкия, Целинный район, с. Троицкое, Северная промзона"
УФИЦ № 2 ИК-2,"г. Элиста, ул. Ленина, д. 329"
Исправительный центр № 1,"г. Майкоп, ул. Кожевенная,11"
УФИЦ № 5 ИК-14,"Краснодарский край, Славянский район, пос. Вишневый, ул. Парковая д. 1"
УФИЦ ИК-6,"Краснодарский край, Выселковский район,  ст. Новомалороссийская, ул. Степная, д. 2"
УФИЦ № 1 ИК-14,"г. Славянск-на Кубани, ул. Донская 3 «а»"
УФИЦ № 3 ИК-2,"г.Элиста, Северная промышленная зона-2, д.172"
Исправительный центр № 1,"г. Волгоград, ул.им. Землячки, 14"
УФИЦ №2 ИК-4,"Краснодарский край, Успенский район, п. Мичуринский, ул. Садовая, 22"
УФИЦ №1 ИК-4,"г. Армавир, ул. Володарского 1а"
Исправительный центр № 2,"г. Волгоград, ул.им. Бахтурова, 6"
УФИЦ ИК-2,"Краснодарский край, Усть-Лабинский район, ст. Воронежская, ул. Крайняя 1"
УФИЦ №1 ИК-1,"г. Симферополь, пер. Элеваторный, 5"
УФИЦ № 2 ИК-14,"г. Краснодар, Восточная промышленная зона, ул. Тихорецкая, 20/1"
УФИЦ №4 ИК-14,"г. Краснодар, Западный обход, 2-ое отделение АФ «Солнечная», 7/4"
УФИЦ № 2 ИК-1,"Крым и Севастополь, пгт. Красногвардейское, ул. Строителей, д. 13"
СИЗО-2 Симферополь,"г. Симферополь, пер. Элеваторный, 4"
УФИЦ № 3 ИК-1,"Крым и Севастополь, Джанкойский район, с. Яркое, ул. Ленина, д. 12"
УФИЦ № 1 ИК-9,"г. Старая Русса, ул. Клубная д. 3"
УФИЦ № 2 ИК-9,"Новгородская область, п. Парфино, ул. Кирова д. 52/71"
УФИЦ №3 ИК-9,"Новгородская область, п. Крестцы ул. Краснова д. 2"
Исправительный центр № 2,"г. Петрозаводск, ул.Жуковского, д.32 б"
УФИЦ ИК-25,"г. Сыктывкар, ул. 1-промышленная, д. 15"
УФИЦ-2,"г. Петрозаводск, проезд Строителей, д.30 б"
Исправительный центр № 1,"г. Емва, ул. Калинина, д.55 а"
УФИЦ № 3 ИК-14,"Краснодарский край, Северский район,  пгт. Ильский, улица Завода Утяжелитель, 45"
УФИЦ № 1 ИК-2,"Калмыкия, Целинный район, с. Троицкое, Северная промзона"
УФИЦ № 2 ИК-2,"г. Элиста, ул. Ленина, д. 329"
Исправительный центр № 1,"г. Майкоп, ул. Кожевенная,11"
УФИЦ № 5 ИК-14,"Краснодарский край, Славянский район, пос. Вишневый, ул. Парковая д. 1"
УФИЦ ИК-6,"Краснодарский край, Выселковский район,  ст. Новомалороссийская, ул. Степная, д. 2"
УФИЦ № 1 ИК-14,"г. Славянск-на Кубани, ул. Донская 3 «а»"
УФИЦ № 3 ИК-2,"г.Элиста, Северная промышленная зона-2, д.172"
Исправительный центр № 1,"г. Волгоград, ул.им. Землячки, 14"
УФИЦ №2 ИК-4,"Краснодарский край, Успенский район, п. Мичуринский, ул. Садовая, 22"
УФИЦ №1 ИК-4,"г. Армавир, ул. Володарского 1а"
Исправительный центр № 2,"г. Волгоград, ул.им. Бахтурова, 6"
УФИЦ ИК-2,"Краснодарский край, Усть-Лабинский район, ст. Воронежская, ул. Крайняя 1"
УФИЦ №1 ИК-1,"г. Симферополь, пер. Элеваторный, 5"
УФИЦ № 2 ИК-14,"г. Краснодар, Восточная промышленная зона, ул. Тихорецкая, 20/1"
УФИЦ №4 ИК-14,"г. Краснодар, Западный обход, 2-ое отделение АФ «Солнечная», 7/4"
УФИЦ № 2 ИК-1,"Крым и Севастополь, пгт. Красногвардейское, ул. Строителей, д. 13"
СИЗО-2 Симферополь,"г. Симферополь, пер. Элеваторный, 4"
УФИЦ № 3 ИК-1,"Крым и Севастополь, Джанкойский район, с. Яркое, ул. Ленина, д. 12"
УФИЦ № 1 ИК-9,"г. Старая Русса, ул. Клубная д. 3"
УФИЦ № 2 ИК-9,"Новгородская область, п. Парфино, ул. Кирова д. 52/71"
УФИЦ №3 ИК-9,"Новгородская область, п. Крестцы ул. Краснова д. 2"
Исправительный центр № 2,"г. Петрозаводск, ул.Жуковского, д.32 б"
УФИЦ ИК-25,"г. Сыктывкар, ул. 1-промышленная, д. 15"
УФИЦ-2,"г. Петрозаводск, проезд Строителей, д.30 б"
Исправительный центр № 1,"г. Емва, ул. Калинина, д.55 а"
УФИЦ № 3 ИК-14,"Краснодарский край, Северский район,  пгт. Ильский, улица Завода Утяжелитель, 45"
УФИЦ № 1 ИК-2,"Калмыкия, Целинный район, с. Троицкое, Северная промзона"
УФИЦ № 2 ИК-2,"г. Элиста, ул. Ленина, д. 329"
Исправительный центр № 1,"г. Майкоп, ул. Кожевенная,11"
УФИЦ № 5 ИК-14,"Краснодарский край, Славянский район, пос. Вишневый, ул. Парковая д. 1"
УФИЦ ИК-6,"Краснодарский край, Выселковский район,  ст. Новомалороссийская, ул. Степная, д. 2"
УФИЦ № 1 ИК-14,"г. Славянск-на Кубани, ул. Донская 3 «а»"
УФИЦ № 3 ИК-2,"г.Элиста, Северная промышленная зона-2, д.172"
Исправительный центр № 1,"г. Волгоград, ул.им. Землячки, 14"
УФИЦ №2 ИК-4,"Краснодарский край, Успенский район, п. Мичуринский, ул. Садовая, 22"
УФИЦ №1 ИК-4,"г. Армавир, ул. Володарского 1а"
Исправительный центр № 2,"г. Волгоград, ул.им. Бахтурова, 6"
УФИЦ ИК-2,"Краснодарский край, Усть-Лабинский район, ст. Воронежская, ул. Крайняя 1"
УФИЦ №1 ИК-1,"г. Симферополь, пер. Элеваторный, 5"
УФИЦ № 2 ИК-14,"г. Краснодар, Восточная промышленная зона, ул. Тихорецкая, 20/1"
УФИЦ №4 ИК-14,"г. Краснодар, Западный обход, 2-ое отделение АФ «Солнечная», 7/4"
УФИЦ № 2 ИК-1,"Крым и Севастополь, пгт. Красногвардейское, ул. Строителей, д. 13"
СИЗО-2 Симферополь,"г. Симферополь, пер. Элеваторный, 4"
УФИЦ № 3 ИК-1,"Крым и Севастополь, Джанкойский район, с. Яркое, ул. Ленина, д. 12"
УФИЦ № 1 ИК-9,"г. Старая Русса, ул. Клубная д. 3"
УФИЦ № 2 ИК-9,"Новгородская область, п. Парфино, ул. Кирова д. 52/71"
УФИЦ №3 ИК-9,"Новгородская область, п. Крестцы ул. Краснова д. 2"
Исправительный центр № 2,"г. Петрозаводск, ул.Жуковского, д.32 б"
УФИЦ ИК-25,"г. Сыктывкар, ул. 1-промышленная, д. 15"
УФИЦ-2,"г. Петрозаводск, проезд Строителей, д.30 б"
Исправительный центр № 1,"г. Емва, ул. Калинина, д.55 а"
УФИЦ № 3 ИК-14,"Краснодарский край, Северский район,  пгт. Ильский, улица Завода Утяжелитель, 45"
УФИЦ № 1 ИК-2,"Калмыкия, Целинный район, с. Троицкое, Северная промзона"
УФИЦ № 2 ИК-2,"г. Элиста, ул. Ленина, д. 329"
Исправительный центр № 1,"г. Майкоп, ул. Кожевенная,11"
УФИЦ № 5 ИК-14,"Краснодарский край, Славянский район, пос. Вишневый, ул. Парковая д. 1"
УФИЦ ИК-6,"Краснодарский край, Выселковский район,  ст. Новомалороссийская, ул. Степная, д. 2"
УФИЦ № 1 ИК-14,"г. Славянск-на Кубани, ул. Донская 3 «а»"
УФИЦ № 3 ИК-2,"г.Элиста, Северная промышленная зона-2, д.172"
Исправительный центр № 1,"г. Волгоград, ул.им. Землячки, 14"
УФИЦ №2 ИК-4,"Краснодарский край, Успенский район, п. Мичуринский, ул. Садовая, 22"
УФИЦ №1 ИК-4,"г. Армавир, ул. Володарского 1а"
Исправительный центр № 2,"г. Волгоград, ул.им. Бахтурова, 6"
УФИЦ ИК-2,"Краснодарский край, Усть-Лабинский район, ст. Воронежская, ул. Крайняя 1"
УФИЦ №1 ИК-1,"г. Симферополь, пер. Элеваторный, 5"
УФИЦ № 2 ИК-14,"г. Краснодар, Восточная промышленная зона, ул. Тихорецкая, 20/1"
УФИЦ №4 ИК-14,"г. Краснодар, Западный обход, 2-ое отделение АФ «Солнечная», 7/4"
УФИЦ № 2 ИК-1,"Крым и Севастополь, пгт. Красногвардейское, ул. Строителей, д. 13"
СИЗО-2 Симферополь,"г. Симферополь, пер. Элеваторный, 4"
УФИЦ № 3 ИК-1,"Крым и Севастополь, Джанкойский район, с. Яркое, ул. Ленина, д. 12"
УФИЦ № 1 ИК-9,"г. Старая Русса, ул. Клубная д. 3"
УФИЦ № 2 ИК-9,"Новгородская область, п. Парфино, ул. Кирова д. 52/71"
УФИЦ №3 ИК-9,"Новгородская область, п. Крестцы ул. Краснова д. 2"
Исправительный центр № 2,"г. Петрозаводск, ул.Жуковского, д.32 б"
УФИЦ ИК-25,"г. Сыктывкар, ул. 1-промышленная, д. 15"
УФИЦ-2,"г. Петрозаводск, проезд Строителей, д.30 б"
Исправительный центр № 1,"г. Емва, ул. Калинина, д.55 а"
УФИЦ № 3 ИК-14,"Краснодарский край, Северский район,  пгт. Ильский, улица Завода Утяжелитель, 45"
УФИЦ № 1 ИК-2,"Калмыкия, Целинный район, с. Троицкое, Северная промзона"
УФИЦ № 2 ИК-2,"г. Элиста, ул. Ленина, д. 329"
Исправительный центр № 1,"г. Майкоп, ул. Кожевенная,11"
УФИЦ № 5 ИК-14,"Краснодарский край, Славянский район, пос. Вишневый, ул. Парковая д. 1"
УФИЦ ИК-6,"Краснодарский край, Выселковский район,  ст. Новомалороссийская, ул. Степная, д. 2"
УФИЦ № 1 ИК-14,"г. Славянск-на Кубани, ул. Донская 3 «а»"
УФИЦ № 3 ИК-2,"г.Элиста, Северная промышленная зона-2, д.172"
Исправительный центр № 1,"г. Волгоград, ул.им. Землячки, 14"
УФИЦ №2 ИК-4,"Краснодарский край, Успенский район, п. Мичуринский, ул. Садовая, 22"
УФИЦ №1 ИК-4,"г. Армавир, ул. Володарского 1а"
Исправительный центр № 2,"г. Волгоград, ул.им. Бахтурова, 6"
УФИЦ ИК-2,"Краснодарский край, Усть-Лабинский район, ст. Воронежская, ул. Крайняя 1"
УФИЦ №1 ИК-1,"г. Симферополь, пер. Элеваторный, 5"
УФИЦ № 2 ИК-14,"г. Краснодар, Восточная промышленная зона, ул. Тихорецкая, 20/1"
УФИЦ №4 ИК-14,"г. Краснодар, Западный обход, 2-ое отделение АФ «Солнечная», 7/4"
УФИЦ № 2 ИК-1,"Крым и Севастополь, пгт. Красногвардейское, ул. Строителей, д. 13"
СИЗО-2 Симферополь,"г. Симферополь, пер. Элеваторный, 4"
УФИЦ № 3 ИК-1,"Крым и Севастополь, Джанкойский район, с. Яркое, ул. Ленина, д. 12"
УФИЦ № 1 ИК-9,"г. Старая Русса, ул. Клубная д. 3"
УФИЦ № 2 ИК-9,"Новгородская область, п. Парфино, ул. Кирова д. 52/71"
УФИЦ №3 ИК-9,"Новгородская область, п. Крестцы ул. Краснова д. 2"
Исправительный центр № 2,"г. Петрозаводск, ул.Жуковского, д.32 б"
УФИЦ ИК-25,"г. Сыктывкар, ул. 1-промышленная, д. 15"
УФИЦ-2,"г. Петрозаводск, проезд Строителей, д.30 б"
Исправительный центр № 1,"г. Емва, ул. Калинина, д.55 а"
УФИЦ № 3 ИК-14,"Краснодарский край, Северский район,  пгт. Ильский, улица Завода Утяжелитель, 45"
УФИЦ № 1 ИК-2,"Калмыкия, Целинный район, с. Троицкое, Северная промзона"
УФИЦ № 2 ИК-2,"г. Элиста, ул. Ленина, д. 329"
Исправительный центр № 1,"г. Майкоп, ул. Кожевенная,11"
УФИЦ № 5 ИК-14,"Краснодарский край, Славянский район, пос. Вишневый, ул. Парковая д. 1"
УФИЦ ИК-6,"Краснодарский край, Выселковский район,  ст. Новомалороссийская, ул. Степная, д. 2"
УФИЦ № 1 ИК-14,"г. Славянск-на Кубани, ул. Донская 3 «а»"
УФИЦ № 3 ИК-2,"г.Элиста, Северная промышленная зона-2, д.172"
Исправительный центр № 1,"г. Волгоград, ул.им. Землячки, 14"
УФИЦ №2 ИК-4,"Краснодарский край, Успенский район, п. Мичуринский, ул. Садовая, 22"
УФИЦ №1 ИК-4,"г. Армавир, ул. Володарского 1а"
Исправительный центр № 2,"г. Волгоград, ул.им. Бахтурова, 6"
УФИЦ ИК-2,"Краснодарский край, Усть-Лабинский район, ст. Воронежская, ул. Крайняя 1"
УФИЦ №1 ИК-1,"г. Симферополь, пер. Элеваторный, 5"
УФИЦ № 2 ИК-14,"г. Краснодар, Восточная промышленная зона, ул. Тихорецкая, 20/1"
УФИЦ №4 ИК-14,"г. Краснодар, Западный обход, 2-ое отделение АФ «Солнечная», 7/4"
УФИЦ № 2 ИК-1,"Крым и Севастополь, пгт. Красногвардейское, ул. Строителей, д. 13"
СИЗО-2 Симферополь,"г. Симферополь, пер. Элеваторный, 4"
УФИЦ № 3 ИК-1,"Крым и Севастополь, Джанкойский район, с. Яркое, ул. Ленина, д. 12"
УФИЦ № 1 ИК-9,"г. Старая Русса, ул. Клубная д. 3"
УФИЦ № 2 ИК-9,"Новгородская область, п. Парфино, ул. Кирова д. 52/71"
УФИЦ №3 ИК-9,"Новгородская область, п. Крестцы ул. Краснова д. 2"
Исправительный центр № 2,"г. Петрозаводск, ул.Жуковского, д.32 б"
УФИЦ ИК-25,"г. Сыктывкар, ул. 1-промышленная, д. 15"
УФИЦ-2,"г. Петрозаводск, проезд Строителей, д.30 б"
Исправительный центр № 1,"г. Емва, ул. Калинина, д.55 а"
УФИЦ № 3 ИК-14,"Краснодарский край, Северский район,  пгт. Ильский, улица Завода Утяжелитель, 45"
УФИЦ № 1 ИК-2,"Калмыкия, Целинный район, с. Троицкое, Северная промзона"
УФИЦ № 2 ИК-2,"г. Элиста, ул. Ленина, д. 329"
Исправительный центр № 1,"г. Майкоп, ул. Кожевенная,11"
УФИЦ № 5 ИК-14,"Краснодарский край, Славянский район, пос. Вишневый, ул. Парковая д. 1"
УФИЦ ИК-6,"Краснодарский край, Выселковский район,  ст. Новомалороссийская, ул. Степная, д. 2"
УФИЦ № 1 ИК-14,"г. Славянск-на Кубани, ул. Донская 3 «а»"
УФИЦ № 3 ИК-2,"г.Элиста, Северная промышленная зона-2, д.172"
Исправительный центр № 1,"г. Волгоград, ул.им. Землячки, 14"
УФИЦ №2 ИК-4,"Краснодарский край, Успенский район, п. Мичуринский, ул. Садовая, 22"
УФИЦ №1 ИК-4,"г. Армавир, ул. Володарского 1а"
Исправительный центр № 2,"г. Волгоград, ул.им. Бахтурова, 6"
УФИЦ ИК-2,"Краснодарский край, Усть-Лабинский район, ст. Воронежская, ул. Крайняя 1"
УФИЦ №1 ИК-1,"г. Симферополь, пер. Элеваторный, 5"
УФИЦ № 2 ИК-14,"г. Краснодар, Восточная промышленная зона, ул. Тихорецкая, 20/1"
УФИЦ №4 ИК-14,"г. Краснодар, Западный обход, 2-ое отделение АФ «Солнечная», 7/4"
УФИЦ № 2 ИК-1,"Крым и Севастополь, пгт. Красногвардейское, ул. Строителей, д. 13"
СИЗО-2 Симферополь,"г. Симферополь, пер. Элеваторный, 4"
УФИЦ № 3 ИК-1,"Крым и Севастополь, Джанкойский район, с. Яркое, ул. Ленина, д. 12"
УФИЦ № 1 ИК-9,"г. Старая Русса, ул. Клубная д. 3"
УФИЦ № 2 ИК-9,"Новгородская область, п. Парфино, ул. Кирова д. 52/71"
УФИЦ №3 ИК-9,"Новгородская область, п. Крестцы ул. Краснова д. 2"
Исправительный центр № 2,"г. Петрозаводск, ул.Жуковского, д.32 б"
УФИЦ ИК-25,"г. Сыктывкар, ул. 1-промышленная, д. 15"
УФИЦ-2,"г. Петрозаводск, проезд Строителей, д.30 б"
Исправительный центр № 1,"г. Емва, ул. Калинина, д.55 а"
УФИЦ № 3 ИК-14,"Краснодарский край, Северский район,  пгт. Ильский, улица Завода Утяжелитель, 45"
УФИЦ № 1 ИК-2,"Калмыкия, Целинный район, с. Троицкое, Северная промзона"
УФИЦ № 2 ИК-2,"г. Элиста, ул. Ленина, д. 329"
Исправительный центр № 1,"г. Майкоп, ул. Кожевенная,11"
УФИЦ № 5 ИК-14,"Краснодарский край, Славянский район, пос. Вишневый, ул. Парковая д. 1"
УФИЦ ИК-6,"Краснодарский край, Выселковский район,  ст. Новомалороссийская, ул. Степная, д. 2"
УФИЦ № 1 ИК-14,"г. Славянск-на Кубани, ул. Донская 3 «а»"
УФИЦ № 3 ИК-2,"г.Элиста, Северная промышленная зона-2, д.172"
Исправительный центр № 1,"г. Волгоград, ул.им. Землячки, 14"
УФИЦ №2 ИК-4,"Краснодарский край, Успенский район, п. Мичуринский, ул. Садовая, 22"
УФИЦ №1 ИК-4,"г. Армавир, ул. Володарского 1а"
Исправительный центр № 2,"г. Волгоград, ул.им. Бахтурова, 6"
УФИЦ ИК-2,"Краснодарский край, Усть-Лабинский район, ст. Воронежская, ул. Крайняя 1"
УФИЦ №1 ИК-1,"г. Симферополь, пер. Элеваторный, 5"
УФИЦ № 2 ИК-14,"г. Краснодар, Восточная промышленная зона, ул. Тихорецкая, 20/1"
УФИЦ №4 ИК-14,"г. Краснодар, Западный обход, 2-ое отделение АФ «Солнечная», 7/4"
УФИЦ № 2 ИК-1,"Крым и Севастополь, пгт. Красногвардейское, ул. Строителей, д. 13"
СИЗО-2 Симферополь,"г. Симферополь, пер. Элеваторный, 4"
УФИЦ № 3 ИК-1,"Крым и Севастополь, Джанкойский район, с. Яркое, ул. Ленина, д. 12"
УФИЦ № 1 ИК-9,"г. Старая Русса, ул. Клубная д. 3"
УФИЦ № 2 ИК-9,"Новгородская область, п. Парфино, ул. Кирова д. 52/71"
УФИЦ №3 ИК-9,"Новгородская область, п. Крестцы ул. Краснова д. 2"
Исправительный центр № 2,"г. Петрозаводск, ул.Жуковского, д.32 б"
УФИЦ ИК-25,"г. Сыктывкар, ул. 1-промышленная, д. 15"
УФИЦ-2,"г. Петрозаводск, проезд Строителей, д.30 б"
Исправительный центр № 1,"г. Емва, ул. Калинина, д.55 а"
УФИЦ № 3 ИК-14,"Краснодарский край, Северский район,  пгт. Ильский, улица Завода Утяжелитель, 45"
УФИЦ № 1 ИК-2,"Калмыкия, Целинный район, с. Троицкое, Северная промзона"
УФИЦ № 2 ИК-2,"г. Элиста, ул. Ленина, д. 329"
Исправительный центр № 1,"г. Майкоп, ул. Кожевенная,11"
УФИЦ № 5 ИК-14,"Краснодарский край, Славянский район, пос. Вишневый, ул. Парковая д. 1"
УФИЦ ИК-6,"Краснодарский край, Выселковский район,  ст. Новомалороссийская, ул. Степная, д. 2"
УФИЦ № 1 ИК-14,"г. Славянск-на Кубани, ул. Донская 3 «а»"
УФИЦ № 3 ИК-2,"г.Элиста, Северная промышленная зона-2, д.172"
Исправительный центр № 1,"г. Волгоград, ул.им. Землячки, 14"
УФИЦ №2 ИК-4,"Краснодарский край, Успенский район, п. Мичуринский, ул. Садовая, 22"
УФИЦ №1 ИК-4,"г. Армавир, ул. Володарского 1а"
Исправительный центр № 2,"г. Волгоград, ул.им. Бахтурова, 6"
УФИЦ ИК-2,"Краснодарский край, Усть-Лабинский район, ст. Воронежская, ул. Крайняя 1"
УФИЦ №1 ИК-1,"г. Симферополь, пер. Элеваторный, 5"
УФИЦ № 2 ИК-14,"г. Краснодар, Восточная промышленная зона, ул. Тихорецкая, 20/1"
УФИЦ №4 ИК-14,"г. Краснодар, Западный обход, 2-ое отделение АФ «Солнечная», 7/4"
УФИЦ № 2 ИК-1,"Крым и Севастополь, пгт. Красногвардейское, ул. Строителей, д. 13"
СИЗО-2 Симферополь,"г. Симферополь, пер. Элеваторный, 4"
УФИЦ № 3 ИК-1,"Крым и Севастополь, Джанкойский район, с. Яркое, ул. Ленина, д. 12"
УФИЦ № 1 ИК-9,"г. Старая Русса, ул. Клубная д. 3"
УФИЦ № 2 ИК-9,"Новгородская область, п. Парфино, ул. Кирова д. 52/71"
УФИЦ №3 ИК-9,"Новгородская область, п. Крестцы ул. Краснова д. 2"
Исправительный центр № 2,"г. Петрозаводск, ул.Жуковского, д.32 б"
УФИЦ ИК-25,"г. Сыктывкар, ул. 1-промышленная, д. 15"
УФИЦ-2,"г. Петрозаводск, проезд Строителей, д.30 б"
Исправительный центр № 1,"г. Емва, ул. Калинина, д.55 а"
УФИЦ № 3 ИК-14,"Краснодарский край, Северский район,  пгт. Ильский, улица Завода Утяжелитель, 45"
УФИЦ № 1 ИК-2,"Калмыкия, Целинный район, с. Троицкое, Северная промзона"
УФИЦ № 2 ИК-2,"г. Элиста, ул. Ленина, д. 329"
Исправительный центр № 1,"г. Майкоп, ул. Кожевенная,11"
УФИЦ № 5 ИК-14,"Краснодарский край, Славянский район, пос. Вишневый, ул. Парковая д. 1"
УФИЦ ИК-6,"Краснодарский край, Выселковский район,  ст. Новомалороссийская, ул. Степная, д. 2"
УФИЦ № 1 ИК-14,"г. Славянск-на Кубани, ул. Донская 3 «а»"
УФИЦ № 3 ИК-2,"г.Элиста, Северная промышленная зона-2, д.172"
Исправительный центр № 1,"г. Волгоград, ул.им. Землячки, 14"
УФИЦ №2 ИК-4,"Краснодарский край, Успенский район, п. Мичуринский, ул. Садовая, 22"
УФИЦ №1 ИК-4,"г. Армавир, ул. Володарского 1а"
Исправительный центр № 2,"г. Волгоград, ул.им. Бахтурова, 6"
УФИЦ ИК-2,"Краснодарский край, Усть-Лабинский район, ст. Воронежская, ул. Крайняя 1"
УФИЦ №1 ИК-1,"г. Симферополь, пер. Элеваторный, 5"
УФИЦ № 2 ИК-14,"г. Краснодар, Восточная промышленная зона, ул. Тихорецкая, 20/1"
УФИЦ №4 ИК-14,"г. Краснодар, Западный обход, 2-ое отделение АФ «Солнечная», 7/4"
УФИЦ № 2 ИК-1,"Крым и Севастополь, пгт. Красногвардейское, ул. Строителей, д. 13"
СИЗО-2 Симферополь,"г. Симферополь, пер. Элеваторный, 4"
УФИЦ № 3 ИК-1,"Крым и Севастополь, Джанкойский район, с. Яркое, ул. Ленина, д. 12"
УФИЦ № 1 ИК-9,"г. Старая Русса, ул. Клубная д. 3"
УФИЦ № 2 ИК-9,"Новгородская область, п. Парфино, ул. Кирова д. 52/71"
УФИЦ №3 ИК-9,"Новгородская область, п. Крестцы ул. Краснова д. 2"
Исправительный центр № 2,"г. Петрозаводск, ул.Жуковского, д.32 б"
УФИЦ ИК-25,"г. Сыктывкар, ул. 1-промышленная, д. 15"
УФИЦ-2,"г. Петрозаводск, проезд Строителей, д.30 б"
Исправительный центр № 1,"г. Емва, ул. Калинина, д.55 а"
УФИЦ № 3 ИК-14,"Краснодарский край, Северский район,  пгт. Ильский, улица Завода Утяжелитель, 45"
УФИЦ № 1 ИК-2,"Калмыкия, Целинный район, с. Троицкое, Северная промзона"
УФИЦ № 2 ИК-2,"г. Элиста, ул. Ленина, д. 329"
Исправительный центр № 1,"г. Майкоп, ул. Кожевенная,11"
УФИЦ № 5 ИК-14,"Краснодарский край, Славянский район, пос. Вишневый, ул. Парковая д. 1"
УФИЦ ИК-6,"Краснодарский край, Выселковский район,  ст. Новомалороссийская, ул. Степная, д. 2"
УФИЦ № 1 ИК-14,"г. Славянск-на Кубани, ул. Донская 3 «а»"
УФИЦ № 3 ИК-2,"г.Элиста, Северная промышленная зона-2, д.172"
Исправительный центр № 1,"г. Волгоград, ул.им. Землячки, 14"
УФИЦ №2 ИК-4,"Краснодарский край, Успенский район, п. Мичуринский, ул. Садовая, 22"
УФИЦ №1 ИК-4,"г. Армавир, ул. Володарского 1а"
Исправительный центр № 2,"г. Волгоград, ул.им. Бахтурова, 6"
УФИЦ ИК-2,"Краснодарский край, Усть-Лабинский район, ст. Воронежская, ул. Крайняя 1"
УФИЦ №1 ИК-1,"г. Симферополь, пер. Элеваторный, 5"
УФИЦ № 2 ИК-14,"г. Краснодар, Восточная промышленная зона, ул. Тихорецкая, 20/1"
УФИЦ №4 ИК-14,"г. Краснодар, Западный обход, 2-ое отделение АФ «Солнечная», 7/4"
УФИЦ № 2 ИК-1,"Крым и Севастополь, пгт. Красногвардейское, ул. Строителей, д. 13"
СИЗО-2 Симферополь,"г. Симферополь, пер. Элеваторный, 4"
УФИЦ № 3 ИК-1,"Крым и Севастополь, Джанкойский район, с. Яркое, ул. Ленина, д. 12"
УФИЦ № 1 ИК-9,"г. Старая Русса, ул. Клубная д. 3"
УФИЦ № 2 ИК-9,"Новгородская область, п. Парфино, ул. Кирова д. 52/71"
УФИЦ №3 ИК-9,"Новгородская область, п. Крестцы ул. Краснова д. 2"
Исправительный центр № 2,"г. Петрозаводск, ул.Жуковского, д.32 б"
УФИЦ ИК-25,"г. Сыктывкар, ул. 1-промышленная, д. 15"
УФИЦ-2,"г. Петрозаводск, проезд Строителей, д.30 б"
Исправительный центр № 1,"г. Емва, ул. Калинина, д.55 а"
УФИЦ № 3 ИК-14,"Краснодарский край, Северский район,  пгт. Ильский, улица Завода Утяжелитель, 45"
УФИЦ № 1 ИК-2,"Калмыкия, Целинный район, с. Троицкое, Северная промзона"
УФИЦ № 2 ИК-2,"г. Элиста, ул. Ленина, д. 329"
Исправительный центр № 1,"г. Майкоп, ул. Кожевенная,11"
УФИЦ № 5 ИК-14,"Краснодарский край, Славянский район, пос. Вишневый, ул. Парковая д. 1"
УФИЦ ИК-6,"Краснодарский край, Выселковский район,  ст. Новомалороссийская, ул. Степная, д. 2"
УФИЦ № 1 ИК-14,"г. Славянск-на Кубани, ул. Донская 3 «а»"
УФИЦ № 3 ИК-2,"г.Элиста, Северная промышленная зона-2, д.172"
Исправительный центр № 1,"г. Волгоград, ул.им. Землячки, 14"
УФИЦ №2 ИК-4,"Краснодарский край, Успенский район, п. Мичуринский, ул. Садовая, 22"
УФИЦ №1 ИК-4,"г. Армавир, ул. Володарского 1а"
Исправительный центр № 2,"г. Волгоград, ул.им. Бахтурова, 6"
УФИЦ ИК-2,"Краснодарский край, Усть-Лабинский район, ст. Воронежская, ул. Крайняя 1"
УФИЦ №1 ИК-1,"г. Симферополь, пер. Элеваторный, 5"
УФИЦ № 2 ИК-14,"г. Краснодар, Восточная промышленная зона, ул. Тихорецкая, 20/1"
УФИЦ №4 ИК-14,"г. Краснодар, Западный обход, 2-ое отделение АФ «Солнечная», 7/4"
УФИЦ № 2 ИК-1,"Крым и Севастополь, пгт. Красногвардейское, ул. Строителей, д. 13"
СИЗО-2 Симферополь,"г. Симферополь, пер. Элеваторный, 4"
УФИЦ № 3 ИК-1,"Крым и Севастополь, Джанкойский район, с. Яркое, ул. Ленина, д. 12"
УФИЦ № 1 ИК-9,"г. Старая Русса, ул. Клубная д. 3"
УФИЦ № 2 ИК-9,"Новгородская область, п. Парфино, ул. Кирова д. 52/71"
УФИЦ №3 ИК-9,"Новгородская область, п. Крестцы ул. Краснова д. 2"
Исправительный центр № 2,"г. Петрозаводск, ул.Жуковского, д.32 б"
УФИЦ ИК-25,"г. Сыктывкар, ул. 1-промышленная, д. 15"
УФИЦ-2,"г. Петрозаводск, проезд Строителей, д.30 б"
Исправительный центр № 1,"г. Емва, ул. Калинина, д.55 а"
УФИЦ № 3 ИК-14,"Краснодарский край, Северский район,  пгт. Ильский, улица Завода Утяжелитель, 45"
УФИЦ № 1 ИК-2,"Калмыкия, Целинный район, с. Троицкое, Северная промзона"
УФИЦ № 2 ИК-2,"г. Элиста, ул. Ленина, д. 329"
Исправительный центр № 1,"г. Майкоп, ул. Кожевенная,11"
УФИЦ № 5 ИК-14,"Краснодарский край, Славянский район, пос. Вишневый, ул. Парковая д. 1"
УФИЦ ИК-6,"Краснодарский край, Выселковский район,  ст. Новомалороссийская, ул. Степная, д. 2"
УФИЦ № 1 ИК-14,"г. Славянск-на Кубани, ул. Донская 3 «а»"
УФИЦ № 3 ИК-2,"г.Элиста, Северная промышленная зона-2, д.172"
Исправительный центр № 1,"г. Волгоград, ул.им. Землячки, 14"
УФИЦ №2 ИК-4,"Краснодарский край, Успенский район, п. Мичуринский, ул. Садовая, 22"
УФИЦ №1 ИК-4,"г. Армавир, ул. Володарского 1а"
Исправительный центр № 2,"г. Волгоград, ул.им. Бахтурова, 6"
УФИЦ ИК-2,"Краснодарский край, Усть-Лабинский район, ст. Воронежская, ул. Крайняя 1"
УФИЦ №1 ИК-1,"г. Симферополь, пер. Элеваторный, 5"
УФИЦ № 2 ИК-14,"г. Краснодар, Восточная промышленная зона, ул. Тихорецкая, 20/1"
УФИЦ №4 ИК-14,"г. Краснодар, Западный обход, 2-ое отделение АФ «Солнечная», 7/4"
УФИЦ № 2 ИК-1,"Крым и Севастополь, пгт. Красногвардейское, ул. Строителей, д. 13"
СИЗО-2 Симферополь,"г. Симферополь, пер. Элеваторный, 4"
УФИЦ № 3 ИК-1,"Крым и Севастополь, Джанкойский район, с. Яркое, ул. Ленина, д. 12"
УФИЦ № 1 ИК-9,"г. Старая Русса, ул. Клубная д. 3"
УФИЦ № 2 ИК-9,"Новгородская область, п. Парфино, ул. Кирова д. 52/71"
УФИЦ №3 ИК-9,"Новгородская область, п. Крестцы ул. Краснова д. 2"
Исправительный центр № 2,"г. Петрозаводск, ул.Жуковского, д.32 б"
УФИЦ ИК-25,"г. Сыктывкар, ул. 1-промышленная, д. 15"
УФИЦ-2,"г. Петрозаводск, проезд Строителей, д.30 б"
Исправительный центр № 1,"г. Емва, ул. Калинина, д.55 а"
УФИЦ № 3 ИК-14,"Краснодарский край, Северский район,  пгт. Ильский, улица Завода Утяжелитель, 45"
УФИЦ № 1 ИК-2,"Калмыкия, Целинный район, с. Троицкое, Северная промзона"
УФИЦ № 2 ИК-2,"г. Элиста, ул. Ленина, д. 329"
Исправительный центр № 1,"г. Майкоп, ул. Кожевенная,11"
УФИЦ № 5 ИК-14,"Краснодарский край, Славянский район, пос. Вишневый, ул. Парковая д. 1"
УФИЦ ИК-6,"Краснодарский край, Выселковский район,  ст. Новомалороссийская, ул. Степная, д. 2"
УФИЦ № 1 ИК-14,"г. Славянск-на Кубани, ул. Донская 3 «а»"
УФИЦ № 3 ИК-2,"г.Элиста, Северная промышленная зона-2, д.172"
Исправительный центр № 1,"г. Волгоград, ул.им. Землячки, 14"
УФИЦ №2 ИК-4,"Краснодарский край, Успенский район, п. Мичуринский, ул. Садовая, 22"
УФИЦ №1 ИК-4,"г. Армавир, ул. Володарского 1а"
Исправительный центр № 2,"г. Волгоград, ул.им. Бахтурова, 6"
УФИЦ ИК-2,"Краснодарский край, Усть-Лабинский район, ст. Воронежская, ул. Крайняя 1"
УФИЦ №1 ИК-1,"г. Симферополь, пер. Элеваторный, 5"
УФИЦ № 2 ИК-14,"г. Краснодар, Восточная промышленная зона, ул. Тихорецкая, 20/1"
УФИЦ №4 ИК-14,"г. Краснодар, Западный обход, 2-ое отделение АФ «Солнечная», 7/4"
УФИЦ № 2 ИК-1,"Крым и Севастополь, пгт. Красногвардейское, ул. Строителей, д. 13"
СИЗО-2 Симферополь,"г. Симферополь, пер. Элеваторный, 4"
УФИЦ № 3 ИК-1,"Крым и Севастополь, Джанкойский район, с. Яркое, ул. Ленина, д. 12"
УФИЦ № 1 ИК-9,"г. Старая Русса, ул. Клубная д. 3"
УФИЦ № 2 ИК-9,"Новгородская область, п. Парфино, ул. Кирова д. 52/71"
УФИЦ №3 ИК-9,"Новгородская область, п. Крестцы ул. Краснова д. 2"
Исправительный центр № 2,"г. Петрозаводск, ул.Жуковского, д.32 б"
УФИЦ ИК-25,"г. Сыктывкар, ул. 1-промышленная, д. 15"
УФИЦ-2,"г. Петрозаводск, проезд Строителей, д.30 б"
Исправительный центр № 1,"г. Емва, ул. Калинина, д.55 а"
УФИЦ № 3 ИК-14,"Краснодарский край, Северский район,  пгт. Ильский, улица Завода Утяжелитель, 45"
УФИЦ № 1 ИК-2,"Калмыкия, Целинный район, с. Троицкое, Северная промзона"
УФИЦ № 2 ИК-2,"г. Элиста, ул. Ленина, д. 329"
Исправительный центр № 1,"г. Майкоп, ул. Кожевенная,11"
УФИЦ № 5 ИК-14,"Краснодарский край, Славянский район, пос. Вишневый, ул. Парковая д. 1"
УФИЦ ИК-6,"Краснодарский край, Выселковский район,  ст. Новомалороссийская, ул. Степная, д. 2"
УФИЦ № 1 ИК-14,"г. Славянск-на Кубани, ул. Донская 3 «а»"
УФИЦ № 3 ИК-2,"г.Элиста, Северная промышленная зона-2, д.172"
Исправительный центр № 1,"г. Волгоград, ул.им. Землячки, 14"
УФИЦ №2 ИК-4,"Краснодарский край, Успенский район, п. Мичуринский, ул. Садовая, 22"
УФИЦ №1 ИК-4,"г. Армавир, ул. Володарского 1а"
Исправительный центр № 2,"г. Волгоград, ул.им. Бахтурова, 6"
УФИЦ ИК-2,"Краснодарский край, Усть-Лабинский район, ст. Воронежская, ул. Крайняя 1"
УФИЦ №1 ИК-1,"г. Симферополь, пер. Элеваторный, 5"
УФИЦ № 2 ИК-14,"г. Краснодар, Восточная промышленная зона, ул. Тихорецкая, 20/1"
УФИЦ №4 ИК-14,"г. Краснодар, Западный обход, 2-ое отделение АФ «Солнечная», 7/4"
УФИЦ № 2 ИК-1,"Крым и Севастополь, пгт. Красногвардейское, ул. Строителей, д. 13"
СИЗО-2 Симферополь,"г. Симферополь, пер. Элеваторный, 4"
УФИЦ № 3 ИК-1,"Крым и Севастополь, Джанкойский район, с. Яркое, ул. Ленина, д. 12"
УФИЦ № 1 ИК-9,"г. Старая Русса, ул. Клубная д. 3"
УФИЦ № 2 ИК-9,"Новгородская область, п. Парфино, ул. Кирова д. 52/71"
УФИЦ №3 ИК-9,"Новгородская область, п. Крестцы ул. Краснова д. 2"
Исправительный центр № 2,"г. Петрозаводск, ул.Жуковского, д.32 б"
УФИЦ ИК-25,"г. Сыктывкар, ул. 1-промышленная, д. 15"
УФИЦ-2,"г. Петрозаводск, проезд Строителей, д.30 б"
Исправительный центр № 1,"г. Емва, ул. Калинина, д.55 а"
УФИЦ № 3 ИК-14,"Краснодарский край, Северский район,  пгт. Ильский, улица Завода Утяжелитель, 45"
УФИЦ № 1 ИК-2,"Калмыкия, Целинный район, с. Троицкое, Северная промзона"
УФИЦ № 2 ИК-2,"г. Элиста, ул. Ленина, д. 329"
Исправительный центр № 1,"г. Майкоп, ул. Кожевенная,11"
УФИЦ № 5 ИК-14,"Краснодарский край, Славянский район, пос. Вишневый, ул. Парковая д. 1"
УФИЦ ИК-6,"Краснодарский край, Выселковский район,  ст. Новомалороссийская, ул. Степная, д. 2"
УФИЦ № 1 ИК-14,"г. Славянск-на Кубани, ул. Донская 3 «а»"
УФИЦ № 3 ИК-2,"г.Элиста, Северная промышленная зона-2, д.172"
Исправительный центр № 1,"г. Волгоград, ул.им. Землячки, 14"
УФИЦ №2 ИК-4,"Краснодарский край, Успенский район, п. Мичуринский, ул. Садовая, 22"
УФИЦ №1 ИК-4,"г. Армавир, ул. Володарского 1а"
Исправительный центр № 2,"г. Волгоград, ул.им. Бахтурова, 6"
УФИЦ ИК-2,"Краснодарский край, Усть-Лабинский район, ст. Воронежская, ул. Крайняя 1"
УФИЦ №1 ИК-1,"г. Симферополь, пер. Элеваторный, 5"
УФИЦ № 2 ИК-14,"г. Краснодар, Восточная промышленная зона, ул. Тихорецкая, 20/1"
УФИЦ №4 ИК-14,"г. Краснодар, Западный обход, 2-ое отделение АФ «Солнечная», 7/4"
УФИЦ № 2 ИК-1,"Крым и Севастополь, пгт. Красногвардейское, ул. Строителей, д. 13"
СИЗО-2 Симферополь,"г. Симферополь, пер. Элеваторный, 4"
УФИЦ № 3 ИК-1,"Крым и Севастополь, Джанкойский район, с. Яркое, ул. Ленина, д. 12"
УФИЦ № 1 ИК-9,"г. Старая Русса, ул. Клубная д. 3"
УФИЦ № 2 ИК-9,"Новгородская область, п. Парфино, ул. Кирова д. 52/71"
УФИЦ №3 ИК-9,"Новгородская область, п. Крестцы ул. Краснова д. 2"
Исправительный центр № 2,"г. Петрозаводск, ул.Жуковского, д.32 б"
УФИЦ ИК-25,"г. Сыктывкар, ул. 1-промышленная, д. 15"
УФИЦ-2,"г. Петрозаводск, проезд Строителей, д.30 б"
Исправительный центр № 1,"г. Емва, ул. Калинина, д.55 а"
УФИЦ № 3 ИК-14,"Краснодарский край, Северский район,  пгт. Ильский, улица Завода Утяжелитель, 45"
УФИЦ № 1 ИК-2,"Калмыкия, Целинный район, с. Троицкое, Северная промзона"
УФИЦ № 2 ИК-2,"г. Элиста, ул. Ленина, д. 329"
Исправительный центр № 1,"г. Майкоп, ул. Кожевенная,11"
УФИЦ № 5 ИК-14,"Краснодарский край, Славянский район, пос. Вишневый, ул. Парковая д. 1"
УФИЦ ИК-6,"Краснодарский край, Выселковский район,  ст. Новомалороссийская, ул. Степная, д. 2"
УФИЦ № 1 ИК-14,"г. Славянск-на Кубани, ул. Донская 3 «а»"
УФИЦ № 3 ИК-2,"г.Элиста, Северная промышленная зона-2, д.172"
Исправительный центр № 1,"г. Волгоград, ул.им. Землячки, 14"
УФИЦ №2 ИК-4,"Краснодарский край, Успенский район, п. Мичуринский, ул. Садовая, 22"
УФИЦ №1 ИК-4,"г. Армавир, ул. Володарского 1а"
Исправительный центр № 2,"г. Волгоград, ул.им. Бахтурова, 6"
УФИЦ ИК-2,"Краснодарский край, Усть-Лабинский район, ст. Воронежская, ул. Крайняя 1"
УФИЦ №1 ИК-1,"г. Симферополь, пер. Элеваторный, 5"
УФИЦ № 2 ИК-14,"г. Краснодар, Восточная промышленная зона, ул. Тихорецкая, 20/1"
УФИЦ №4 ИК-14,"г. Краснодар, Западный обход, 2-ое отделение АФ «Солнечная», 7/4"
УФИЦ № 2 ИК-1,"Крым и Севастополь, пгт. Красногвардейское, ул. Строителей, д. 13"
СИЗО-2 Симферополь,"г. Симферополь, пер. Элеваторный, 4"
УФИЦ № 3 ИК-1,"Крым и Севастополь, Джанкойский район, с. Яркое, ул. Ленина, д. 12"
УФИЦ № 1 ИК-9,"г. Старая Русса, ул. Клубная д. 3"
УФИЦ № 2 ИК-9,"Новгородская область, п. Парфино, ул. Кирова д. 52/71"
УФИЦ №3 ИК-9,"Новгородская область, п. Крестцы ул. Краснова д. 2"
Исправительный центр № 2,"г. Петрозаводск, ул.Жуковского, д.32 б"
УФИЦ ИК-25,"г. Сыктывкар, ул. 1-промышленная, д. 15"
УФИЦ-2,"г. Петрозаводск, проезд Строителей, д.30 б"
Исправительный центр № 1,"г. Емва, ул. Калинина, д.55 а"
УФИЦ № 3 ИК-14,"Краснодарский край, Северский район,  пгт. Ильский, улица Завода Утяжелитель, 45"
УФИЦ № 1 ИК-2,"Калмыкия, Целинный район, с. Троицкое, Северная промзона"
УФИЦ № 2 ИК-2,"г. Элиста, ул. Ленина, д. 329"
Исправительный центр № 1,"г. Майкоп, ул. Кожевенная,11"
УФИЦ № 5 ИК-14,"Краснодарский край, Славянский район, пос. Вишневый, ул. Парковая д. 1"
УФИЦ ИК-6,"Краснодарский край, Выселковский район,  ст. Новомалороссийская, ул. Степная, д. 2"
УФИЦ № 1 ИК-14,"г. Славянск-на Кубани, ул. Донская 3 «а»"
УФИЦ № 3 ИК-2,"г.Элиста, Северная промышленная зона-2, д.172"
Исправительный центр № 1,"г. Волгоград, ул.им. Землячки, 14"
УФИЦ №2 ИК-4,"Краснодарский край, Успенский район, п. Мичуринский, ул. Садовая, 22"
УФИЦ №1 ИК-4,"г. Армавир, ул. Володарского 1а"
Исправительный центр № 2,"г. Волгоград, ул.им. Бахтурова, 6"
УФИЦ ИК-2,"Краснодарский край, Усть-Лабинский район, ст. Воронежская, ул. Крайняя 1"
УФИЦ №1 ИК-1,"г. Симферополь, пер. Элеваторный, 5"
УФИЦ № 2 ИК-14,"г. Краснодар, Восточная промышленная зона, ул. Тихорецкая, 20/1"
УФИЦ №4 ИК-14,"г. Краснодар, Западный обход, 2-ое отделение АФ «Солнечная», 7/4"
УФИЦ № 2 ИК-1,"Крым и Севастополь, пгт. Красногвардейское, ул. Строителей, д. 13"
СИЗО-2 Симферополь,"г. Симферополь, пер. Элеваторный, 4"
УФИЦ № 3 ИК-1,"Крым и Севастополь, Джанкойский район, с. Яркое, ул. Ленина, д. 12"
УФИЦ № 1 ИК-9,"г. Старая Русса, ул. Клубная д. 3"
УФИЦ № 2 ИК-9,"Новгородская область, п. Парфино, ул. Кирова д. 52/71"
УФИЦ №3 ИК-9,"Новгородская область, п. Крестцы ул. Краснова д. 2"
Исправительный центр № 2,"г. Петрозаводск, ул.Жуковского, д.32 б"
УФИЦ ИК-25,"г. Сыктывкар, ул. 1-промышленная, д. 15"
УФИЦ-2,"г. Петрозаводск, проезд Строителей, д.30 б"
Исправительный центр № 1,"г. Емва, ул. Калинина, д.55 а"
УФИЦ № 3 ИК-14,"Краснодарский край, Северский район,  пгт. Ильский, улица Завода Утяжелитель, 45"
УФИЦ № 1 ИК-2,"Калмыкия, Целинный район, с. Троицкое, Северная промзона"
УФИЦ № 2 ИК-2,"г. Элиста, ул. Ленина, д. 329"
Исправительный центр № 1,"г. Майкоп, ул. Кожевенная,11"
УФИЦ № 5 ИК-14,"Краснодарский край, Славянский район, пос. Вишневый, ул. Парковая д. 1"
УФИЦ ИК-6,"Краснодарский край, Выселковский район,  ст. Новомалороссийская, ул. Степная, д. 2"
УФИЦ № 1 ИК-14,"г. Славянск-на Кубани, ул. Донская 3 «а»"
УФИЦ № 3 ИК-2,"г.Элиста, Северная промышленная зона-2, д.172"
Исправительный центр № 1,"г. Волгоград, ул.им. Землячки, 14"
УФИЦ №2 ИК-4,"Краснодарский край, Успенский район, п. Мичуринский, ул. Садовая, 22"
УФИЦ №1 ИК-4,"г. Армавир, ул. Володарского 1а"
Исправительный центр № 2,"г. Волгоград, ул.им. Бахтурова, 6"
УФИЦ ИК-2,"Краснодарский край, Усть-Лабинский район, ст. Воронежская, ул. Крайняя 1"
УФИЦ №1 ИК-1,"г. Симферополь, пер. Элеваторный, 5"
УФИЦ № 2 ИК-14,"г. Краснодар, Восточная промышленная зона, ул. Тихорецкая, 20/1"
УФИЦ №4 ИК-14,"г. Краснодар, Западный обход, 2-ое отделение АФ «Солнечная», 7/4"
УФИЦ № 2 ИК-1,"Крым и Севастополь, пгт. Красногвардейское, ул. Строителей, д. 13"
СИЗО-2 Симферополь,"г. Симферополь, пер. Элеваторный, 4"
УФИЦ № 3 ИК-1,"Крым и Севастополь, Джанкойский район, с. Яркое, ул. Ленина, д. 12"
УФИЦ № 1 ИК-9,"г. Старая Русса, ул. Клубная д. 3"
УФИЦ № 2 ИК-9,"Новгородская область, п. Парфино, ул. Кирова д. 52/71"
УФИЦ №3 ИК-9,"Новгородская область, п. Крестцы ул. Краснова д. 2"
Исправительный центр № 2,"г. Петрозаводск, ул.Жуковского, д.32 б"
УФИЦ ИК-25,"г. Сыктывкар, ул. 1-промышленная, д. 15"
УФИЦ-2,"г. Петрозаводск, проезд Строителей, д.30 б"
Исправительный центр № 1,"г. Емва, ул. Калинина, д.55 а"
УФИЦ № 3 ИК-14,"Краснодарский край, Северский район,  пгт. Ильский, улица Завода Утяжелитель, 45"
УФИЦ № 1 ИК-2,"Калмыкия, Целинный район, с. Троицкое, Северная промзона"
УФИЦ № 2 ИК-2,"г. Элиста, ул. Ленина, д. 329"
Исправительный центр № 1,"г. Майкоп, ул. Кожевенная,11"
УФИЦ № 5 ИК-14,"Краснодарский край, Славянский район, пос. Вишневый, ул. Парковая д. 1"
УФИЦ ИК-6,"Краснодарский край, Выселковский район,  ст. Новомалороссийская, ул. Степная, д. 2"
УФИЦ № 1 ИК-14,"г. Славянск-на Кубани, ул. Донская 3 «а»"
УФИЦ № 3 ИК-2,"г.Элиста, Северная промышленная зона-2, д.172"
Исправительный центр № 1,"г. Волгоград, ул.им. Землячки, 14"
УФИЦ №2 ИК-4,"Краснодарский край, Успенский район, п. Мичуринский, ул. Садовая, 22"
УФИЦ №1 ИК-4,"г. Армавир, ул. Володарского 1а"
Исправительный центр № 2,"г. Волгоград, ул.им. Бахтурова, 6"
УФИЦ ИК-2,"Краснодарский край, Усть-Лабинский район, ст. Воронежская, ул. Крайняя 1"
УФИЦ №1 ИК-1,"г. Симферополь, пер. Элеваторный, 5"
УФИЦ № 2 ИК-14,"г. Краснодар, Восточная промышленная зона, ул. Тихорецкая, 20/1"
УФИЦ №4 ИК-14,"г. Краснодар, Западный обход, 2-ое отделение АФ «Солнечная», 7/4"
УФИЦ № 2 ИК-1,"Крым и Севастополь, пгт. Красногвардейское, ул. Строителей, д. 13"
СИЗО-2 Симферополь,"г. Симферополь, пер. Элеваторный, 4"
УФИЦ № 3 ИК-1,"Крым и Севастополь, Джанкойский район, с. Яркое, ул. Ленина, д. 12"
УФИЦ № 1 ИК-9,"г. Старая Русса, ул. Клубная д. 3"
УФИЦ № 2 ИК-9,"Новгородская область, п. Парфино, ул. Кирова д. 52/71"
УФИЦ №3 ИК-9,"Новгородская область, п. Крестцы ул. Краснова д. 2"
Исправительный центр № 2,"г. Петрозаводск, ул.Жуковского, д.32 б"
УФИЦ ИК-25,"г. Сыктывкар, ул. 1-промышленная, д. 15"
УФИЦ-2,"г. Петрозаводск, проезд Строителей, д.30 б"
Исправительный центр № 1,"г. Емва, ул. Калинина, д.55 а"
УФИЦ № 3 ИК-14,"Краснодарский край, Северский район,  пгт. Ильский, улица Завода Утяжелитель, 45"
УФИЦ № 1 ИК-2,"Калмыкия, Целинный район, с. Троицкое, Северная промзона"
УФИЦ № 2 ИК-2,"г. Элиста, ул. Ленина, д. 329"
Исправительный центр № 1,"г. Майкоп, ул. Кожевенная,11"
УФИЦ № 5 ИК-14,"Краснодарский край, Славянский район, пос. Вишневый, ул. Парковая д. 1"
УФИЦ ИК-6,"Краснодарский край, Выселковский район,  ст. Новомалороссийская, ул. Степная, д. 2"
УФИЦ № 1 ИК-14,"г. Славянск-на Кубани, ул. Донская 3 «а»"
УФИЦ № 3 ИК-2,"г.Элиста, Северная промышленная зона-2, д.172"
Исправительный центр № 1,"г. Волгоград, ул.им. Землячки, 14"
УФИЦ №2 ИК-4,"Краснодарский край, Успенский район, п. Мичуринский, ул. Садовая, 22"
УФИЦ №1 ИК-4,"г. Армавир, ул. Володарского 1а"
Исправительный центр № 2,"г. Волгоград, ул.им. Бахтурова, 6"
УФИЦ ИК-2,"Краснодарский край, Усть-Лабинский район, ст. Воронежская, ул. Крайняя 1"
УФИЦ №1 ИК-1,"г. Симферополь, пер. Элеваторный, 5"
УФИЦ № 2 ИК-14,"г. Краснодар, Восточная промышленная зона, ул. Тихорецкая, 20/1"
УФИЦ №4 ИК-14,"г. Краснодар, Западный обход, 2-ое отделение АФ «Солнечная», 7/4"
УФИЦ № 2 ИК-1,"Крым и Севастополь, пгт. Красногвардейское, ул. Строителей, д. 13"
СИЗО-2 Симферополь,"г. Симферополь, пер. Элеваторный, 4"
УФИЦ № 3 ИК-1,"Крым и Севастополь, Джанкойский район, с. Яркое, ул. Ленина, д. 12"
УФИЦ № 1 ИК-9,"г. Старая Русса, ул. Клубная д. 3"
УФИЦ № 2 ИК-9,"Новгородская область, п. Парфино, ул. Кирова д. 52/71"
УФИЦ №3 ИК-9,"Новгородская область, п. Крестцы ул. Краснова д. 2"
Исправительный центр № 2,"г. Петрозаводск, ул.Жуковского, д.32 б"
УФИЦ ИК-25,"г. Сыктывкар, ул. 1-промышленная, д. 15"
УФИЦ-2,"г. Петрозаводск, проезд Строителей, д.30 б"
Исправительный центр № 1,"г. Емва, ул. Калинина, д.55 а"
УФИЦ № 3 ИК-14,"Краснодарский край, Северский район,  пгт. Ильский, улица Завода Утяжелитель, 45"
УФИЦ № 1 ИК-2,"Калмыкия, Целинный район, с. Троицкое, Северная промзона"
УФИЦ № 2 ИК-2,"г. Элиста, ул. Ленина, д. 329"
Исправительный центр № 1,"г. Майкоп, ул. Кожевенная,11"
УФИЦ № 5 ИК-14,"Краснодарский край, Славянский район, пос. Вишневый, ул. Парковая д. 1"
УФИЦ ИК-6,"Краснодарский край, Выселковский район,  ст. Новомалороссийская, ул. Степная, д. 2"
УФИЦ № 1 ИК-14,"г. Славянск-на Кубани, ул. Донская 3 «а»"
УФИЦ № 3 ИК-2,"г.Элиста, Северная промышленная зона-2, д.172"
Исправительный центр № 1,"г. Волгоград, ул.им. Землячки, 14"
УФИЦ №2 ИК-4,"Краснодарский край, Успенский район, п. Мичуринский, ул. Садовая, 22"
УФИЦ №1 ИК-4,"г. Армавир, ул. Володарского 1а"
Исправительный центр № 2,"г. Волгоград, ул.им. Бахтурова, 6"
УФИЦ ИК-2,"Краснодарский край, Усть-Лабинский район, ст. Воронежская, ул. Крайняя 1"
УФИЦ №1 ИК-1,"г. Симферополь, пер. Элеваторный, 5"
УФИЦ № 2 ИК-14,"г. Краснодар, Восточная промышленная зона, ул. Тихорецкая, 20/1"
УФИЦ №4 ИК-14,"г. Краснодар, Западный обход, 2-ое отделение АФ «Солнечная», 7/4"
УФИЦ № 2 ИК-1,"Крым и Севастополь, пгт. Красногвардейское, ул. Строителей, д. 13"
СИЗО-2 Симферополь,"г. Симферополь, пер. Элеваторный, 4"
УФИЦ № 3 ИК-1,"Крым и Севастополь, Джанкойский район, с. Яркое, ул. Ленина, д. 12"
УФИЦ № 1 ИК-9,"г. Старая Русса, ул. Клубная д. 3"
УФИЦ № 2 ИК-9,"Новгородская область, п. Парфино, ул. Кирова д. 52/71"
УФИЦ №3 ИК-9,"Новгородская область, п. Крестцы ул. Краснова д. 2"
Исправительный центр № 2,"г. Петрозаводск, ул.Жуковского, д.32 б"
УФИЦ ИК-25,"г. Сыктывкар, ул. 1-промышленная, д. 15"
УФИЦ-2,"г. Петрозаводск, проезд Строителей, д.30 б"
Исправительный центр № 1,"г. Емва, ул. Калинина, д.55 а"
УФИЦ № 3 ИК-14,"Краснодарский край, Северский район,  пгт. Ильский, улица Завода Утяжелитель, 45"
УФИЦ № 1 ИК-2,"Калмыкия, Целинный район, с. Троицкое, Северная промзона"
УФИЦ № 2 ИК-2,"г. Элиста, ул. Ленина, д. 329"
Исправительный центр № 1,"г. Майкоп, ул. Кожевенная,11"
УФИЦ № 5 ИК-14,"Краснодарский край, Славянский район, пос. Вишневый, ул. Парковая д. 1"
УФИЦ ИК-6,"Краснодарский край, Выселковский район,  ст. Новомалороссийская, ул. Степная, д. 2"
УФИЦ № 1 ИК-14,"г. Славянск-на Кубани, ул. Донская 3 «а»"
УФИЦ № 3 ИК-2,"г.Элиста, Северная промышленная зона-2, д.172"
Исправительный центр № 1,"г. Волгоград, ул.им. Землячки, 14"
УФИЦ №2 ИК-4,"Краснодарский край, Успенский район, п. Мичуринский, ул. Садовая, 22"
УФИЦ №1 ИК-4,"г. Армавир, ул. Володарского 1а"
Исправительный центр № 2,"г. Волгоград, ул.им. Бахтурова, 6"
УФИЦ ИК-2,"Краснодарский край, Усть-Лабинский район, ст. Воронежская, ул. Крайняя 1"
УФИЦ №1 ИК-1,"г. Симферополь, пер. Элеваторный, 5"
УФИЦ № 2 ИК-14,"г. Краснодар, Восточная промышленная зона, ул. Тихорецкая, 20/1"
УФИЦ №4 ИК-14,"г. Краснодар, Западный обход, 2-ое отделение АФ «Солнечная», 7/4"
УФИЦ № 2 ИК-1,"Крым и Севастополь, пгт. Красногвардейское, ул. Строителей, д. 13"
СИЗО-2 Симферополь,"г. Симферополь, пер. Элеваторный, 4"
УФИЦ № 3 ИК-1,"Крым и Севастополь, Джанкойский район, с. Яркое, ул. Ленина, д. 12"
УФИЦ № 1 ИК-9,"г. Старая Русса, ул. Клубная д. 3"
УФИЦ № 2 ИК-9,"Новгородская область, п. Парфино, ул. Кирова д. 52/71"
УФИЦ №3 ИК-9,"Новгородская область, п. Крестцы ул. Краснова д. 2"
Исправительный центр № 2,"г. Петрозаводск, ул.Жуковского, д.32 б"
УФИЦ ИК-25,"г. Сыктывкар, ул. 1-промышленная, д. 15"
УФИЦ-2,"г. Петрозаводск, проезд Строителей, д.30 б"
Исправительный центр № 1,"г. Емва, ул. Калинина, д.55 а"
УФИЦ № 3 ИК-14,"Краснодарский край, Северский район,  пгт. Ильский, улица Завода Утяжелитель, 45"
УФИЦ № 1 ИК-2,"Калмыкия, Целинный район, с. Троицкое, Северная промзона"
УФИЦ № 2 ИК-2,"г. Элиста, ул. Ленина, д. 329"
Исправительный центр № 1,"г. Майкоп, ул. Кожевенная,11"
УФИЦ № 5 ИК-14,"Краснодарский край, Славянский район, пос. Вишневый, ул. Парковая д. 1"
УФИЦ ИК-6,"Краснодарский край, Выселковский район,  ст. Новомалороссийская, ул. Степная, д. 2"
УФИЦ № 1 ИК-14,"г. Славянск-на Кубани, ул. Донская 3 «а»"
УФИЦ № 3 ИК-2,"г.Элиста, Северная промышленная зона-2, д.172"
Исправительный центр № 1,"г. Волгоград, ул.им. Землячки, 14"
УФИЦ №2 ИК-4,"Краснодарский край, Успенский район, п. Мичуринский, ул. Садовая, 22"
УФИЦ №1 ИК-4,"г. Армавир, ул. Володарского 1а"
Исправительный центр № 2,"г. Волгоград, ул.им. Бахтурова, 6"
УФИЦ ИК-2,"Краснодарский край, Усть-Лабинский район, ст. Воронежская, ул. Крайняя 1"
УФИЦ №1 ИК-1,"г. Симферополь, пер. Элеваторный, 5"
УФИЦ № 2 ИК-14,"г. Краснодар, Восточная промышленная зона, ул. Тихорецкая, 20/1"
УФИЦ №4 ИК-14,"г. Краснодар, Западный обход, 2-ое отделение АФ «Солнечная», 7/4"
УФИЦ № 2 ИК-1,"Крым и Севастополь, пгт. Красногвардейское, ул. Строителей, д. 13"
СИЗО-2 Симферополь,"г. Симферополь, пер. Элеваторный, 4"
УФИЦ № 3 ИК-1,"Крым и Севастополь, Джанкойский район, с. Яркое, ул. Ленина, д. 12"
УФИЦ № 1 ИК-9,"г. Старая Русса, ул. Клубная д. 3"
УФИЦ № 2 ИК-9,"Новгородская область, п. Парфино, ул. Кирова д. 52/71"
УФИЦ №3 ИК-9,"Новгородская область, п. Крестцы ул. Краснова д. 2"
Исправительный центр № 2,"г. Петрозаводск, ул.Жуковского, д.32 б"
УФИЦ ИК-25,"г. Сыктывкар, ул. 1-промышленная, д. 15"
УФИЦ-2,"г. Петрозаводск, проезд Строителей, д.30 б"
Исправительный центр № 1,"г. Емва, ул. Калинина, д.55 а"
УФИЦ № 3 ИК-14,"Краснодарский край, Северский район,  пгт. Ильский, улица Завода Утяжелитель, 45"
УФИЦ № 1 ИК-2,"Калмыкия, Целинный район, с. Троицкое, Северная промзона"
УФИЦ № 2 ИК-2,"г. Элиста, ул. Ленина, д. 329"
Исправительный центр № 1,"г. Майкоп, ул. Кожевенная,11"
УФИЦ № 5 ИК-14,"Краснодарский край, Славянский район, пос. Вишневый, ул. Парковая д. 1"
УФИЦ ИК-6,"Краснодарский край, Выселковский район,  ст. Новомалороссийская, ул. Степная, д. 2"
УФИЦ № 1 ИК-14,"г. Славянск-на Кубани, ул. Донская 3 «а»"
УФИЦ № 3 ИК-2,"г.Элиста, Северная промышленная зона-2, д.172"
Исправительный центр № 1,"г. Волгоград, ул.им. Землячки, 14"
УФИЦ №2 ИК-4,"Краснодарский край, Успенский район, п. Мичуринский, ул. Садовая, 22"
УФИЦ №1 ИК-4,"г. Армавир, ул. Володарского 1а"
Исправительный центр № 2,"г. Волгоград, ул.им. Бахтурова, 6"
УФИЦ ИК-2,"Краснодарский край, Усть-Лабинский район, ст. Воронежская, ул. Крайняя 1"
УФИЦ №1 ИК-1,"г. Симферополь, пер. Элеваторный, 5"
УФИЦ № 2 ИК-14,"г. Краснодар, Восточная промышленная зона, ул. Тихорецкая, 20/1"
УФИЦ №4 ИК-14,"г. Краснодар, Западный обход, 2-ое отделение АФ «Солнечная», 7/4"
УФИЦ № 2 ИК-1,"Крым и Севастополь, пгт. Красногвардейское, ул. Строителей, д. 13"
СИЗО-2 Симферополь,"г. Симферополь, пер. Элеваторный, 4"
УФИЦ № 3 ИК-1,"Крым и Севастополь, Джанкойский район, с. Яркое, ул. Ленина, д. 12"
УФИЦ № 1 ИК-9,"г. Старая Русса, ул. Клубная д. 3"
УФИЦ № 2 ИК-9,"Новгородская область, п. Парфино, ул. Кирова д. 52/71"
УФИЦ №3 ИК-9,"Новгородская область, п. Крестцы ул. Краснова д. 2"
Исправительный центр № 2,"г. Петрозаводск, ул.Жуковского, д.32 б"
УФИЦ ИК-25,"г. Сыктывкар, ул. 1-промышленная, д. 15"
УФИЦ-2,"г. Петрозаводск, проезд Строителей, д.30 б"
Исправительный центр № 1,"г. Емва, ул. Калинина, д.55 а"
УФИЦ № 3 ИК-14,"Краснодарский край, Северский район,  пгт. Ильский, улица Завода Утяжелитель, 45"
УФИЦ № 1 ИК-2,"Калмыкия, Целинный район, с. Троицкое, Северная промзона"
УФИЦ № 2 ИК-2,"г. Элиста, ул. Ленина, д. 329"
Исправительный центр № 1,"г. Майкоп, ул. Кожевенная,11"
УФИЦ № 5 ИК-14,"Краснодарский край, Славянский район, пос. Вишневый, ул. Парковая д. 1"
УФИЦ ИК-6,"Краснодарский край, Выселковский район,  ст. Новомалороссийская, ул. Степная, д. 2"
УФИЦ № 1 ИК-14,"г. Славянск-на Кубани, ул. Донская 3 «а»"
УФИЦ № 3 ИК-2,"г.Элиста, Северная промышленная зона-2, д.172"
Исправительный центр № 1,"г. Волгоград, ул.им. Землячки, 14"
УФИЦ №2 ИК-4,"Краснодарский край, Успенский район, п. Мичуринский, ул. Садовая, 22"
УФИЦ №1 ИК-4,"г. Армавир, ул. Володарского 1а"
Исправительный центр № 2,"г. Волгоград, ул.им. Бахтурова, 6"
УФИЦ ИК-2,"Краснодарский край, Усть-Лабинский район, ст. Воронежская, ул. Крайняя 1"
УФИЦ №1 ИК-1,"г. Симферополь, пер. Элеваторный, 5"
УФИЦ № 2 ИК-14,"г. Краснодар, Восточная промышленная зона, ул. Тихорецкая, 20/1"
УФИЦ №4 ИК-14,"г. Краснодар, Западный обход, 2-ое отделение АФ «Солнечная», 7/4"
УФИЦ № 2 ИК-1,"Крым и Севастополь, пгт. Красногвардейское, ул. Строителей, д. 13"
СИЗО-2 Симферополь,"г. Симферополь, пер. Элеваторный, 4"
УФИЦ № 3 ИК-1,"Крым и Севастополь, Джанкойский район, с. Яркое, ул. Ленина, д. 12"
УФИЦ № 1 ИК-9,"г. Старая Русса, ул. Клубная д. 3"
УФИЦ № 2 ИК-9,"Новгородская область, п. Парфино, ул. Кирова д. 52/71"
УФИЦ №3 ИК-9,"Новгородская область, п. Крестцы ул. Краснова д. 2"
Исправительный центр № 2,"г. Петрозаводск, ул.Жуковского, д.32 б"
УФИЦ ИК-25,"г. Сыктывкар, ул. 1-промышленная, д. 15"
УФИЦ-2,"г. Петрозаводск, проезд Строителей, д.30 б"
Исправительный центр № 1,"г. Емва, ул. Калинина, д.55 а"
УФИЦ № 3 ИК-14,"Краснодарский край, Северский район,  пгт. Ильский, улица Завода Утяжелитель, 45"
УФИЦ № 1 ИК-2,"Калмыкия, Целинный район, с. Троицкое, Северная промзона"
УФИЦ № 2 ИК-2,"г. Элиста, ул. Ленина, д. 329"
Исправительный центр № 1,"г. Майкоп, ул. Кожевенная,11"
УФИЦ № 5 ИК-14,"Краснодарский край, Славянский район, пос. Вишневый, ул. Парковая д. 1"
УФИЦ ИК-6,"Краснодарский край, Выселковский район,  ст. Новомалороссийская, ул. Степная, д. 2"
УФИЦ № 1 ИК-14,"г. Славянск-на Кубани, ул. Донская 3 «а»"
УФИЦ № 3 ИК-2,"г.Элиста, Северная промышленная зона-2, д.172"
Исправительный центр № 1,"г. Волгоград, ул.им. Землячки, 14"
УФИЦ №2 ИК-4,"Краснодарский край, Успенский район, п. Мичуринский, ул. Садовая, 22"
УФИЦ №1 ИК-4,"г. Армавир, ул. Володарского 1а"
Исправительный центр № 2,"г. Волгоград, ул.им. Бахтурова, 6"
УФИЦ ИК-2,"Краснодарский край, Усть-Лабинский район, ст. Воронежская, ул. Крайняя 1"
УФИЦ №1 ИК-1,"г. Симферополь, пер. Элеваторный, 5"
УФИЦ № 2 ИК-14,"г. Краснодар, Восточная промышленная зона, ул. Тихорецкая, 20/1"
УФИЦ №4 ИК-14,"г. Краснодар, Западный обход, 2-ое отделение АФ «Солнечная», 7/4"
УФИЦ № 2 ИК-1,"Крым и Севастополь, пгт. Красногвардейское, ул. Строителей, д. 13"
СИЗО-2 Симферополь,"г. Симферополь, пер. Элеваторный, 4"
УФИЦ № 3 ИК-1,"Крым и Севастополь, Джанкойский район, с. Яркое, ул. Ленина, д. 12"
УФИЦ № 1 ИК-9,"г. Старая Русса, ул. Клубная д. 3"
УФИЦ № 2 ИК-9,"Новгородская область, п. Парфино, ул. Кирова д. 52/71"
УФИЦ №3 ИК-9,"Новгородская область, п. Крестцы ул. Краснова д. 2"
Исправительный центр № 2,"г. Петрозаводск, ул.Жуковского, д.32 б"
УФИЦ ИК-25,"г. Сыктывкар, ул. 1-промышленная, д. 15"
УФИЦ-2,"г. Петрозаводск, проезд Строителей, д.30 б"
Исправительный центр № 1,"г. Емва, ул. Калинина, д.55 а"
УФИЦ № 3 ИК-14,"Краснодарский край, Северский район,  пгт. Ильский, улица Завода Утяжелитель, 45"
УФИЦ № 1 ИК-2,"Калмыкия, Целинный район, с. Троицкое, Северная промзона"
УФИЦ № 2 ИК-2,"г. Элиста, ул. Ленина, д. 329"
Исправительный центр № 1,"г. Майкоп, ул. Кожевенная,11"
УФИЦ № 5 ИК-14,"Краснодарский край, Славянский район, пос. Вишневый, ул. Парковая д. 1"
УФИЦ ИК-6,"Краснодарский край, Выселковский район,  ст. Новомалороссийская, ул. Степная, д. 2"
УФИЦ № 1 ИК-14,"г. Славянск-на Кубани, ул. Донская 3 «а»"
УФИЦ № 3 ИК-2,"г.Элиста, Северная промышленная зона-2, д.172"
Исправительный центр № 1,"г. Волгоград, ул.им. Землячки, 14"
УФИЦ №2 ИК-4,"Краснодарский край, Успенский район, п. Мичуринский, ул. Садовая, 22"
УФИЦ №1 ИК-4,"г. Армавир, ул. Володарского 1а"
Исправительный центр № 2,"г. Волгоград, ул.им. Бахтурова, 6"
УФИЦ ИК-2,"Краснодарский край, Усть-Лабинский район, ст. Воронежская, ул. Крайняя 1"
УФИЦ №1 ИК-1,"г. Симферополь, пер. Элеваторный, 5"
УФИЦ № 2 ИК-14,"г. Краснодар, Восточная промышленная зона, ул. Тихорецкая, 20/1"
УФИЦ №4 ИК-14,"г. Краснодар, Западный обход, 2-ое отделение АФ «Солнечная», 7/4"
УФИЦ № 2 ИК-1,"Крым и Севастополь, пгт. Красногвардейское, ул. Строителей, д. 13"
СИЗО-2 Симферополь,"г. Симферополь, пер. Элеваторный, 4"
УФИЦ № 3 ИК-1,"Крым и Севастополь, Джанкойский район, с. Яркое, ул. Ленина, д. 12"
УФИЦ № 1 ИК-9,"г. Старая Русса, ул. Клубная д. 3"
УФИЦ № 2 ИК-9,"Новгородская область, п. Парфино, ул. Кирова д. 52/71"
УФИЦ №3 ИК-9,"Новгородская область, п. Крестцы ул. Краснова д. 2"
Исправительный центр № 2,"г. Петрозаводск, ул.Жуковского, д.32 б"
УФИЦ ИК-25,"г. Сыктывкар, ул. 1-промышленная, д. 15"
УФИЦ-2,"г. Петрозаводск, проезд Строителей, д.30 б"
Исправительный центр № 1,"г. Емва, ул. Калинина, д.55 а"
УФИЦ № 3 ИК-14,"Краснодарский край, Северский район,  пгт. Ильский, улица Завода Утяжелитель, 45"
УФИЦ № 1 ИК-2,"Калмыкия, Целинный район, с. Троицкое, Северная промзона"
УФИЦ № 2 ИК-2,"г. Элиста, ул. Ленина, д. 329"
Исправительный центр № 1,"г. Майкоп, ул. Кожевенная,11"
УФИЦ № 5 ИК-14,"Краснодарский край, Славянский район, пос. Вишневый, ул. Парковая д. 1"
УФИЦ ИК-6,"Краснодарский край, Выселковский район,  ст. Новомалороссийская, ул. Степная, д. 2"
УФИЦ № 1 ИК-14,"г. Славянск-на Кубани, ул. Донская 3 «а»"
УФИЦ № 3 ИК-2,"г.Элиста, Северная промышленная зона-2, д.172"
Исправительный центр № 1,"г. Волгоград, ул.им. Землячки, 14"
УФИЦ №2 ИК-4,"Краснодарский край, Успенский район, п. Мичуринский, ул. Садовая, 22"
УФИЦ №1 ИК-4,"г. Армавир, ул. Володарского 1а"
Исправительный центр № 2,"г. Волгоград, ул.им. Бахтурова, 6"
УФИЦ ИК-2,"Краснодарский край, Усть-Лабинский район, ст. Воронежская, ул. Крайняя 1"
УФИЦ №1 ИК-1,"г. Симферополь, пер. Элеваторный, 5"
УФИЦ № 2 ИК-14,"г. Краснодар, Восточная промышленная зона, ул. Тихорецкая, 20/1"
УФИЦ №4 ИК-14,"г. Краснодар, Западный обход, 2-ое отделение АФ «Солнечная», 7/4"
УФИЦ № 2 ИК-1,"Крым и Севастополь, пгт. Красногвардейское, ул. Строителей, д. 13"
СИЗО-2 Симферополь,"г. Симферополь, пер. Элеваторный, 4"
УФИЦ № 3 ИК-1,"Крым и Севастополь, Джанкойский район, с. Яркое, ул. Ленина, д. 12"
УФИЦ № 1 ИК-9,"г. Старая Русса, ул. Клубная д. 3"
УФИЦ № 2 ИК-9,"Новгородская область, п. Парфино, ул. Кирова д. 52/71"
УФИЦ №3 ИК-9,"Новгородская область, п. Крестцы ул. Краснова д. 2"
Исправительный центр № 2,"г. Петрозаводск, ул.Жуковского, д.32 б"
УФИЦ ИК-25,"г. Сыктывкар, ул. 1-промышленная, д. 15"
УФИЦ-2,"г. Петрозаводск, проезд Строителей, д.30 б"
Исправительный центр № 1,"г. Емва, ул. Калинина, д.55 а"
УФИЦ № 3 ИК-14,"Краснодарский край, Северский район,  пгт. Ильский, улица Завода Утяжелитель, 45"
УФИЦ № 1 ИК-2,"Калмыкия, Целинный район, с. Троицкое, Северная промзона"
УФИЦ № 2 ИК-2,"г. Элиста, ул. Ленина, д. 329"
Исправительный центр № 1,"г. Майкоп, ул. Кожевенная,11"
УФИЦ № 5 ИК-14,"Краснодарский край, Славянский район, пос. Вишневый, ул. Парковая д. 1"
УФИЦ ИК-6,"Краснодарский край, Выселковский район,  ст. Новомалороссийская, ул. Степная, д. 2"
УФИЦ № 1 ИК-14,"г. Славянск-на Кубани, ул. Донская 3 «а»"
УФИЦ № 3 ИК-2,"г.Элиста, Северная промышленная зона-2, д.172"
Исправительный центр № 1,"г. Волгоград, ул.им. Землячки, 14"
УФИЦ №2 ИК-4,"Краснодарский край, Успенский район, п. Мичуринский, ул. Садовая, 22"
УФИЦ №1 ИК-4,"г. Армавир, ул. Володарского 1а"
Исправительный центр № 2,"г. Волгоград, ул.им. Бахтурова, 6"
УФИЦ ИК-2,"Краснодарский край, Усть-Лабинский район, ст. Воронежская, ул. Крайняя 1"
УФИЦ №1 ИК-1,"г. Симферополь, пер. Элеваторный, 5"
УФИЦ № 2 ИК-14,"г. Краснодар, Восточная промышленная зона, ул. Тихорецкая, 20/1"
УФИЦ №4 ИК-14,"г. Краснодар, Западный обход, 2-ое отделение АФ «Солнечная», 7/4"
УФИЦ № 2 ИК-1,"Крым и Севастополь, пгт. Красногвардейское, ул. Строителей, д. 13"
СИЗО-2 Симферополь,"г. Симферополь, пер. Элеваторный, 4"
УФИЦ № 3 ИК-1,"Крым и Севастополь, Джанкойский район, с. Яркое, ул. Ленина, д. 12"
УФИЦ № 1 ИК-9,"г. Старая Русса, ул. Клубная д. 3"
УФИЦ № 2 ИК-9,"Новгородская область, п. Парфино, ул. Кирова д. 52/71"
УФИЦ №3 ИК-9,"Новгородская область, п. Крестцы ул. Краснова д. 2"
Исправительный центр № 2,"г. Петрозаводск, ул.Жуковского, д.32 б"
УФИЦ ИК-25,"г. Сыктывкар, ул. 1-промышленная, д. 15"
УФИЦ-2,"г. Петрозаводск, проезд Строителей, д.30 б"
Исправительный центр № 1,"г. Емва, ул. Калинина, д.55 а"
УФИЦ № 3 ИК-14,"Краснодарский край, Северский район,  пгт. Ильский, улица Завода Утяжелитель, 45"
УФИЦ № 1 ИК-2,"Калмыкия, Целинный район, с. Троицкое, Северная промзона"
УФИЦ № 2 ИК-2,"г. Элиста, ул. Ленина, д. 329"
Исправительный центр № 1,"г. Майкоп, ул. Кожевенная,11"
УФИЦ № 5 ИК-14,"Краснодарский край, Славянский район, пос. Вишневый, ул. Парковая д. 1"
УФИЦ ИК-6,"Краснодарский край, Выселковский район,  ст. Новомалороссийская, ул. Степная, д. 2"
УФИЦ № 1 ИК-14,"г. Славянск-на Кубани, ул. Донская 3 «а»"
УФИЦ № 3 ИК-2,"г.Элиста, Северная промышленная зона-2, д.172"
Исправительный центр № 1,"г. Волгоград, ул.им. Землячки, 14"
УФИЦ №2 ИК-4,"Краснодарский край, Успенский район, п. Мичуринский, ул. Садовая, 22"
УФИЦ №1 ИК-4,"г. Армавир, ул. Володарского 1а"
Исправительный центр № 2,"г. Волгоград, ул.им. Бахтурова, 6"
УФИЦ ИК-2,"Краснодарский край, Усть-Лабинский район, ст. Воронежская, ул. Крайняя 1"
УФИЦ №1 ИК-1,"г. Симферополь, пер. Элеваторный, 5"
УФИЦ № 2 ИК-14,"г. Краснодар, Восточная промышленная зона, ул. Тихорецкая, 20/1"
УФИЦ №4 ИК-14,"г. Краснодар, Западный обход, 2-ое отделение АФ «Солнечная», 7/4"
УФИЦ № 2 ИК-1,"Крым и Севастополь, пгт. Красногвардейское, ул. Строителей, д. 13"
СИЗО-2 Симферополь,"г. Симферополь, пер. Элеваторный, 4"
УФИЦ № 3 ИК-1,"Крым и Севастополь, Джанкойский район, с. Яркое, ул. Ленина, д. 12"
УФИЦ № 1 ИК-9,"г. Старая Русса, ул. Клубная д. 3"
УФИЦ № 2 ИК-9,"Новгородская область, п. Парфино, ул. Кирова д. 52/71"
УФИЦ №3 ИК-9,"Новгородская область, п. Крестцы ул. Краснова д. 2"
Исправительный центр № 2,"г. Петрозаводск, ул.Жуковского, д.32 б"
УФИЦ ИК-25,"г. Сыктывкар, ул. 1-промышленная, д. 15"
УФИЦ-2,"г. Петрозаводск, проезд Строителей, д.30 б"
Исправительный центр № 1,"г. Емва, ул. Калинина, д.55 а"
УФИЦ № 3 ИК-14,"Краснодарский край, Северский район,  пгт. Ильский, улица Завода Утяжелитель, 45"
УФИЦ № 1 ИК-2,"Калмыкия, Целинный район, с. Троицкое, Северная промзона"
УФИЦ № 2 ИК-2,"г. Элиста, ул. Ленина, д. 329"
Исправительный центр № 1,"г. Майкоп, ул. Кожевенная,11"
УФИЦ № 5 ИК-14,"Краснодарский край, Славянский район, пос. Вишневый, ул. Парковая д. 1"
УФИЦ ИК-6,"Краснодарский край, Выселковский район,  ст. Новомалороссийская, ул. Степная, д. 2"
УФИЦ № 1 ИК-14,"г. Славянск-на Кубани, ул. Донская 3 «а»"
УФИЦ № 3 ИК-2,"г.Элиста, Северная промышленная зона-2, д.172"
Исправительный центр № 1,"г. Волгоград, ул.им. Землячки, 14"
УФИЦ №2 ИК-4,"Краснодарский край, Успенский район, п. Мичуринский, ул. Садовая, 22"
УФИЦ №1 ИК-4,"г. Армавир, ул. Володарского 1а"
Исправительный центр № 2,"г. Волгоград, ул.им. Бахтурова, 6"
УФИЦ ИК-2,"Краснодарский край, Усть-Лабинский район, ст. Воронежская, ул. Крайняя 1"
УФИЦ №1 ИК-1,"г. Симферополь, пер. Элеваторный, 5"
УФИЦ № 2 ИК-14,"г. Краснодар, Восточная промышленная зона, ул. Тихорецкая, 20/1"
УФИЦ №4 ИК-14,"г. Краснодар, Западный обход, 2-ое отделение АФ «Солнечная», 7/4"
УФИЦ № 2 ИК-1,"Крым и Севастополь, пгт. Красногвардейское, ул. Строителей, д. 13"
СИЗО-2 Симферополь,"г. Симферополь, пер. Элеваторный, 4"
УФИЦ № 3 ИК-1,"Крым и Севастополь, Джанкойский район, с. Яркое, ул. Ленина, д. 12"
УФИЦ № 1 ИК-9,"г. Старая Русса, ул. Клубная д. 3"
УФИЦ № 2 ИК-9,"Новгородская область, п. Парфино, ул. Кирова д. 52/71"
УФИЦ №3 ИК-9,"Новгородская область, п. Крестцы ул. Краснова д. 2"
Исправительный центр № 2,"г. Петрозаводск, ул.Жуковского, д.32 б"
УФИЦ ИК-25,"г. Сыктывкар, ул. 1-промышленная, д. 15"
УФИЦ-2,"г. Петрозаводск, проезд Строителей, д.30 б"
Исправительный центр № 1,"г. Емва, ул. Калинина, д.55 а"
УФИЦ № 3 ИК-14,"Краснодарский край, Северский район,  пгт. Ильский, улица Завода Утяжелитель, 45"
УФИЦ № 1 ИК-2,"Калмыкия, Целинный район, с. Троицкое, Северная промзона"
УФИЦ № 2 ИК-2,"г. Элиста, ул. Ленина, д. 329"
Исправительный центр № 1,"г. Майкоп, ул. Кожевенная,11"
УФИЦ № 5 ИК-14,"Краснодарский край, Славянский район, пос. Вишневый, ул. Парковая д. 1"
УФИЦ ИК-6,"Краснодарский край, Выселковский район,  ст. Новомалороссийская, ул. Степная, д. 2"
УФИЦ № 1 ИК-14,"г. Славянск-на Кубани, ул. Донская 3 «а»"
УФИЦ № 3 ИК-2,"г.Элиста, Северная промышленная зона-2, д.172"
Исправительный центр № 1,"г. Волгоград, ул.им. Землячки, 14"
УФИЦ №2 ИК-4,"Краснодарский край, Успенский район, п. Мичуринский, ул. Садовая, 22"
УФИЦ №1 ИК-4,"г. Армавир, ул. Володарского 1а"
Исправительный центр № 2,"г. Волгоград, ул.им. Бахтурова, 6"
УФИЦ ИК-2,"Краснодарский край, Усть-Лабинский район, ст. Воронежская, ул. Крайняя 1"
УФИЦ №1 ИК-1,"г. Симферополь, пер. Элеваторный, 5"
УФИЦ № 2 ИК-14,"г. Краснодар, Восточная промышленная зона, ул. Тихорецкая, 20/1"
УФИЦ №4 ИК-14,"г. Краснодар, Западный обход, 2-ое отделение АФ «Солнечная», 7/4"
УФИЦ № 2 ИК-1,"Крым и Севастополь, пгт. Красногвардейское, ул. Строителей, д. 13"
СИЗО-2 Симферополь,"г. Симферополь, пер. Элеваторный, 4"
УФИЦ № 3 ИК-1,"Крым и Севастополь, Джанкойский район, с. Яркое, ул. Ленина, д. 12"
УФИЦ № 1 ИК-9,"г. Старая Русса, ул. Клубная д. 3"
УФИЦ № 2 ИК-9,"Новгородская область, п. Парфино, ул. Кирова д. 52/71"
УФИЦ №3 ИК-9,"Новгородская область, п. Крестцы ул. Краснова д. 2"
Исправительный центр № 2,"г. Петрозаводск, ул.Жуковского, д.32 б"
УФИЦ ИК-25,"г. Сыктывкар, ул. 1-промышленная, д. 15"
УФИЦ-2,"г. Петрозаводск, проезд Строителей, д.30 б"
Исправительный центр № 1,"г. Емва, ул. Калинина, д.55 а"
УФИЦ № 3 ИК-14,"Краснодарский край, Северский район,  пгт. Ильский, улица Завода Утяжелитель, 45"
УФИЦ № 1 ИК-2,"Калмыкия, Целинный район, с. Троицкое, Северная промзона"
УФИЦ № 2 ИК-2,"г. Элиста, ул. Ленина, д. 329"
Исправительный центр № 1,"г. Майкоп, ул. Кожевенная,11"
УФИЦ № 5 ИК-14,"Краснодарский край, Славянский район, пос. Вишневый, ул. Парковая д. 1"
УФИЦ ИК-6,"Краснодарский край, Выселковский район,  ст. Новомалороссийская, ул. Степная, д. 2"
УФИЦ № 1 ИК-14,"г. Славянск-на Кубани, ул. Донская 3 «а»"
УФИЦ № 3 ИК-2,"г.Элиста, Северная промышленная зона-2, д.172"
Исправительный центр № 1,"г. Волгоград, ул.им. Землячки, 14"
УФИЦ №2 ИК-4,"Краснодарский край, Успенский район, п. Мичуринский, ул. Садовая, 22"
УФИЦ №1 ИК-4,"г. Армавир, ул. Володарского 1а"
Исправительный центр № 2,"г. Волгоград, ул.им. Бахтурова, 6"
УФИЦ ИК-2,"Краснодарский край, Усть-Лабинский район, ст. Воронежская, ул. Крайняя 1"
УФИЦ №1 ИК-1,"г. Симферополь, пер. Элеваторный, 5"
УФИЦ № 2 ИК-14,"г. Краснодар, Восточная промышленная зона, ул. Тихорецкая, 20/1"
УФИЦ №4 ИК-14,"г. Краснодар, Западный обход, 2-ое отделение АФ «Солнечная», 7/4"
УФИЦ № 2 ИК-1,"Крым и Севастополь, пгт. Красногвардейское, ул. Строителей, д. 13"
СИЗО-2 Симферополь,"г. Симферополь, пер. Элеваторный, 4"
УФИЦ № 3 ИК-1,"Крым и Севастополь, Джанкойский район, с. Яркое, ул. Ленина, д. 12"
УФИЦ № 1 ИК-9,"г. Старая Русса, ул. Клубная д. 3"
УФИЦ № 2 ИК-9,"Новгородская область, п. Парфино, ул. Кирова д. 52/71"
УФИЦ №3 ИК-9,"Новгородская область, п. Крестцы ул. Краснова д. 2"
Исправительный центр № 2,"г. Петрозаводск, ул.Жуковского, д.32 б"
УФИЦ ИК-25,"г. Сыктывкар, ул. 1-промышленная, д. 15"
УФИЦ-2,"г. Петрозаводск, проезд Строителей, д.30 б"
Исправительный центр № 1,"г. Емва, ул. Калинина, д.55 а"
УФИЦ № 3 ИК-14,"Краснодарский край, Северский район,  пгт. Ильский, улица Завода Утяжелитель, 45"
УФИЦ № 1 ИК-2,"Калмыкия, Целинный район, с. Троицкое, Северная промзона"
УФИЦ № 2 ИК-2,"г. Элиста, ул. Ленина, д. 329"
Исправительный центр № 1,"г. Майкоп, ул. Кожевенная,11"
УФИЦ № 5 ИК-14,"Краснодарский край, Славянский район, пос. Вишневый, ул. Парковая д. 1"
УФИЦ ИК-6,"Краснодарский край, Выселковский район,  ст. Новомалороссийская, ул. Степная, д. 2"
УФИЦ № 1 ИК-14,"г. Славянск-на Кубани, ул. Донская 3 «а»"
УФИЦ № 3 ИК-2,"г.Элиста, Северная промышленная зона-2, д.172"
Исправительный центр № 1,"г. Волгоград, ул.им. Землячки, 14"
УФИЦ №2 ИК-4,"Краснодарский край, Успенский район, п. Мичуринский, ул. Садовая, 22"
УФИЦ №1 ИК-4,"г. Армавир, ул. Володарского 1а"
Исправительный центр № 2,"г. Волгоград, ул.им. Бахтурова, 6"
УФИЦ ИК-2,"Краснодарский край, Усть-Лабинский район, ст. Воронежская, ул. Крайняя 1"
УФИЦ №1 ИК-1,"г. Симферополь, пер. Элеваторный, 5"
УФИЦ № 2 ИК-14,"г. Краснодар, Восточная промышленная зона, ул. Тихорецкая, 20/1"
УФИЦ №4 ИК-14,"г. Краснодар, Западный обход, 2-ое отделение АФ «Солнечная», 7/4"
УФИЦ № 2 ИК-1,"Крым и Севастополь, пгт. Красногвардейское, ул. Строителей, д. 13"
СИЗО-2 Симферополь,"г. Симферополь, пер. Элеваторный, 4"
УФИЦ № 3 ИК-1,"Крым и Севастополь, Джанкойский район, с. Яркое, ул. Ленина, д. 12"
УФИЦ № 1 ИК-9,"г. Старая Русса, ул. Клубная д. 3"
УФИЦ № 2 ИК-9,"Новгородская область, п. Парфино, ул. Кирова д. 52/71"
УФИЦ №3 ИК-9,"Новгородская область, п. Крестцы ул. Краснова д. 2"
Исправительный центр № 2,"г. Петрозаводск, ул.Жуковского, д.32 б"
УФИЦ ИК-25,"г. Сыктывкар, ул. 1-промышленная, д. 15"
УФИЦ-2,"г. Петрозаводск, проезд Строителей, д.30 б"
Исправительный центр № 1,"г. Емва, ул. Калинина, д.55 а"
УФИЦ № 3 ИК-14,"Краснодарский край, Северский район,  пгт. Ильский, улица Завода Утяжелитель, 45"
УФИЦ № 1 ИК-2,"Калмыкия, Целинный район, с. Троицкое, Северная промзона"
УФИЦ № 2 ИК-2,"г. Элиста, ул. Ленина, д. 329"
Исправительный центр № 1,"г. Майкоп, ул. Кожевенная,11"
УФИЦ № 5 ИК-14,"Краснодарский край, Славянский район, пос. Вишневый, ул. Парковая д. 1"
УФИЦ ИК-6,"Краснодарский край, Выселковский район,  ст. Новомалороссийская, ул. Степная, д. 2"
УФИЦ № 1 ИК-14,"г. Славянск-на Кубани, ул. Донская 3 «а»"
УФИЦ № 3 ИК-2,"г.Элиста, Северная промышленная зона-2, д.172"
Исправительный центр № 1,"г. Волгоград, ул.им. Землячки, 14"
УФИЦ №2 ИК-4,"Краснодарский край, Успенский район, п. Мичуринский, ул. Садовая, 22"
УФИЦ №1 ИК-4,"г. Армавир, ул. Володарского 1а"
Исправительный центр № 2,"г. Волгоград, ул.им. Бахтурова, 6"
УФИЦ ИК-2,"Краснодарский край, Усть-Лабинский район, ст. Воронежская, ул. Крайняя 1"
УФИЦ №1 ИК-1,"г. Симферополь, пер. Элеваторный, 5"
УФИЦ № 2 ИК-14,"г. Краснодар, Восточная промышленная зона, ул. Тихорецкая, 20/1"
УФИЦ №4 ИК-14,"г. Краснодар, Западный обход, 2-ое отделение АФ «Солнечная», 7/4"
УФИЦ № 2 ИК-1,"Крым и Севастополь, пгт. Красногвардейское, ул. Строителей, д. 13"
СИЗО-2 Симферополь,"г. Симферополь, пер. Элеваторный, 4"
УФИЦ № 3 ИК-1,"Крым и Севастополь, Джанкойский район, с. Яркое, ул. Ленина, д. 12"
УФИЦ № 1 ИК-9,"г. Старая Русса, ул. Клубная д. 3"
УФИЦ № 2 ИК-9,"Новгородская область, п. Парфино, ул. Кирова д. 52/71"
УФИЦ №3 ИК-9,"Новгородская область, п. Крестцы ул. Краснова д. 2"
Исправительный центр № 2,"г. Петрозаводск, ул.Жуковского, д.32 б"
УФИЦ ИК-25,"г. Сыктывкар, ул. 1-промышленная, д. 15"
УФИЦ-2,"г. Петрозаводск, проезд Строителей, д.30 б"
Исправительный центр № 1,"г. Емва, ул. Калинина, д.55 а"
УФИЦ № 3 ИК-14,"Краснодарский край, Северский район,  пгт. Ильский, улица Завода Утяжелитель, 45"
УФИЦ № 1 ИК-2,"Калмыкия, Целинный район, с. Троицкое, Северная промзона"
УФИЦ № 2 ИК-2,"г. Элиста, ул. Ленина, д. 329"
Исправительный центр № 1,"г. Майкоп, ул. Кожевенная,11"
УФИЦ № 5 ИК-14,"Краснодарский край, Славянский район, пос. Вишневый, ул. Парковая д. 1"
УФИЦ ИК-6,"Краснодарский край, Выселковский район,  ст. Новомалороссийская, ул. Степная, д. 2"
УФИЦ № 1 ИК-14,"г. Славянск-на Кубани, ул. Донская 3 «а»"
УФИЦ № 3 ИК-2,"г.Элиста, Северная промышленная зона-2, д.172"
Исправительный центр № 1,"г. Волгоград, ул.им. Землячки, 14"
УФИЦ №2 ИК-4,"Краснодарский край, Успенский район, п. Мичуринский, ул. Садовая, 22"
УФИЦ №1 ИК-4,"г. Армавир, ул. Володарского 1а"
Исправительный центр № 2,"г. Волгоград, ул.им. Бахтурова, 6"
УФИЦ ИК-2,"Краснодарский край, Усть-Лабинский район, ст. Воронежская, ул. Крайняя 1"
УФИЦ №1 ИК-1,"г. Симферополь, пер. Элеваторный, 5"
УФИЦ № 2 ИК-14,"г. Краснодар, Восточная промышленная зона, ул. Тихорецкая, 20/1"
УФИЦ №4 ИК-14,"г. Краснодар, Западный обход, 2-ое отделение АФ «Солнечная», 7/4"
УФИЦ № 2 ИК-1,"Крым и Севастополь, пгт. Красногвардейское, ул. Строителей, д. 13"
СИЗО-2 Симферополь,"г. Симферополь, пер. Элеваторный, 4"
УФИЦ № 3 ИК-1,"Крым и Севастополь, Джанкойский район, с. Яркое, ул. Ленина, д. 12"
УФИЦ № 1 ИК-9,"г. Старая Русса, ул. Клубная д. 3"
УФИЦ № 2 ИК-9,"Новгородская область, п. Парфино, ул. Кирова д. 52/71"
УФИЦ №3 ИК-9,"Новгородская область, п. Крестцы ул. Краснова д. 2"
Исправительный центр № 2,"г. Петрозаводск, ул.Жуковского, д.32 б"
УФИЦ ИК-25,"г. Сыктывкар, ул. 1-промышленная, д. 15"
УФИЦ-2,"г. Петрозаводск, проезд Строителей, д.30 б"
Исправительный центр № 1,"г. Емва, ул. Калинина, д.55 а"
УФИЦ № 3 ИК-14,"Краснодарский край, Северский район,  пгт. Ильский, улица Завода Утяжелитель, 45"
УФИЦ № 1 ИК-2,"Калмыкия, Целинный район, с. Троицкое, Северная промзона"
УФИЦ № 2 ИК-2,"г. Элиста, ул. Ленина, д. 329"
Исправительный центр № 1,"г. Майкоп, ул. Кожевенная,11"
УФИЦ № 5 ИК-14,"Краснодарский край, Славянский район, пос. Вишневый, ул. Парковая д. 1"
УФИЦ ИК-6,"Краснодарский край, Выселковский район,  ст. Новомалороссийская, ул. Степная, д. 2"
УФИЦ № 1 ИК-14,"г. Славянск-на Кубани, ул. Донская 3 «а»"
УФИЦ № 3 ИК-2,"г.Элиста, Северная промышленная зона-2, д.172"
Исправительный центр № 1,"г. Волгоград, ул.им. Землячки, 14"
УФИЦ №2 ИК-4,"Краснодарский край, Успенский район, п. Мичуринский, ул. Садовая, 22"
УФИЦ №1 ИК-4,"г. Армавир, ул. Володарского 1а"
Исправительный центр № 2,"г. Волгоград, ул.им. Бахтурова, 6"
УФИЦ ИК-2,"Краснодарский край, Усть-Лабинский район, ст. Воронежская, ул. Крайняя 1"
УФИЦ №1 ИК-1,"г. Симферополь, пер. Элеваторный, 5"
УФИЦ № 2 ИК-14,"г. Краснодар, Восточная промышленная зона, ул. Тихорецкая, 20/1"
УФИЦ №4 ИК-14,"г. Краснодар, Западный обход, 2-ое отделение АФ «Солнечная», 7/4"
УФИЦ № 2 ИК-1,"Крым и Севастополь, пгт. Красногвардейское, ул. Строителей, д. 13"
СИЗО-2 Симферополь,"г. Симферополь, пер. Элеваторный, 4"
УФИЦ № 3 ИК-1,"Крым и Севастополь, Джанкойский район, с. Яркое, ул. Ленина, д. 12"
УФИЦ № 1 ИК-9,"г. Старая Русса, ул. Клубная д. 3"
УФИЦ № 2 ИК-9,"Новгородская область, п. Парфино, ул. Кирова д. 52/71"
УФИЦ №3 ИК-9,"Новгородская область, п. Крестцы ул. Краснова д. 2"
Исправительный центр № 2,"г. Петрозаводск, ул.Жуковского, д.32 б"
УФИЦ ИК-25,"г. Сыктывкар, ул. 1-промышленная, д. 15"
УФИЦ-2,"г. Петрозаводск, проезд Строителей, д.30 б"
Исправительный центр № 1,"г. Емва, ул. Калинина, д.55 а"
УФИЦ № 3 ИК-14,"Краснодарский край, Северский район,  пгт. Ильский, улица Завода Утяжелитель, 45"
УФИЦ № 1 ИК-2,"Калмыкия, Целинный район, с. Троицкое, Северная промзона"
УФИЦ № 2 ИК-2,"г. Элиста, ул. Ленина, д. 329"
Исправительный центр № 1,"г. Майкоп, ул. Кожевенная,11"
УФИЦ № 5 ИК-14,"Краснодарский край, Славянский район, пос. Вишневый, ул. Парковая д. 1"
УФИЦ ИК-6,"Краснодарский край, Выселковский район,  ст. Новомалороссийская, ул. Степная, д. 2"
УФИЦ № 1 ИК-14,"г. Славянск-на Кубани, ул. Донская 3 «а»"
УФИЦ № 3 ИК-2,"г.Элиста, Северная промышленная зона-2, д.172"
Исправительный центр № 1,"г. Волгоград, ул.им. Землячки, 14"
УФИЦ №2 ИК-4,"Краснодарский край, Успенский район, п. Мичуринский, ул. Садовая, 22"
УФИЦ №1 ИК-4,"г. Армавир, ул. Володарского 1а"
Исправительный центр № 2,"г. Волгоград, ул.им. Бахтурова, 6"
УФИЦ ИК-2,"Краснодарский край, Усть-Лабинский район, ст. Воронежская, ул. Крайняя 1"
УФИЦ №1 ИК-1,"г. Симферополь, пер. Элеваторный, 5"
УФИЦ № 2 ИК-14,"г. Краснодар, Восточная промышленная зона, ул. Тихорецкая, 20/1"
УФИЦ №4 ИК-14,"г. Краснодар, Западный обход, 2-ое отделение АФ «Солнечная», 7/4"
УФИЦ № 2 ИК-1,"Крым и Севастополь, пгт. Красногвардейское, ул. Строителей, д. 13"
СИЗО-2 Симферополь,"г. Симферополь, пер. Элеваторный, 4"
УФИЦ № 3 ИК-1,"Крым и Севастополь, Джанкойский район, с. Яркое, ул. Ленина, д. 12"
УФИЦ № 1 ИК-9,"г. Старая Русса, ул. Клубная д. 3"
УФИЦ № 2 ИК-9,"Новгородская область, п. Парфино, ул. Кирова д. 52/71"
УФИЦ №3 ИК-9,"Новгородская область, п. Крестцы ул. Краснова д. 2"
Исправительный центр № 2,"г. Петрозаводск, ул.Жуковского, д.32 б"
УФИЦ ИК-25,"г. Сыктывкар, ул. 1-промышленная, д. 15"
УФИЦ-2,"г. Петрозаводск, проезд Строителей, д.30 б"
Исправительный центр № 1,"г. Емва, ул. Калинина, д.55 а"
УФИЦ № 3 ИК-14,"Краснодарский край, Северский район,  пгт. Ильский, улица Завода Утяжелитель, 45"
УФИЦ № 1 ИК-2,"Калмыкия, Целинный район, с. Троицкое, Северная промзона"
УФИЦ № 2 ИК-2,"г. Элиста, ул. Ленина, д. 329"
Исправительный центр № 1,"г. Майкоп, ул. Кожевенная,11"
УФИЦ № 5 ИК-14,"Краснодарский край, Славянский район, пос. Вишневый, ул. Парковая д. 1"
УФИЦ ИК-6,"Краснодарский край, Выселковский район,  ст. Новомалороссийская, ул. Степная, д. 2"
УФИЦ № 1 ИК-14,"г. Славянск-на Кубани, ул. Донская 3 «а»"
УФИЦ № 3 ИК-2,"г.Элиста, Северная промышленная зона-2, д.172"
Исправительный центр № 1,"г. Волгоград, ул.им. Землячки, 14"
УФИЦ №2 ИК-4,"Краснодарский край, Успенский район, п. Мичуринский, ул. Садовая, 22"
УФИЦ №1 ИК-4,"г. Армавир, ул. Володарского 1а"
Исправительный центр № 2,"г. Волгоград, ул.им. Бахтурова, 6"
УФИЦ ИК-2,"Краснодарский край, Усть-Лабинский район, ст. Воронежская, ул. Крайняя 1"
УФИЦ №1 ИК-1,"г. Симферополь, пер. Элеваторный, 5"
УФИЦ № 2 ИК-14,"г. Краснодар, Восточная промышленная зона, ул. Тихорецкая, 20/1"
УФИЦ №4 ИК-14,"г. Краснодар, Западный обход, 2-ое отделение АФ «Солнечная», 7/4"
УФИЦ № 2 ИК-1,"Крым и Севастополь, пгт. Красногвардейское, ул. Строителей, д. 13"
СИЗО-2 Симферополь,"г. Симферополь, пер. Элеваторный, 4"
УФИЦ № 3 ИК-1,"Крым и Севастополь, Джанкойский район, с. Яркое, ул. Ленина, д. 12"
УФИЦ № 1 ИК-9,"г. Старая Русса, ул. Клубная д. 3"
УФИЦ № 2 ИК-9,"Новгородская область, п. Парфино, ул. Кирова д. 52/71"
УФИЦ №3 ИК-9,"Новгородская область, п. Крестцы ул. Краснова д. 2"
Исправительный центр № 2,"г. Петрозаводск, ул.Жуковского, д.32 б"
УФИЦ ИК-25,"г. Сыктывкар, ул. 1-промышленная, д. 15"
УФИЦ-2,"г. Петрозаводск, проезд Строителей, д.30 б"
Исправительный центр № 1,"г. Емва, ул. Калинина, д.55 а"
УФИЦ № 3 ИК-14,"Краснодарский край, Северский район,  пгт. Ильский, улица Завода Утяжелитель, 45"
УФИЦ № 1 ИК-2,"Калмыкия, Целинный район, с. Троицкое, Северная промзона"
УФИЦ № 2 ИК-2,"г. Элиста, ул. Ленина, д. 329"
Исправительный центр № 1,"г. Майкоп, ул. Кожевенная,11"
УФИЦ № 5 ИК-14,"Краснодарский край, Славянский район, пос. Вишневый, ул. Парковая д. 1"
УФИЦ ИК-6,"Краснодарский край, Выселковский район,  ст. Новомалороссийская, ул. Степная, д. 2"
УФИЦ № 1 ИК-14,"г. Славянск-на Кубани, ул. Донская 3 «а»"
УФИЦ № 3 ИК-2,"г.Элиста, Северная промышленная зона-2, д.172"
Исправительный центр № 1,"г. Волгоград, ул.им. Землячки, 14"
УФИЦ №2 ИК-4,"Краснодарский край, Успенский район, п. Мичуринский, ул. Садовая, 22"
УФИЦ №1 ИК-4,"г. Армавир, ул. Володарского 1а"
Исправительный центр № 2,"г. Волгоград, ул.им. Бахтурова, 6"
УФИЦ ИК-2,"Краснодарский край, Усть-Лабинский район, ст. Воронежская, ул. Крайняя 1"
УФИЦ №1 ИК-1,"г. Симферополь, пер. Элеваторный, 5"
УФИЦ № 2 ИК-14,"г. Краснодар, Восточная промышленная зона, ул. Тихорецкая, 20/1"
УФИЦ №4 ИК-14,"г. Краснодар, Западный обход, 2-ое отделение АФ «Солнечная», 7/4"
УФИЦ № 2 ИК-1,"Крым и Севастополь, пгт. Красногвардейское, ул. Строителей, д. 13"
СИЗО-2 Симферополь,"г. Симферополь, пер. Элеваторный, 4"
УФИЦ № 3 ИК-1,"Крым и Севастополь, Джанкойский район, с. Яркое, ул. Ленина, д. 12"
УФИЦ № 1 ИК-9,"г. Старая Русса, ул. Клубная д. 3"
УФИЦ № 2 ИК-9,"Новгородская область, п. Парфино, ул. Кирова д. 52/71"
УФИЦ №3 ИК-9,"Новгородская область, п. Крестцы ул. Краснова д. 2"
Исправительный центр № 2,"г. Петрозаводск, ул.Жуковского, д.32 б"
УФИЦ ИК-25,"г. Сыктывкар, ул. 1-промышленная, д. 15"
УФИЦ-2,"г. Петрозаводск, проезд Строителей, д.30 б"
Исправительный центр № 1,"г. Емва, ул. Калинина, д.55 а"
УФИЦ № 3 ИК-14,"Краснодарский край, Северский район,  пгт. Ильский, улица Завода Утяжелитель, 45"
УФИЦ № 1 ИК-2,"Калмыкия, Целинный район, с. Троицкое, Северная промзона"
УФИЦ № 2 ИК-2,"г. Элиста, ул. Ленина, д. 329"
Исправительный центр № 1,"г. Майкоп, ул. Кожевенная,11"
УФИЦ № 5 ИК-14,"Краснодарский край, Славянский район, пос. Вишневый, ул. Парковая д. 1"
УФИЦ ИК-6,"Краснодарский край, Выселковский район,  ст. Новомалороссийская, ул. Степная, д. 2"
УФИЦ № 1 ИК-14,"г. Славянск-на Кубани, ул. Донская 3 «а»"
УФИЦ № 3 ИК-2,"г.Элиста, Северная промышленная зона-2, д.172"
Исправительный центр № 1,"г. Волгоград, ул.им. Землячки, 14"
УФИЦ №2 ИК-4,"Краснодарский край, Успенский район, п. Мичуринский, ул. Садовая, 22"
УФИЦ №1 ИК-4,"г. Армавир, ул. Володарского 1а"
Исправительный центр № 2,"г. Волгоград, ул.им. Бахтурова, 6"
УФИЦ ИК-2,"Краснодарский край, Усть-Лабинский район, ст. Воронежская, ул. Крайняя 1"
УФИЦ №1 ИК-1,"г. Симферополь, пер. Элеваторный, 5"
УФИЦ № 2 ИК-14,"г. Краснодар, Восточная промышленная зона, ул. Тихорецкая, 20/1"
УФИЦ №4 ИК-14,"г. Краснодар, Западный обход, 2-ое отделение АФ «Солнечная», 7/4"
УФИЦ № 2 ИК-1,"Крым и Севастополь, пгт. Красногвардейское, ул. Строителей, д. 13"
СИЗО-2 Симферополь,"г. Симферополь, пер. Элеваторный, 4"
УФИЦ № 3 ИК-1,"Крым и Севастополь, Джанкойский район, с. Яркое, ул. Ленина, д. 12"
УФИЦ № 1 ИК-9,"г. Старая Русса, ул. Клубная д. 3"
УФИЦ № 2 ИК-9,"Новгородская область, п. Парфино, ул. Кирова д. 52/71"
УФИЦ №3 ИК-9,"Новгородская область, п. Крестцы ул. Краснова д. 2"
Исправительный центр № 2,"г. Петрозаводск, ул.Жуковского, д.32 б"
УФИЦ ИК-25,"г. Сыктывкар, ул. 1-промышленная, д. 15"
УФИЦ-2,"г. Петрозаводск, проезд Строителей, д.30 б"
Исправительный центр № 1,"г. Емва, ул. Калинина, д.55 а"
УФИЦ № 3 ИК-14,"Краснодарский край, Северский район,  пгт. Ильский, улица Завода Утяжелитель, 45"
УФИЦ № 1 ИК-2,"Калмыкия, Целинный район, с. Троицкое, Северная промзона"
УФИЦ № 2 ИК-2,"г. Элиста, ул. Ленина, д. 329"
Исправительный центр № 1,"г. Майкоп, ул. Кожевенная,11"
УФИЦ № 5 ИК-14,"Краснодарский край, Славянский район, пос. Вишневый, ул. Парковая д. 1"
УФИЦ ИК-6,"Краснодарский край, Выселковский район,  ст. Новомалороссийская, ул. Степная, д. 2"
УФИЦ № 1 ИК-14,"г. Славянск-на Кубани, ул. Донская 3 «а»"
УФИЦ № 3 ИК-2,"г.Элиста, Северная промышленная зона-2, д.172"
Исправительный центр № 1,"г. Волгоград, ул.им. Землячки, 14"
УФИЦ №2 ИК-4,"Краснодарский край, Успенский район, п. Мичуринский, ул. Садовая, 22"
УФИЦ №1 ИК-4,"г. Армавир, ул. Володарского 1а"
Исправительный центр № 2,"г. Волгоград, ул.им. Бахтурова, 6"
УФИЦ ИК-2,"Краснодарский край, Усть-Лабинский район, ст. Воронежская, ул. Крайняя 1"
УФИЦ №1 ИК-1,"г. Симферополь, пер. Элеваторный, 5"
УФИЦ № 2 ИК-14,"г. Краснодар, Восточная промышленная зона, ул. Тихорецкая, 20/1"
УФИЦ №4 ИК-14,"г. Краснодар, Западный обход, 2-ое отделение АФ «Солнечная», 7/4"
УФИЦ № 2 ИК-1,"Крым и Севастополь, пгт. Красногвардейское, ул. Строителей, д. 13"
СИЗО-2 Симферополь,"г. Симферополь, пер. Элеваторный, 4"
УФИЦ № 3 ИК-1,"Крым и Севастополь, Джанкойский район, с. Яркое, ул. Ленина, д. 12"
УФИЦ № 1 ИК-9,"г. Старая Русса, ул. Клубная д. 3"
УФИЦ № 2 ИК-9,"Новгородская область, п. Парфино, ул. Кирова д. 52/71"
УФИЦ №3 ИК-9,"Новгородская область, п. Крестцы ул. Краснова д. 2"
Исправительный центр № 2,"г. Петрозаводск, ул.Жуковского, д.32 б"
УФИЦ ИК-25,"г. Сыктывкар, ул. 1-промышленная, д. 15"
УФИЦ-2,"г. Петрозаводск, проезд Строителей, д.30 б"
Исправительный центр № 1,"г. Емва, ул. Калинина, д.55 а"
УФИЦ № 3 ИК-14,"Краснодарский край, Северский район,  пгт. Ильский, улица Завода Утяжелитель, 45"
УФИЦ № 1 ИК-2,"Калмыкия, Целинный район, с. Троицкое, Северная промзона"
УФИЦ № 2 ИК-2,"г. Элиста, ул. Ленина, д. 329"
Исправительный центр № 1,"г. Майкоп, ул. Кожевенная,11"
УФИЦ № 5 ИК-14,"Краснодарский край, Славянский район, пос. Вишневый, ул. Парковая д. 1"
УФИЦ ИК-6,"Краснодарский край, Выселковский район,  ст. Новомалороссийская, ул. Степная, д. 2"
УФИЦ № 1 ИК-14,"г. Славянск-на Кубани, ул. Донская 3 «а»"
УФИЦ № 3 ИК-2,"г.Элиста, Северная промышленная зона-2, д.172"
Исправительный центр № 1,"г. Волгоград, ул.им. Землячки, 14"
УФИЦ №2 ИК-4,"Краснодарский край, Успенский район, п. Мичуринский, ул. Садовая, 22"
УФИЦ №1 ИК-4,"г. Армавир, ул. Володарского 1а"
Исправительный центр № 2,"г. Волгоград, ул.им. Бахтурова, 6"
УФИЦ ИК-2,"Краснодарский край, Усть-Лабинский район, ст. Воронежская, ул. Крайняя 1"
УФИЦ №1 ИК-1,"г. Симферополь, пер. Элеваторный, 5"
УФИЦ № 2 ИК-14,"г. Краснодар, Восточная промышленная зона, ул. Тихорецкая, 20/1"
УФИЦ №4 ИК-14,"г. Краснодар, Западный обход, 2-ое отделение АФ «Солнечная», 7/4"
УФИЦ № 2 ИК-1,"Крым и Севастополь, пгт. Красногвардейское, ул. Строителей, д. 13"
СИЗО-2 Симферополь,"г. Симферополь, пер. Элеваторный, 4"
УФИЦ № 3 ИК-1,"Крым и Севастополь, Джанкойский район, с. Яркое, ул. Ленина, д. 12"
УФИЦ № 1 ИК-9,"г. Старая Русса, ул. Клубная д. 3"
УФИЦ № 2 ИК-9,"Новгородская область, п. Парфино, ул. Кирова д. 52/71"
УФИЦ №3 ИК-9,"Новгородская область, п. Крестцы ул. Краснова д. 2"
Исправительный центр № 2,"г. Петрозаводск, ул.Жуковского, д.32 б"
УФИЦ ИК-25,"г. Сыктывкар, ул. 1-промышленная, д. 15"
УФИЦ-2,"г. Петрозаводск, проезд Строителей, д.30 б"
Исправительный центр № 1,"г. Емва, ул. Калинина, д.55 а"
УФИЦ № 3 ИК-14,"Краснодарский край, Северский район,  пгт. Ильский, улица Завода Утяжелитель, 45"
УФИЦ № 1 ИК-2,"Калмыкия, Целинный район, с. Троицкое, Северная промзона"
УФИЦ № 2 ИК-2,"г. Элиста, ул. Ленина, д. 329"
Исправительный центр № 1,"г. Майкоп, ул. Кожевенная,11"
УФИЦ № 5 ИК-14,"Краснодарский край, Славянский район, пос. Вишневый, ул. Парковая д. 1"
УФИЦ ИК-6,"Краснодарский край, Выселковский район,  ст. Новомалороссийская, ул. Степная, д. 2"
УФИЦ № 1 ИК-14,"г. Славянск-на Кубани, ул. Донская 3 «а»"
УФИЦ № 3 ИК-2,"г.Элиста, Северная промышленная зона-2, д.172"
Исправительный центр № 1,"г. Волгоград, ул.им. Землячки, 14"
УФИЦ №2 ИК-4,"Краснодарский край, Успенский район, п. Мичуринский, ул. Садовая, 22"
УФИЦ №1 ИК-4,"г. Армавир, ул. Володарского 1а"
Исправительный центр № 2,"г. Волгоград, ул.им. Бахтурова, 6"
УФИЦ ИК-2,"Краснодарский край, Усть-Лабинский район, ст. Воронежская, ул. Крайняя 1"
УФИЦ №1 ИК-1,"г. Симферополь, пер. Элеваторный, 5"
УФИЦ № 2 ИК-14,"г. Краснодар, Восточная промышленная зона, ул. Тихорецкая, 20/1"
УФИЦ №4 ИК-14,"г. Краснодар, Западный обход, 2-ое отделение АФ «Солнечная», 7/4"
УФИЦ № 2 ИК-1,"Крым и Севастополь, пгт. Красногвардейское, ул. Строителей, д. 13"
СИЗО-2 Симферополь,"г. Симферополь, пер. Элеваторный, 4"
УФИЦ № 3 ИК-1,"Крым и Севастополь, Джанкойский район, с. Яркое, ул. Ленина, д. 12"
УФИЦ № 1 ИК-9,"г. Старая Русса, ул. Клубная д. 3"
УФИЦ № 2 ИК-9,"Новгородская область, п. Парфино, ул. Кирова д. 52/71"
УФИЦ №3 ИК-9,"Новгородская область, п. Крестцы ул. Краснова д. 2"
Исправительный центр № 2,"г. Петрозаводск, ул.Жуковского, д.32 б"
УФИЦ ИК-25,"г. Сыктывкар, ул. 1-промышленная, д. 15"
УФИЦ-2,"г. Петрозаводск, проезд Строителей, д.30 б"
Исправительный центр № 1,"г. Емва, ул. Калинина, д.55 а"
УФИЦ № 3 ИК-14,"Краснодарский край, Северский район,  пгт. Ильский, улица Завода Утяжелитель, 45"
УФИЦ № 1 ИК-2,"Калмыкия, Целинный район, с. Троицкое, Северная промзона"
УФИЦ № 2 ИК-2,"г. Элиста, ул. Ленина, д. 329"
Исправительный центр № 1,"г. Майкоп, ул. Кожевенная,11"
УФИЦ № 5 ИК-14,"Краснодарский край, Славянский район, пос. Вишневый, ул. Парковая д. 1"
УФИЦ ИК-6,"Краснодарский край, Выселковский район,  ст. Новомалороссийская, ул. Степная, д. 2"
УФИЦ № 1 ИК-14,"г. Славянск-на Кубани, ул. Донская 3 «а»"
УФИЦ № 3 ИК-2,"г.Элиста, Северная промышленная зона-2, д.172"
Исправительный центр № 1,"г. Волгоград, ул.им. Землячки, 14"
УФИЦ №2 ИК-4,"Краснодарский край, Успенский район, п. Мичуринский, ул. Садовая, 22"
УФИЦ №1 ИК-4,"г. Армавир, ул. Володарского 1а"
Исправительный центр № 2,"г. Волгоград, ул.им. Бахтурова, 6"
УФИЦ ИК-2,"Краснодарский край, Усть-Лабинский район, ст. Воронежская, ул. Крайняя 1"
УФИЦ №1 ИК-1,"г. Симферополь, пер. Элеваторный, 5"
УФИЦ № 2 ИК-14,"г. Краснодар, Восточная промышленная зона, ул. Тихорецкая, 20/1"
УФИЦ №4 ИК-14,"г. Краснодар, Западный обход, 2-ое отделение АФ «Солнечная», 7/4"
УФИЦ № 2 ИК-1,"Крым и Севастополь, пгт. Красногвардейское, ул. Строителей, д. 13"
СИЗО-2 Симферополь,"г. Симферополь, пер. Элеваторный, 4"
УФИЦ № 3 ИК-1,"Крым и Севастополь, Джанкойский район, с. Яркое, ул. Ленина, д. 12"
УФИЦ № 1 ИК-9,"г. Старая Русса, ул. Клубная д. 3"
УФИЦ № 2 ИК-9,"Новгородская область, п. Парфино, ул. Кирова д. 52/71"
УФИЦ №3 ИК-9,"Новгородская область, п. Крестцы ул. Краснова д. 2"
Исправительный центр № 2,"г. Петрозаводск, ул.Жуковского, д.32 б"
УФИЦ ИК-25,"г. Сыктывкар, ул. 1-промышленная, д. 15"
УФИЦ-2,"г. Петрозаводск, проезд Строителей, д.30 б"
Исправительный центр № 1,"г. Емва, ул. Калинина, д.55 а"
УФИЦ № 3 ИК-14,"Краснодарский край, Северский район,  пгт. Ильский, улица Завода Утяжелитель, 45"
УФИЦ № 1 ИК-2,"Калмыкия, Целинный район, с. Троицкое, Северная промзона"
УФИЦ № 2 ИК-2,"г. Элиста, ул. Ленина, д. 329"
Исправительный центр № 1,"г. Майкоп, ул. Кожевенная,11"
УФИЦ № 5 ИК-14,"Краснодарский край, Славянский район, пос. Вишневый, ул. Парковая д. 1"
УФИЦ ИК-6,"Краснодарский край, Выселковский район,  ст. Новомалороссийская, ул. Степная, д. 2"
УФИЦ № 1 ИК-14,"г. Славянск-на Кубани, ул. Донская 3 «а»"
УФИЦ № 3 ИК-2,"г.Элиста, Северная промышленная зона-2, д.172"
Исправительный центр № 1,"г. Волгоград, ул.им. Землячки, 14"
УФИЦ №2 ИК-4,"Краснодарский край, Успенский район, п. Мичуринский, ул. Садовая, 22"
УФИЦ №1 ИК-4,"г. Армавир, ул. Володарского 1а"
Исправительный центр № 2,"г. Волгоград, ул.им. Бахтурова, 6"
УФИЦ ИК-2,"Краснодарский край, Усть-Лабинский район, ст. Воронежская, ул. Крайняя 1"
УФИЦ №1 ИК-1,"г. Симферополь, пер. Элеваторный, 5"
УФИЦ № 2 ИК-14,"г. Краснодар, Восточная промышленная зона, ул. Тихорецкая, 20/1"
УФИЦ №4 ИК-14,"г. Краснодар, Западный обход, 2-ое отделение АФ «Солнечная», 7/4"
УФИЦ № 2 ИК-1,"Крым и Севастополь, пгт. Красногвардейское, ул. Строителей, д. 13"
СИЗО-2 Симферополь,"г. Симферополь, пер. Элеваторный, 4"
УФИЦ № 3 ИК-1,"Крым и Севастополь, Джанкойский район, с. Яркое, ул. Ленина, д. 12"
УФИЦ № 1 ИК-9,"г. Старая Русса, ул. Клубная д. 3"
УФИЦ № 2 ИК-9,"Новгородская область, п. Парфино, ул. Кирова д. 52/71"
УФИЦ №3 ИК-9,"Новгородская область, п. Крестцы ул. Краснова д. 2"
Исправительный центр № 2,"г. Петрозаводск, ул.Жуковского, д.32 б"
УФИЦ ИК-25,"г. Сыктывкар, ул. 1-промышленная, д. 15"
УФИЦ-2,"г. Петрозаводск, проезд Строителей, д.30 б"
Исправительный центр № 1,"г. Емва, ул. Калинина, д.55 а"
УФИЦ № 3 ИК-14,"Краснодарский край, Северский район,  пгт. Ильский, улица Завода Утяжелитель, 45"
УФИЦ № 1 ИК-2,"Калмыкия, Целинный район, с. Троицкое, Северная промзона"
УФИЦ № 2 ИК-2,"г. Элиста, ул. Ленина, д. 329"
Исправительный центр № 1,"г. Майкоп, ул. Кожевенная,11"
УФИЦ № 5 ИК-14,"Краснодарский край, Славянский район, пос. Вишневый, ул. Парковая д. 1"
УФИЦ ИК-6,"Краснодарский край, Выселковский район,  ст. Новомалороссийская, ул. Степная, д. 2"
УФИЦ № 1 ИК-14,"г. Славянск-на Кубани, ул. Донская 3 «а»"
УФИЦ № 3 ИК-2,"г.Элиста, Северная промышленная зона-2, д.172"
Исправительный центр № 1,"г. Волгоград, ул.им. Землячки, 14"
УФИЦ №2 ИК-4,"Краснодарский край, Успенский район, п. Мичуринский, ул. Садовая, 22"
УФИЦ №1 ИК-4,"г. Армавир, ул. Володарского 1а"
Исправительный центр № 2,"г. Волгоград, ул.им. Бахтурова, 6"
УФИЦ ИК-2,"Краснодарский край, Усть-Лабинский район, ст. Воронежская, ул. Крайняя 1"
УФИЦ №1 ИК-1,"г. Симферополь, пер. Элеваторный, 5"
УФИЦ № 2 ИК-14,"г. Краснодар, Восточная промышленная зона, ул. Тихорецкая, 20/1"
УФИЦ №4 ИК-14,"г. Краснодар, Западный обход, 2-ое отделение АФ «Солнечная», 7/4"
УФИЦ № 2 ИК-1,"Крым и Севастополь, пгт. Красногвардейское, ул. Строителей, д. 13"
СИЗО-2 Симферополь,"г. Симферополь, пер. Элеваторный, 4"
УФИЦ № 3 ИК-1,"Крым и Севастополь, Джанкойский район, с. Яркое, ул. Ленина, д. 12"
УФИЦ № 1 ИК-9,"г. Старая Русса, ул. Клубная д. 3"
УФИЦ № 2 ИК-9,"Новгородская область, п. Парфино, ул. Кирова д. 52/71"
УФИЦ №3 ИК-9,"Новгородская область, п. Крестцы ул. Краснова д. 2"
Исправительный центр № 2,"г. Петрозаводск, ул.Жуковского, д.32 б"
УФИЦ ИК-25,"г. Сыктывкар, ул. 1-промышленная, д. 15"
УФИЦ-2,"г. Петрозаводск, проезд Строителей, д.30 б"
Исправительный центр № 1,"г. Емва, ул. Калинина, д.55 а"
УФИЦ № 3 ИК-14,"Краснодарский край, Северский район,  пгт. Ильский, улица Завода Утяжелитель, 45"
УФИЦ № 1 ИК-2,"Калмыкия, Целинный район, с. Троицкое, Северная промзона"
УФИЦ № 2 ИК-2,"г. Элиста, ул. Ленина, д. 329"
Исправительный центр № 1,"г. Майкоп, ул. Кожевенная,11"
УФИЦ № 5 ИК-14,"Краснодарский край, Славянский район, пос. Вишневый, ул. Парковая д. 1"
УФИЦ ИК-6,"Краснодарский край, Выселковский район,  ст. Новомалороссийская, ул. Степная, д. 2"
УФИЦ № 1 ИК-14,"г. Славянск-на Кубани, ул. Донская 3 «а»"
УФИЦ № 3 ИК-2,"г.Элиста, Северная промышленная зона-2, д.172"
Исправительный центр № 1,"г. Волгоград, ул.им. Землячки, 14"
УФИЦ №2 ИК-4,"Краснодарский край, Успенский район, п. Мичуринский, ул. Садовая, 22"
УФИЦ №1 ИК-4,"г. Армавир, ул. Володарского 1а"
Исправительный центр № 2,"г. Волгоград, ул.им. Бахтурова, 6"
УФИЦ ИК-2,"Краснодарский край, Усть-Лабинский район, ст. Воронежская, ул. Крайняя 1"
УФИЦ №1 ИК-1,"г. Симферополь, пер. Элеваторный, 5"
УФИЦ № 2 ИК-14,"г. Краснодар, Восточная промышленная зона, ул. Тихорецкая, 20/1"
УФИЦ №4 ИК-14,"г. Краснодар, Западный обход, 2-ое отделение АФ «Солнечная», 7/4"
УФИЦ № 2 ИК-1,"Крым и Севастополь, пгт. Красногвардейское, ул. Строителей, д. 13"
СИЗО-2 Симферополь,"г. Симферополь, пер. Элеваторный, 4"
УФИЦ № 3 ИК-1,"Крым и Севастополь, Джанкойский район, с. Яркое, ул. Ленина, д. 12"
УФИЦ № 1 ИК-9,"г. Старая Русса, ул. Клубная д. 3"
УФИЦ № 2 ИК-9,"Новгородская область, п. Парфино, ул. Кирова д. 52/71"
УФИЦ №3 ИК-9,"Новгородская область, п. Крестцы ул. Краснова д. 2"
Исправительный центр № 2,"г. Петрозаводск, ул.Жуковского, д.32 б"
УФИЦ ИК-25,"г. Сыктывкар, ул. 1-промышленная, д. 15"
УФИЦ-2,"г. Петрозаводск, проезд Строителей, д.30 б"
Исправительный центр № 1,"г. Емва, ул. Калинина, д.55 а"
УФИЦ № 3 ИК-14,"Краснодарский край, Северский район,  пгт. Ильский, улица Завода Утяжелитель, 45"
УФИЦ № 1 ИК-2,"Калмыкия, Целинный район, с. Троицкое, Северная промзона"
УФИЦ № 2 ИК-2,"г. Элиста, ул. Ленина, д. 329"
Исправительный центр № 1,"г. Майкоп, ул. Кожевенная,11"
УФИЦ № 5 ИК-14,"Краснодарский край, Славянский район, пос. Вишневый, ул. Парковая д. 1"
УФИЦ ИК-6,"Краснодарский край, Выселковский район,  ст. Новомалороссийская, ул. Степная, д. 2"
УФИЦ № 1 ИК-14,"г. Славянск-на Кубани, ул. Донская 3 «а»"
УФИЦ № 3 ИК-2,"г.Элиста, Северная промышленная зона-2, д.172"
Исправительный центр № 1,"г. Волгоград, ул.им. Землячки, 14"
УФИЦ №2 ИК-4,"Краснодарский край, Успенский район, п. Мичуринский, ул. Садовая, 22"
УФИЦ №1 ИК-4,"г. Армавир, ул. Володарского 1а"
Исправительный центр № 2,"г. Волгоград, ул.им. Бахтурова, 6"
УФИЦ ИК-2,"Краснодарский край, Усть-Лабинский район, ст. Воронежская, ул. Крайняя 1"
УФИЦ №1 ИК-1,"г. Симферополь, пер. Элеваторный, 5"
УФИЦ № 2 ИК-14,"г. Краснодар, Восточная промышленная зона, ул. Тихорецкая, 20/1"
УФИЦ №4 ИК-14,"г. Краснодар, Западный обход, 2-ое отделение АФ «Солнечная», 7/4"
УФИЦ № 2 ИК-1,"Крым и Севастополь, пгт. Красногвардейское, ул. Строителей, д. 13"
СИЗО-2 Симферополь,"г. Симферополь, пер. Элеваторный, 4"
УФИЦ № 3 ИК-1,"Крым и Севастополь, Джанкойский район, с. Яркое, ул. Ленина, д. 12"
УФИЦ № 1 ИК-9,"г. Старая Русса, ул. Клубная д. 3"
УФИЦ № 2 ИК-9,"Новгородская область, п. Парфино, ул. Кирова д. 52/71"
УФИЦ №3 ИК-9,"Новгородская область, п. Крестцы ул. Краснова д. 2"
Исправительный центр № 2,"г. Петрозаводск, ул.Жуковского, д.32 б"
УФИЦ ИК-25,"г. Сыктывкар, ул. 1-промышленная, д. 15"
УФИЦ-2,"г. Петрозаводск, проезд Строителей, д.30 б"
Исправительный центр № 1,"г. Емва, ул. Калинина, д.55 а"
УФИЦ № 3 ИК-14,"Краснодарский край, Северский район,  пгт. Ильский, улица Завода Утяжелитель, 45"
УФИЦ № 1 ИК-2,"Калмыкия, Целинный район, с. Троицкое, Северная промзона"
УФИЦ № 2 ИК-2,"г. Элиста, ул. Ленина, д. 329"
Исправительный центр № 1,"г. Майкоп, ул. Кожевенная,11"
УФИЦ № 5 ИК-14,"Краснодарский край, Славянский район, пос. Вишневый, ул. Парковая д. 1"
УФИЦ ИК-6,"Краснодарский край, Выселковский район,  ст. Новомалороссийская, ул. Степная, д. 2"
УФИЦ № 1 ИК-14,"г. Славянск-на Кубани, ул. Донская 3 «а»"
УФИЦ № 3 ИК-2,"г.Элиста, Северная промышленная зона-2, д.172"
Исправительный центр № 1,"г. Волгоград, ул.им. Землячки, 14"
УФИЦ №2 ИК-4,"Краснодарский край, Успенский район, п. Мичуринский, ул. Садовая, 22"
УФИЦ №1 ИК-4,"г. Армавир, ул. Володарского 1а"
Исправительный центр № 2,"г. Волгоград, ул.им. Бахтурова, 6"
УФИЦ ИК-2,"Краснодарский край, Усть-Лабинский район, ст. Воронежская, ул. Крайняя 1"
УФИЦ №1 ИК-1,"г. Симферополь, пер. Элеваторный, 5"
УФИЦ № 2 ИК-14,"г. Краснодар, Восточная промышленная зона, ул. Тихорецкая, 20/1"
УФИЦ №4 ИК-14,"г. Краснодар, Западный обход, 2-ое отделение АФ «Солнечная», 7/4"
УФИЦ № 2 ИК-1,"Крым и Севастополь, пгт. Красногвардейское, ул. Строителей, д. 13"
СИЗО-2 Симферополь,"г. Симферополь, пер. Элеваторный, 4"
УФИЦ № 3 ИК-1,"Крым и Севастополь, Джанкойский район, с. Яркое, ул. Ленина, д. 12"
УФИЦ № 1 ИК-9,"г. Старая Русса, ул. Клубная д. 3"
УФИЦ № 2 ИК-9,"Новгородская область, п. Парфино, ул. Кирова д. 52/71"
УФИЦ №3 ИК-9,"Новгородская область, п. Крестцы ул. Краснова д. 2"
Исправительный центр № 2,"г. Петрозаводск, ул.Жуковского, д.32 б"
УФИЦ ИК-25,"г. Сыктывкар, ул. 1-промышленная, д. 15"
УФИЦ-2,"г. Петрозаводск, проезд Строителей, д.30 б"
Исправительный центр № 1,"г. Емва, ул. Калинина, д.55 а"
УФИЦ № 3 ИК-14,"Краснодарский край, Северский район,  пгт. Ильский, улица Завода Утяжелитель, 45"
УФИЦ № 1 ИК-2,"Калмыкия, Целинный район, с. Троицкое, Северная промзона"
УФИЦ № 2 ИК-2,"г. Элиста, ул. Ленина, д. 329"
Исправительный центр № 1,"г. Майкоп, ул. Кожевенная,11"
УФИЦ № 5 ИК-14,"Краснодарский край, Славянский район, пос. Вишневый, ул. Парковая д. 1"
УФИЦ ИК-6,"Краснодарский край, Выселковский район,  ст. Новомалороссийская, ул. Степная, д. 2"
УФИЦ № 1 ИК-14,"г. Славянск-на Кубани, ул. Донская 3 «а»"
УФИЦ № 3 ИК-2,"г.Элиста, Северная промышленная зона-2, д.172"
Исправительный центр № 1,"г. Волгоград, ул.им. Землячки, 14"
УФИЦ №2 ИК-4,"Краснодарский край, Успенский район, п. Мичуринский, ул. Садовая, 22"
УФИЦ №1 ИК-4,"г. Армавир, ул. Володарского 1а"
Исправительный центр № 2,"г. Волгоград, ул.им. Бахтурова, 6"
УФИЦ ИК-2,"Краснодарский край, Усть-Лабинский район, ст. Воронежская, ул. Крайняя 1"
УФИЦ №1 ИК-1,"г. Симферополь, пер. Элеваторный, 5"
УФИЦ № 2 ИК-14,"г. Краснодар, Восточная промышленная зона, ул. Тихорецкая, 20/1"
УФИЦ №4 ИК-14,"г. Краснодар, Западный обход, 2-ое отделение АФ «Солнечная», 7/4"
УФИЦ № 2 ИК-1,"Крым и Севастополь, пгт. Красногвардейское, ул. Строителей, д. 13"
СИЗО-2 Симферополь,"г. Симферополь, пер. Элеваторный, 4"
УФИЦ № 3 ИК-1,"Крым и Севастополь, Джанкойский район, с. Яркое, ул. Ленина, д. 12"
УФИЦ № 1 ИК-9,"г. Старая Русса, ул. Клубная д. 3"
УФИЦ № 2 ИК-9,"Новгородская область, п. Парфино, ул. Кирова д. 52/71"
УФИЦ №3 ИК-9,"Новгородская область, п. Крестцы ул. Краснова д. 2"
Исправительный центр № 2,"г. Петрозаводск, ул.Жуковского, д.32 б"
УФИЦ ИК-25,"г. Сыктывкар, ул. 1-промышленная, д. 15"
УФИЦ-2,"г. Петрозаводск, проезд Строителей, д.30 б"
Исправительный центр № 1,"г. Емва, ул. Калинина, д.55 а"
УФИЦ № 3 ИК-14,"Краснодарский край, Северский район,  пгт. Ильский, улица Завода Утяжелитель, 45"
УФИЦ № 1 ИК-2,"Калмыкия, Целинный район, с. Троицкое, Северная промзона"
УФИЦ № 2 ИК-2,"г. Элиста, ул. Ленина, д. 329"
Исправительный центр № 1,"г. Майкоп, ул. Кожевенная,11"
УФИЦ № 5 ИК-14,"Краснодарский край, Славянский район, пос. Вишневый, ул. Парковая д. 1"
УФИЦ ИК-6,"Краснодарский край, Выселковский район,  ст. Новомалороссийская, ул. Степная, д. 2"
УФИЦ № 1 ИК-14,"г. Славянск-на Кубани, ул. Донская 3 «а»"
УФИЦ № 3 ИК-2,"г.Элиста, Северная промышленная зона-2, д.172"
Исправительный центр № 1,"г. Волгоград, ул.им. Землячки, 14"
УФИЦ №2 ИК-4,"Краснодарский край, Успенский район, п. Мичуринский, ул. Садовая, 22"
УФИЦ №1 ИК-4,"г. Армавир, ул. Володарского 1а"
Исправительный центр № 2,"г. Волгоград, ул.им. Бахтурова, 6"
УФИЦ ИК-2,"Краснодарский край, Усть-Лабинский район, ст. Воронежская, ул. Крайняя 1"
УФИЦ №1 ИК-1,"г. Симферополь, пер. Элеваторный, 5"
УФИЦ № 2 ИК-14,"г. Краснодар, Восточная промышленная зона, ул. Тихорецкая, 20/1"
УФИЦ №4 ИК-14,"г. Краснодар, Западный обход, 2-ое отделение АФ «Солнечная», 7/4"
УФИЦ № 2 ИК-1,"Крым и Севастополь, пгт. Красногвардейское, ул. Строителей, д. 13"
СИЗО-2 Симферополь,"г. Симферополь, пер. Элеваторный, 4"
УФИЦ № 3 ИК-1,"Крым и Севастополь, Джанкойский район, с. Яркое, ул. Ленина, д. 12"
УФИЦ № 1 ИК-9,"г. Старая Русса, ул. Клубная д. 3"
УФИЦ № 2 ИК-9,"Новгородская область, п. Парфино, ул. Кирова д. 52/71"
УФИЦ №3 ИК-9,"Новгородская область, п. Крестцы ул. Краснова д. 2"
Исправительный центр № 2,"г. Петрозаводск, ул.Жуковского, д.32 б"
УФИЦ ИК-25,"г. Сыктывкар, ул. 1-промышленная, д. 15"
УФИЦ-2,"г. Петрозаводск, проезд Строителей, д.30 б"
Исправительный центр № 1,"г. Емва, ул. Калинина, д.55 а"
УФИЦ № 3 ИК-14,"Краснодарский край, Северский район,  пгт. Ильский, улица Завода Утяжелитель, 45"
УФИЦ № 1 ИК-2,"Калмыкия, Целинный район, с. Троицкое, Северная промзона"
УФИЦ № 2 ИК-2,"г. Элиста, ул. Ленина, д. 329"
Исправительный центр № 1,"г. Майкоп, ул. Кожевенная,11"
УФИЦ № 5 ИК-14,"Краснодарский край, Славянский район, пос. Вишневый, ул. Парковая д. 1"
УФИЦ ИК-6,"Краснодарский край, Выселковский район,  ст. Новомалороссийская, ул. Степная, д. 2"
УФИЦ № 1 ИК-14,"г. Славянск-на Кубани, ул. Донская 3 «а»"
УФИЦ № 3 ИК-2,"г.Элиста, Северная промышленная зона-2, д.172"
Исправительный центр № 1,"г. Волгоград, ул.им. Землячки, 14"
УФИЦ №2 ИК-4,"Краснодарский край, Успенский район, п. Мичуринский, ул. Садовая, 22"
УФИЦ №1 ИК-4,"г. Армавир, ул. Володарского 1а"
Исправительный центр № 2,"г. Волгоград, ул.им. Бахтурова, 6"
УФИЦ ИК-2,"Краснодарский край, Усть-Лабинский район, ст. Воронежская, ул. Крайняя 1"
УФИЦ №1 ИК-1,"г. Симферополь, пер. Элеваторный, 5"
УФИЦ № 2 ИК-14,"г. Краснодар, Восточная промышленная зона, ул. Тихорецкая, 20/1"
УФИЦ №4 ИК-14,"г. Краснодар, Западный обход, 2-ое отделение АФ «Солнечная», 7/4"
УФИЦ № 2 ИК-1,"Крым и Севастополь, пгт. Красногвардейское, ул. Строителей, д. 13"
СИЗО-2 Симферополь,"г. Симферополь, пер. Элеваторный, 4"
УФИЦ № 3 ИК-1,"Крым и Севастополь, Джанкойский район, с. Яркое, ул. Ленина, д. 12"
УФИЦ № 1 ИК-9,"г. Старая Русса, ул. Клубная д. 3"
УФИЦ № 2 ИК-9,"Новгородская область, п. Парфино, ул. Кирова д. 52/71"
УФИЦ №3 ИК-9,"Новгородская область, п. Крестцы ул. Краснова д. 2"
Исправительный центр № 2,"г. Петрозаводск, ул.Жуковского, д.32 б"
УФИЦ ИК-25,"г. Сыктывкар, ул. 1-промышленная, д. 15"
УФИЦ-2,"г. Петрозаводск, проезд Строителей, д.30 б"
Исправительный центр № 1,"г. Емва, ул. Калинина, д.55 а"
УФИЦ № 3 ИК-14,"Краснодарский край, Северский район,  пгт. Ильский, улица Завода Утяжелитель, 45"
УФИЦ № 1 ИК-2,"Калмыкия, Целинный район, с. Троицкое, Северная промзона"
УФИЦ № 2 ИК-2,"г. Элиста, ул. Ленина, д. 329"
Исправительный центр № 1,"г. Майкоп, ул. Кожевенная,11"
УФИЦ № 5 ИК-14,"Краснодарский край, Славянский район, пос. Вишневый, ул. Парковая д. 1"
УФИЦ ИК-6,"Краснодарский край, Выселковский район,  ст. Новомалороссийская, ул. Степная, д. 2"
УФИЦ № 1 ИК-14,"г. Славянск-на Кубани, ул. Донская 3 «а»"
УФИЦ № 3 ИК-2,"г.Элиста, Северная промышленная зона-2, д.172"
Исправительный центр № 1,"г. Волгоград, ул.им. Землячки, 14"
УФИЦ №2 ИК-4,"Краснодарский край, Успенский район, п. Мичуринский, ул. Садовая, 22"
УФИЦ №1 ИК-4,"г. Армавир, ул. Володарского 1а"
Исправительный центр № 2,"г. Волгоград, ул.им. Бахтурова, 6"
УФИЦ ИК-2,"Краснодарский край, Усть-Лабинский район, ст. Воронежская, ул. Крайняя 1"
УФИЦ №1 ИК-1,"г. Симферополь, пер. Элеваторный, 5"
УФИЦ № 2 ИК-14,"г. Краснодар, Восточная промышленная зона, ул. Тихорецкая, 20/1"
УФИЦ №4 ИК-14,"г. Краснодар, Западный обход, 2-ое отделение АФ «Солнечная», 7/4"
УФИЦ № 2 ИК-1,"Крым и Севастополь, пгт. Красногвардейское, ул. Строителей, д. 13"
СИЗО-2 Симферополь,"г. Симферополь, пер. Элеваторный, 4"
УФИЦ № 3 ИК-1,"Крым и Севастополь, Джанкойский район, с. Яркое, ул. Ленина, д. 12"
УФИЦ № 1 ИК-9,"г. Старая Русса, ул. Клубная д. 3"
УФИЦ № 2 ИК-9,"Новгородская область, п. Парфино, ул. Кирова д. 52/71"
УФИЦ №3 ИК-9,"Новгородская область, п. Крестцы ул. Краснова д. 2"
Исправительный центр № 2,"г. Петрозаводск, ул.Жуковского, д.32 б"
УФИЦ ИК-25,"г. Сыктывкар, ул. 1-промышленная, д. 15"
УФИЦ-2,"г. Петрозаводск, проезд Строителей, д.30 б"
Исправительный центр № 1,"г. Емва, ул. Калинина, д.55 а"
УФИЦ № 3 ИК-14,"Краснодарский край, Северский район,  пгт. Ильский, улица Завода Утяжелитель, 45"
УФИЦ № 1 ИК-2,"Калмыкия, Целинный район, с. Троицкое, Северная промзона"
УФИЦ № 2 ИК-2,"г. Элиста, ул. Ленина, д. 329"
Исправительный центр № 1,"г. Майкоп, ул. Кожевенная,11"
УФИЦ № 5 ИК-14,"Краснодарский край, Славянский район, пос. Вишневый, ул. Парковая д. 1"
УФИЦ ИК-6,"Краснодарский край, Выселковский район,  ст. Новомалороссийская, ул. Степная, д. 2"
УФИЦ № 1 ИК-14,"г. Славянск-на Кубани, ул. Донская 3 «а»"
УФИЦ № 3 ИК-2,"г.Элиста, Северная промышленная зона-2, д.172"
Исправительный центр № 1,"г. Волгоград, ул.им. Землячки, 14"
УФИЦ №2 ИК-4,"Краснодарский край, Успенский район, п. Мичуринский, ул. Садовая, 22"
УФИЦ №1 ИК-4,"г. Армавир, ул. Володарского 1а"
Исправительный центр № 2,"г. Волгоград, ул.им. Бахтурова, 6"
УФИЦ ИК-2,"Краснодарский край, Усть-Лабинский район, ст. Воронежская, ул. Крайняя 1"
УФИЦ №1 ИК-1,"г. Симферополь, пер. Элеваторный, 5"
УФИЦ № 2 ИК-14,"г. Краснодар, Восточная промышленная зона, ул. Тихорецкая, 20/1"
УФИЦ №4 ИК-14,"г. Краснодар, Западный обход, 2-ое отделение АФ «Солнечная», 7/4"
УФИЦ № 2 ИК-1,"Крым и Севастополь, пгт. Красногвардейское, ул. Строителей, д. 13"
СИЗО-2 Симферополь,"г. Симферополь, пер. Элеваторный, 4"
УФИЦ № 3 ИК-1,"Крым и Севастополь, Джанкойский район, с. Яркое, ул. Ленина, д. 12"
УФИЦ № 1 ИК-9,"г. Старая Русса, ул. Клубная д. 3"
УФИЦ № 2 ИК-9,"Новгородская область, п. Парфино, ул. Кирова д. 52/71"
УФИЦ №3 ИК-9,"Новгородская область, п. Крестцы ул. Краснова д. 2"
Исправительный центр № 2,"г. Петрозаводск, ул.Жуковского, д.32 б"
УФИЦ ИК-25,"г. Сыктывкар, ул. 1-промышленная, д. 15"
УФИЦ-2,"г. Петрозаводск, проезд Строителей, д.30 б"
Исправительный центр № 1,"г. Емва, ул. Калинина, д.55 а"
УФИЦ № 3 ИК-14,"Краснодарский край, Северский район,  пгт. Ильский, улица Завода Утяжелитель, 45"
УФИЦ № 1 ИК-2,"Калмыкия, Целинный район, с. Троицкое, Северная промзона"
УФИЦ № 2 ИК-2,"г. Элиста, ул. Ленина, д. 329"
Исправительный центр № 1,"г. Майкоп, ул. Кожевенная,11"
УФИЦ № 5 ИК-14,"Краснодарский край, Славянский район, пос. Вишневый, ул. Парковая д. 1"
УФИЦ ИК-6,"Краснодарский край, Выселковский район,  ст. Новомалороссийская, ул. Степная, д. 2"
УФИЦ № 1 ИК-14,"г. Славянск-на Кубани, ул. Донская 3 «а»"
УФИЦ № 3 ИК-2,"г.Элиста, Северная промышленная зона-2, д.172"
Исправительный центр № 1,"г. Волгоград, ул.им. Землячки, 14"
УФИЦ №2 ИК-4,"Краснодарский край, Успенский район, п. Мичуринский, ул. Садовая, 22"
УФИЦ №1 ИК-4,"г. Армавир, ул. Володарского 1а"
Исправительный центр № 2,"г. Волгоград, ул.им. Бахтурова, 6"
УФИЦ ИК-2,"Краснодарский край, Усть-Лабинский район, ст. Воронежская, ул. Крайняя 1"
УФИЦ №1 ИК-1,"г. Симферополь, пер. Элеваторный, 5"
УФИЦ № 2 ИК-14,"г. Краснодар, Восточная промышленная зона, ул. Тихорецкая, 20/1"
УФИЦ №4 ИК-14,"г. Краснодар, Западный обход, 2-ое отделение АФ «Солнечная», 7/4"
УФИЦ № 2 ИК-1,"Крым и Севастополь, пгт. Красногвардейское, ул. Строителей, д. 13"
СИЗО-2 Симферополь,"г. Симферополь, пер. Элеваторный, 4"
УФИЦ № 3 ИК-1,"Крым и Севастополь, Джанкойский район, с. Яркое, ул. Ленина, д. 12"
УФИЦ № 1 ИК-9,"г. Старая Русса, ул. Клубная д. 3"
УФИЦ № 2 ИК-9,"Новгородская область, п. Парфино, ул. Кирова д. 52/71"
УФИЦ №3 ИК-9,"Новгородская область, п. Крестцы ул. Краснова д. 2"
Исправительный центр № 2,"г. Петрозаводск, ул.Жуковского, д.32 б"
УФИЦ ИК-25,"г. Сыктывкар, ул. 1-промышленная, д. 15"
УФИЦ-2,"г. Петрозаводск, проезд Строителей, д.30 б"
Исправительный центр № 1,"г. Емва, ул. Калинина, д.55 а"
УФИЦ № 3 ИК-14,"Краснодарский край, Северский район,  пгт. Ильский, улица Завода Утяжелитель, 45"
УФИЦ № 1 ИК-2,"Калмыкия, Целинный район, с. Троицкое, Северная промзона"
УФИЦ № 2 ИК-2,"г. Элиста, ул. Ленина, д. 329"
Исправительный центр № 1,"г. Майкоп, ул. Кожевенная,11"
УФИЦ № 5 ИК-14,"Краснодарский край, Славянский район, пос. Вишневый, ул. Парковая д. 1"
УФИЦ ИК-6,"Краснодарский край, Выселковский район,  ст. Новомалороссийская, ул. Степная, д. 2"
УФИЦ № 1 ИК-14,"г. Славянск-на Кубани, ул. Донская 3 «а»"
УФИЦ № 3 ИК-2,"г.Элиста, Северная промышленная зона-2, д.172"
Исправительный центр № 1,"г. Волгоград, ул.им. Землячки, 14"
УФИЦ №2 ИК-4,"Краснодарский край, Успенский район, п. Мичуринский, ул. Садовая, 22"
УФИЦ №1 ИК-4,"г. Армавир, ул. Володарского 1а"
Исправительный центр № 2,"г. Волгоград, ул.им. Бахтурова, 6"
УФИЦ ИК-2,"Краснодарский край, Усть-Лабинский район, ст. Воронежская, ул. Крайняя 1"
УФИЦ №1 ИК-1,"г. Симферополь, пер. Элеваторный, 5"
УФИЦ № 2 ИК-14,"г. Краснодар, Восточная промышленная зона, ул. Тихорецкая, 20/1"
УФИЦ №4 ИК-14,"г. Краснодар, Западный обход, 2-ое отделение АФ «Солнечная», 7/4"
УФИЦ № 2 ИК-1,"Крым и Севастополь, пгт. Красногвардейское, ул. Строителей, д. 13"
СИЗО-2 Симферополь,"г. Симферополь, пер. Элеваторный, 4"
УФИЦ № 3 ИК-1,"Крым и Севастополь, Джанкойский район, с. Яркое, ул. Ленина, д. 12"
УФИЦ № 1 ИК-9,"г. Старая Русса, ул. Клубная д. 3"
УФИЦ № 2 ИК-9,"Новгородская область, п. Парфино, ул. Кирова д. 52/71"
УФИЦ №3 ИК-9,"Новгородская область, п. Крестцы ул. Краснова д. 2"
Исправительный центр № 2,"г. Петрозаводск, ул.Жуковского, д.32 б"
УФИЦ ИК-25,"г. Сыктывкар, ул. 1-промышленная, д. 15"
УФИЦ-2,"г. Петрозаводск, проезд Строителей, д.30 б"
Исправительный центр № 1,"г. Емва, ул. Калинина, д.55 а"
УФИЦ № 3 ИК-14,"Краснодарский край, Северский район,  пгт. Ильский, улица Завода Утяжелитель, 45"
УФИЦ № 1 ИК-2,"Калмыкия, Целинный район, с. Троицкое, Северная промзона"
УФИЦ № 2 ИК-2,"г. Элиста, ул. Ленина, д. 329"
Исправительный центр № 1,"г. Майкоп, ул. Кожевенная,11"
УФИЦ № 5 ИК-14,"Краснодарский край, Славянский район, пос. Вишневый, ул. Парковая д. 1"
УФИЦ ИК-6,"Краснодарский край, Выселковский район,  ст. Новомалороссийская, ул. Степная, д. 2"
УФИЦ № 1 ИК-14,"г. Славянск-на Кубани, ул. Донская 3 «а»"
УФИЦ № 3 ИК-2,"г.Элиста, Северная промышленная зона-2, д.172"
Исправительный центр № 1,"г. Волгоград, ул.им. Землячки, 14"
УФИЦ №2 ИК-4,"Краснодарский край, Успенский район, п. Мичуринский, ул. Садовая, 22"
УФИЦ №1 ИК-4,"г. Армавир, ул. Володарского 1а"
Исправительный центр № 2,"г. Волгоград, ул.им. Бахтурова, 6"
УФИЦ ИК-2,"Краснодарский край, Усть-Лабинский район, ст. Воронежская, ул. Крайняя 1"
УФИЦ №1 ИК-1,"г. Симферополь, пер. Элеваторный, 5"
УФИЦ № 2 ИК-14,"г. Краснодар, Восточная промышленная зона, ул. Тихорецкая, 20/1"
УФИЦ №4 ИК-14,"г. Краснодар, Западный обход, 2-ое отделение АФ «Солнечная», 7/4"
УФИЦ № 2 ИК-1,"Крым и Севастополь, пгт. Красногвардейское, ул. Строителей, д. 13"
СИЗО-2 Симферополь,"г. Симферополь, пер. Элеваторный, 4"
УФИЦ № 3 ИК-1,"Крым и Севастополь, Джанкойский район, с. Яркое, ул. Ленина, д. 12"
УФИЦ № 1 ИК-9,"г. Старая Русса, ул. Клубная д. 3"
УФИЦ № 2 ИК-9,"Новгородская область, п. Парфино, ул. Кирова д. 52/71"
УФИЦ №3 ИК-9,"Новгородская область, п. Крестцы ул. Краснова д. 2"
Исправительный центр № 2,"г. Петрозаводск, ул.Жуковского, д.32 б"
УФИЦ ИК-25,"г. Сыктывкар, ул. 1-промышленная, д. 15"
УФИЦ-2,"г. Петрозаводск, проезд Строителей, д.30 б"
Исправительный центр № 1,"г. Емва, ул. Калинина, д.55 а"
УФИЦ № 3 ИК-14,"Краснодарский край, Северский район,  пгт. Ильский, улица Завода Утяжелитель, 45"
УФИЦ № 1 ИК-2,"Калмыкия, Целинный район, с. Троицкое, Северная промзона"
УФИЦ № 2 ИК-2,"г. Элиста, ул. Ленина, д. 329"
Исправительный центр № 1,"г. Майкоп, ул. Кожевенная,11"
УФИЦ № 5 ИК-14,"Краснодарский край, Славянский район, пос. Вишневый, ул. Парковая д. 1"
УФИЦ ИК-6,"Краснодарский край, Выселковский район,  ст. Новомалороссийская, ул. Степная, д. 2"
УФИЦ № 1 ИК-14,"г. Славянск-на Кубани, ул. Донская 3 «а»"
УФИЦ № 3 ИК-2,"г.Элиста, Северная промышленная зона-2, д.172"
Исправительный центр № 1,"г. Волгоград, ул.им. Землячки, 14"
УФИЦ №2 ИК-4,"Краснодарский край, Успенский район, п. Мичуринский, ул. Садовая, 22"
УФИЦ №1 ИК-4,"г. Армавир, ул. Володарского 1а"
Исправительный центр № 2,"г. Волгоград, ул.им. Бахтурова, 6"
УФИЦ ИК-2,"Краснодарский край, Усть-Лабинский район, ст. Воронежская, ул. Крайняя 1"
УФИЦ №1 ИК-1,"г. Симферополь, пер. Элеваторный, 5"
УФИЦ № 2 ИК-14,"г. Краснодар, Восточная промышленная зона, ул. Тихорецкая, 20/1"
УФИЦ №4 ИК-14,"г. Краснодар, Западный обход, 2-ое отделение АФ «Солнечная», 7/4"
УФИЦ № 2 ИК-1,"Крым и Севастополь, пгт. Красногвардейское, ул. Строителей, д. 13"
СИЗО-2 Симферополь,"г. Симферополь, пер. Элеваторный, 4"
УФИЦ № 3 ИК-1,"Крым и Севастополь, Джанкойский район, с. Яркое, ул. Ленина, д. 12"
УФИЦ № 1 ИК-9,"г. Старая Русса, ул. Клубная д. 3"
УФИЦ № 2 ИК-9,"Новгородская область, п. Парфино, ул. Кирова д. 52/71"
УФИЦ №3 ИК-9,"Новгородская область, п. Крестцы ул. Краснова д. 2"
Исправительный центр № 2,"г. Петрозаводск, ул.Жуковского, д.32 б"
УФИЦ ИК-25,"г. Сыктывкар, ул. 1-промышленная, д. 15"
УФИЦ-2,"г. Петрозаводск, проезд Строителей, д.30 б"
Исправительный центр № 1,"г. Емва, ул. Калинина, д.55 а"
УФИЦ № 3 ИК-14,"Краснодарский край, Северский район,  пгт. Ильский, улица Завода Утяжелитель, 45"
УФИЦ № 1 ИК-2,"Калмыкия, Целинный район, с. Троицкое, Северная промзона"
УФИЦ № 2 ИК-2,"г. Элиста, ул. Ленина, д. 329"
Исправительный центр № 1,"г. Майкоп, ул. Кожевенная,11"
УФИЦ № 5 ИК-14,"Краснодарский край, Славянский район, пос. Вишневый, ул. Парковая д. 1"
УФИЦ ИК-6,"Краснодарский край, Выселковский район,  ст. Новомалороссийская, ул. Степная, д. 2"
УФИЦ № 1 ИК-14,"г. Славянск-на Кубани, ул. Донская 3 «а»"
УФИЦ № 3 ИК-2,"г.Элиста, Северная промышленная зона-2, д.172"
Исправительный центр № 1,"г. Волгоград, ул.им. Землячки, 14"
УФИЦ №2 ИК-4,"Краснодарский край, Успенский район, п. Мичуринский, ул. Садовая, 22"
УФИЦ №1 ИК-4,"г. Армавир, ул. Володарского 1а"
Исправительный центр № 2,"г. Волгоград, ул.им. Бахтурова, 6"
УФИЦ ИК-2,"Краснодарский край, Усть-Лабинский район, ст. Воронежская, ул. Крайняя 1"
УФИЦ №1 ИК-1,"г. Симферополь, пер. Элеваторный, 5"
УФИЦ № 2 ИК-14,"г. Краснодар, Восточная промышленная зона, ул. Тихорецкая, 20/1"
УФИЦ №4 ИК-14,"г. Краснодар, Западный обход, 2-ое отделение АФ «Солнечная», 7/4"
УФИЦ № 2 ИК-1,"Крым и Севастополь, пгт. Красногвардейское, ул. Строителей, д. 13"
СИЗО-2 Симферополь,"г. Симферополь, пер. Элеваторный, 4"
УФИЦ № 3 ИК-1,"Крым и Севастополь, Джанкойский район, с. Яркое, ул. Ленина, д. 12"
УФИЦ № 1 ИК-9,"г. Старая Русса, ул. Клубная д. 3"
УФИЦ № 2 ИК-9,"Новгородская область, п. Парфино, ул. Кирова д. 52/71"
УФИЦ №3 ИК-9,"Новгородская область, п. Крестцы ул. Краснова д. 2"
Исправительный центр № 2,"г. Петрозаводск, ул.Жуковского, д.32 б"
УФИЦ ИК-25,"г. Сыктывкар, ул. 1-промышленная, д. 15"
УФИЦ-2,"г. Петрозаводск, проезд Строителей, д.30 б"
Исправительный центр № 1,"г. Емва, ул. Калинина, д.55 а"
УФИЦ № 3 ИК-14,"Краснодарский край, Северский район,  пгт. Ильский, улица Завода Утяжелитель, 45"
УФИЦ № 1 ИК-2,"Калмыкия, Целинный район, с. Троицкое, Северная промзона"
УФИЦ № 2 ИК-2,"г. Элиста, ул. Ленина, д. 329"
Исправительный центр № 1,"г. Майкоп, ул. Кожевенная,11"
УФИЦ № 5 ИК-14,"Краснодарский край, Славянский район, пос. Вишневый, ул. Парковая д. 1"
УФИЦ ИК-6,"Краснодарский край, Выселковский район,  ст. Новомалороссийская, ул. Степная, д. 2"
УФИЦ № 1 ИК-14,"г. Славянск-на Кубани, ул. Донская 3 «а»"
УФИЦ № 3 ИК-2,"г.Элиста, Северная промышленная зона-2, д.172"
Исправительный центр № 1,"г. Волгоград, ул.им. Землячки, 14"
УФИЦ №2 ИК-4,"Краснодарский край, Успенский район, п. Мичуринский, ул. Садовая, 22"
УФИЦ №1 ИК-4,"г. Армавир, ул. Володарского 1а"
Исправительный центр № 2,"г. Волгоград, ул.им. Бахтурова, 6"
УФИЦ ИК-2,"Краснодарский край, Усть-Лабинский район, ст. Воронежская, ул. Крайняя 1"
УФИЦ №1 ИК-1,"г. Симферополь, пер. Элеваторный, 5"
УФИЦ № 2 ИК-14,"г. Краснодар, Восточная промышленная зона, ул. Тихорецкая, 20/1"
УФИЦ №4 ИК-14,"г. Краснодар, Западный обход, 2-ое отделение АФ «Солнечная», 7/4"
УФИЦ № 2 ИК-1,"Крым и Севастополь, пгт. Красногвардейское, ул. Строителей, д. 13"
СИЗО-2 Симферополь,"г. Симферополь, пер. Элеваторный, 4"
УФИЦ № 3 ИК-1,"Крым и Севастополь, Джанкойский район, с. Яркое, ул. Ленина, д. 12"
УФИЦ № 1 ИК-9,"г. Старая Русса, ул. Клубная д. 3"
УФИЦ № 2 ИК-9,"Новгородская область, п. Парфино, ул. Кирова д. 52/71"
УФИЦ №3 ИК-9,"Новгородская область, п. Крестцы ул. Краснова д. 2"
Исправительный центр № 2,"г. Петрозаводск, ул.Жуковского, д.32 б"
УФИЦ ИК-25,"г. Сыктывкар, ул. 1-промышленная, д. 15"
УФИЦ-2,"г. Петрозаводск, проезд Строителей, д.30 б"
Исправительный центр № 1,"г. Емва, ул. Калинина, д.55 а"
УФИЦ № 3 ИК-14,"Краснодарский край, Северский район,  пгт. Ильский, улица Завода Утяжелитель, 45"
УФИЦ № 1 ИК-2,"Калмыкия, Целинный район, с. Троицкое, Северная промзона"
УФИЦ № 2 ИК-2,"г. Элиста, ул. Ленина, д. 329"
Исправительный центр № 1,"г. Майкоп, ул. Кожевенная,11"
УФИЦ № 5 ИК-14,"Краснодарский край, Славянский район, пос. Вишневый, ул. Парковая д. 1"
УФИЦ ИК-6,"Краснодарский край, Выселковский район,  ст. Новомалороссийская, ул. Степная, д. 2"
УФИЦ № 1 ИК-14,"г. Славянск-на Кубани, ул. Донская 3 «а»"
УФИЦ № 3 ИК-2,"г.Элиста, Северная промышленная зона-2, д.172"
Исправительный центр № 1,"г. Волгоград, ул.им. Землячки, 14"
УФИЦ №2 ИК-4,"Краснодарский край, Успенский район, п. Мичуринский, ул. Садовая, 22"
УФИЦ №1 ИК-4,"г. Армавир, ул. Володарского 1а"
Исправительный центр № 2,"г. Волгоград, ул.им. Бахтурова, 6"
УФИЦ ИК-2,"Краснодарский край, Усть-Лабинский район, ст. Воронежская, ул. Крайняя 1"
УФИЦ №1 ИК-1,"г. Симферополь, пер. Элеваторный, 5"
УФИЦ № 2 ИК-14,"г. Краснодар, Восточная промышленная зона, ул. Тихорецкая, 20/1"
УФИЦ №4 ИК-14,"г. Краснодар, Западный обход, 2-ое отделение АФ «Солнечная», 7/4"
УФИЦ № 2 ИК-1,"Крым и Севастополь, пгт. Красногвардейское, ул. Строителей, д. 13"
СИЗО-2 Симферополь,"г. Симферополь, пер. Элеваторный, 4"
УФИЦ № 3 ИК-1,"Крым и Севастополь, Джанкойский район, с. Яркое, ул. Ленина, д. 12"
УФИЦ № 1 ИК-9,"г. Старая Русса, ул. Клубная д. 3"
УФИЦ № 2 ИК-9,"Новгородская область, п. Парфино, ул. Кирова д. 52/71"
УФИЦ №3 ИК-9,"Новгородская область, п. Крестцы ул. Краснова д. 2"
Исправительный центр № 2,"г. Петрозаводск, ул.Жуковского, д.32 б"
УФИЦ ИК-25,"г. Сыктывкар, ул. 1-промышленная, д. 15"
УФИЦ-2,"г. Петрозаводск, проезд Строителей, д.30 б"
Исправительный центр № 1,"г. Емва, ул. Калинина, д.55 а"
УФИЦ № 3 ИК-14,"Краснодарский край, Северский район,  пгт. Ильский, улица Завода Утяжелитель, 45"
УФИЦ № 1 ИК-2,"Калмыкия, Целинный район, с. Троицкое, Северная промзона"
УФИЦ № 2 ИК-2,"г. Элиста, ул. Ленина, д. 329"
Исправительный центр № 1,"г. Майкоп, ул. Кожевенная,11"
УФИЦ № 5 ИК-14,"Краснодарский край, Славянский район, пос. Вишневый, ул. Парковая д. 1"
УФИЦ ИК-6,"Краснодарский край, Выселковский район,  ст. Новомалороссийская, ул. Степная, д. 2"
УФИЦ № 1 ИК-14,"г. Славянск-на Кубани, ул. Донская 3 «а»"
УФИЦ № 3 ИК-2,"г.Элиста, Северная промышленная зона-2, д.172"
Исправительный центр № 1,"г. Волгоград, ул.им. Землячки, 14"
УФИЦ №2 ИК-4,"Краснодарский край, Успенский район, п. Мичуринский, ул. Садовая, 22"
УФИЦ №1 ИК-4,"г. Армавир, ул. Володарского 1а"
Исправительный центр № 2,"г. Волгоград, ул.им. Бахтурова, 6"
УФИЦ ИК-2,"Краснодарский край, Усть-Лабинский район, ст. Воронежская, ул. Крайняя 1"
УФИЦ №1 ИК-1,"г. Симферополь, пер. Элеваторный, 5"
УФИЦ № 2 ИК-14,"г. Краснодар, Восточная промышленная зона, ул. Тихорецкая, 20/1"
УФИЦ №4 ИК-14,"г. Краснодар, Западный обход, 2-ое отделение АФ «Солнечная», 7/4"
УФИЦ № 2 ИК-1,"Крым и Севастополь, пгт. Красногвардейское, ул. Строителей, д. 13"
СИЗО-2 Симферополь,"г. Симферополь, пер. Элеваторный, 4"
УФИЦ № 3 ИК-1,"Крым и Севастополь, Джанкойский район, с. Яркое, ул. Ленина, д. 12"
УФИЦ № 1 ИК-9,"г. Старая Русса, ул. Клубная д. 3"
УФИЦ № 2 ИК-9,"Новгородская область, п. Парфино, ул. Кирова д. 52/71"
УФИЦ №3 ИК-9,"Новгородская область, п. Крестцы ул. Краснова д. 2"
Исправительный центр № 2,"г. Петрозаводск, ул.Жуковского, д.32 б"
УФИЦ ИК-25,"г. Сыктывкар, ул. 1-промышленная, д. 15"
УФИЦ-2,"г. Петрозаводск, проезд Строителей, д.30 б"
Исправительный центр № 1,"г. Емва, ул. Калинина, д.55 а"
УФИЦ № 3 ИК-14,"Краснодарский край, Северский район,  пгт. Ильский, улица Завода Утяжелитель, 45"
УФИЦ № 1 ИК-2,"Калмыкия, Целинный район, с. Троицкое, Северная промзона"
УФИЦ № 2 ИК-2,"г. Элиста, ул. Ленина, д. 329"
Исправительный центр № 1,"г. Майкоп, ул. Кожевенная,11"
УФИЦ № 5 ИК-14,"Краснодарский край, Славянский район, пос. Вишневый, ул. Парковая д. 1"
УФИЦ ИК-6,"Краснодарский край, Выселковский район,  ст. Новомалороссийская, ул. Степная, д. 2"
УФИЦ № 1 ИК-14,"г. Славянск-на Кубани, ул. Донская 3 «а»"
УФИЦ № 3 ИК-2,"г.Элиста, Северная промышленная зона-2, д.172"
Исправительный центр № 1,"г. Волгоград, ул.им. Землячки, 14"
УФИЦ №2 ИК-4,"Краснодарский край, Успенский район, п. Мичуринский, ул. Садовая, 22"
УФИЦ №1 ИК-4,"г. Армавир, ул. Володарского 1а"
Исправительный центр № 2,"г. Волгоград, ул.им. Бахтурова, 6"
УФИЦ ИК-2,"Краснодарский край, Усть-Лабинский район, ст. Воронежская, ул. Крайняя 1"
УФИЦ №1 ИК-1,"г. Симферополь, пер. Элеваторный, 5"
УФИЦ № 2 ИК-14,"г. Краснодар, Восточная промышленная зона, ул. Тихорецкая, 20/1"
УФИЦ №4 ИК-14,"г. Краснодар, Западный обход, 2-ое отделение АФ «Солнечная», 7/4"
УФИЦ № 2 ИК-1,"Крым и Севастополь, пгт. Красногвардейское, ул. Строителей, д. 13"
СИЗО-2 Симферополь,"г. Симферополь, пер. Элеваторный, 4"
УФИЦ № 3 ИК-1,"Крым и Севастополь, Джанкойский район, с. Яркое, ул. Ленина, д. 12"
